name,type,required,default,example,enum,description,path,interface_id,is_pagination_param,is_time_param,business_key_type
length,int,否,20,20,,分页长度，默认20，上限200,length,LX-001128D990D5,是,否,
levels,array,否,,"[1,2,3,4]",,竞品等级： 1 A 2 B 3 C 4 D,levels,LX-001128D990D5,否,否,
offset,int,否,0,0,,分页偏移量，默认0,offset,LX-001128D990D5,是,否,
search_field,string,否,,asin,,搜索字段：asin ASIN,search_field,LX-001128D990D5,否,否,ASIN
search_value,string,否,,B0CWS8MNW1,,搜索值：多个使用英文逗号分隔，上限200,search_value,LX-001128D990D5,否,否,
update_time_end,string,否,,2024-08-05,,结束时间【更新时间】，闭区间，格式：Y-m-d,update_time_end,LX-001128D990D5,否,是,
update_time_start,string,否,,2024-08-05,,开始时间【更新时间】，闭区间，格式：Y-m-d,update_time_start,LX-001128D990D5,否,是,
end_date,string,是,,2022-08-05,,结束时间，格式：Y-m-d,end_date,LX-0070B9951962,否,是,
length,int,是,15,15,,分页长度，默认15,length,LX-0070B9951962,是,否,
offset,int,是,0,0,,分页偏移量，默认0,offset,LX-0070B9951962,是,否,
start_date,string,是,,2022-01-01,,开始时间，格式：Y-m-d,start_date,LX-0070B9951962,否,是,
sys_wid,int,否,,1,,系统仓库id，多个用英文逗号分隔,sys_wid,LX-0070B9951962,否,否,仓库
arrival_time,string,否,,,,实际到货时间,arrival_time,LX-01FE108B1B92,否,是,
estimated_time,string,否,,,,预计到货时间,estimated_time,LX-01FE108B1B92,否,是,
file_id,string,否,,,,附件id,file_id,LX-01FE108B1B92,否,否,
head_logistics_list,object,是,,,,新版头程物流信息（当logistics_list_type 为1时才有意义）,head_logistics_list,LX-01FE108B1B92,否,否,
actual_expenses_list,object,是,,,,费用明细-实际费用,head_logistics_list.actual_expenses_list,LX-01FE108B1B92,否,否,
chargeable_weight,string,是,,111.00,,计费重，已废弃，同页面功能计费重不支持编辑,head_logistics_list.actual_expenses_list.chargeable_weight,LX-01FE108B1B92,否,否,
logistics_fee,string,是,,111.00,,物流费用,head_logistics_list.actual_expenses_list.logistics_fee,LX-01FE108B1B92,否,否,
logistics_fee_currency,string,是,,CNY,,物流费用币种,head_logistics_list.actual_expenses_list.logistics_fee_currency,LX-01FE108B1B92,否,否,
other_fee_arr,array,是,,,,实际费用-其他费： [获取发货单头程物流-其他费类型](docs/FBA/GetHeadLogisticsFeeTypes)接口获取,head_logistics_list.actual_expenses_list.other_fee_arr,LX-01FE108B1B92,否,否,
fee_type_id,string,是,,241192037543649792,,其他费id(20位),head_logistics_list.actual_expenses_list.other_fee_arr[].fee_type_id,LX-01FE108B1B92,否,否,
other_amount,string,是,,111.00,,其他费金额,head_logistics_list.actual_expenses_list.other_fee_arr[].other_amount,LX-01FE108B1B92,否,否,
other_currency,string,是,,CNY,,其他费币种,head_logistics_list.actual_expenses_list.other_fee_arr[].other_currency,LX-01FE108B1B92,否,否,
price,string,是,,111.00,,单价,head_logistics_list.actual_expenses_list.price,LX-01FE108B1B92,否,否,
price_currency,string,是,,CNY,,单价币种,head_logistics_list.actual_expenses_list.price_currency,LX-01FE108B1B92,否,否,
remark,string,否,,这个一个实际费用的备注,,备注,head_logistics_list.actual_expenses_list.remark,LX-01FE108B1B92,否,否,
tax_fee,string,是,,1,,税费,head_logistics_list.actual_expenses_list.tax_fee,LX-01FE108B1B92,否,否,
tax_fee_currency,string,是,,CNY,,税费币种,head_logistics_list.actual_expenses_list.tax_fee_currency,LX-01FE108B1B92,否,否,
estimate_expenses_list,object,是,,,,费用明细-预估费用,head_logistics_list.estimate_expenses_list,LX-01FE108B1B92,否,否,
chargeable_weight,string,否,,111.00,,计费重(单位KG)，已废弃，同页面功能计费重不支持编辑,head_logistics_list.estimate_expenses_list.chargeable_weight,LX-01FE108B1B92,否,否,
logistics_fee,string,是,,1.00,,物流费用,head_logistics_list.estimate_expenses_list.logistics_fee,LX-01FE108B1B92,否,否,
logistics_fee_currency,string,是,,CNY,,物流费用币种,head_logistics_list.estimate_expenses_list.logistics_fee_currency,LX-01FE108B1B92,否,否,
other_fee_arr,array,是,,,,预估费用-其他费： [获取发货单头程物流-其他费类型](docs/FBA/GetHeadLogisticsFeeTypes)接口获取,head_logistics_list.estimate_expenses_list.other_fee_arr,LX-01FE108B1B92,否,否,
fee_type_id,string,是,,241192037543649792,,其他费id（20位）,head_logistics_list.estimate_expenses_list.other_fee_arr[].fee_type_id,LX-01FE108B1B92,否,否,
other_amount,string,是,,1.00,,其他费金额,head_logistics_list.estimate_expenses_list.other_fee_arr[].other_amount,LX-01FE108B1B92,否,否,
other_currency,string,是,,CNY,,其他费币种,head_logistics_list.estimate_expenses_list.other_fee_arr[].other_currency,LX-01FE108B1B92,否,否,
price,string,是,,1.00,,单价,head_logistics_list.estimate_expenses_list.price,LX-01FE108B1B92,否,否,
price_currency,string,是,,CNY,,单价币种,head_logistics_list.estimate_expenses_list.price_currency,LX-01FE108B1B92,否,否,
remark,string,否,,预估费用备注,,备注,head_logistics_list.estimate_expenses_list.remark,LX-01FE108B1B92,否,否,
tax_fee_type,int,是,,1,,税费分摊方式： 0：产品-计费重 1：产品-实重 2：产品-体积重 3：产品-数量 4：自定义 5：箱子-体积),head_logistics_list.tax_fee_type,LX-01FE108B1B92,否,否,
tracking_list,list,是,,,,轨迹信息,head_logistics_list.tracking_list,LX-01FE108B1B92,否,否,
order_type_code,int,是,,2,【注意：与运输类型联动关系】 1：订舱号 2：提单号 3：箱号 4：其他 5：跟踪单号 6：航班号 当transport_type=1时只能传5 当transport_type=2时只能传1、2、3、4 当transport_type=3时只能传2、6,单号类型：【注意：与运输类型联动关系】 1：订舱号 2：提单号 3：箱号 4：其他 5：跟踪单号 6：航班号 当transport_type=1时只能传5 当transport_type=2时只能传1、2、3、4 当transport_type=3时只能传2、6,head_logistics_list.tracking_list.order_type_code,LX-01FE108B1B92,否,否,订单号
remark,string,是,,这是一个备注,,备注,head_logistics_list.tracking_list.remark,LX-01FE108B1B92,否,否,
shippers,string,是,,coscoxxx,,承运商【运输类型为海运时才有意义】,head_logistics_list.tracking_list.shippers,LX-01FE108B1B92,否,否,
tracking_no,string,是,,cxdhxxxxxx123,,查询单号,head_logistics_list.tracking_list.tracking_no,LX-01FE108B1B92,否,否,
transport_type,int,是,,1,1：快递 2：海运 3：空运 4：其他,运输类型： 1：快递 2：海运 3：空运 4：其他,head_logistics_list.tracking_list.transport_type,LX-01FE108B1B92,否,否,
logistics_id,int,否,,,,物流方式id【按计费重分摊时，需传对应物流方式，以获取材积参数用于计算】,logistics_id,LX-01FE108B1B92,否,否,
logistics_list,array,否,,,,旧版物流信息，即将下线,logistics_list,LX-01FE108B1B92,否,否,
logistics_money,string,否,,,,预估物流费用,logistics_list[].logistics_money,LX-01FE108B1B92,否,否,
logistics_money_unit,string,否,,,,预估物流费用币种,logistics_list[].logistics_money_unit,LX-01FE108B1B92,否,否,
logistics_order_no,string,否,,,,物流单号,logistics_list[].logistics_order_no,LX-01FE108B1B92,否,否,订单号
operation_type,int,否,,,=新增2=修改3=删除,物流费用操作类型:=新增2=修改3=删除,logistics_list[].operation_type,LX-01FE108B1B92,否,否,
other_money,string,否,,,,预估其他费用,logistics_list[].other_money,LX-01FE108B1B92,否,否,
other_money_remark,string,否,,,,预估费用备注,logistics_list[].other_money_remark,LX-01FE108B1B92,否,否,
other_money_unit,string,否,,,,预估其他费用币种,logistics_list[].other_money_unit,LX-01FE108B1B92,否,否,
real_logistics_money,number,否,,,,实际物流费用,logistics_list[].real_logistics_money,LX-01FE108B1B92,否,否,
real_logistics_money_unit,string,否,,,,实际物流费用币种,logistics_list[].real_logistics_money_unit,LX-01FE108B1B92,否,否,
real_other_money,number,否,,,,实际其他费用,logistics_list[].real_other_money,LX-01FE108B1B92,否,否,
real_other_money_remark,string,否,,,,实际其他费用备注,logistics_list[].real_other_money_remark,LX-01FE108B1B92,否,否,
real_other_money_unit,string,否,,,,实际其他费用币种,logistics_list[].real_other_money_unit,LX-01FE108B1B92,否,否,
track_order_no,string,否,,,,追踪号,logistics_list[].track_order_no,LX-01FE108B1B92,否,否,订单号
wool_id,int,否,,,,物流记录id,logistics_list[].wool_id,LX-01FE108B1B92,否,否,
logistics_list_type,int,是,旧版物流信息,0,,物流信息版本：0或者不传：默认旧版物流信息 1：新版物流信息,logistics_list_type,LX-01FE108B1B92,否,否,
overseas_order_no,string,是,,,,海外仓备货单号,overseas_order_no,LX-01FE108B1B92,否,否,订单号
overseas_type,int,否,为是】：1,,,下单至第三方【当收货仓为API海外仓时可填，不填默认为是】：1 否，2 是【默认】,overseas_type,LX-01FE108B1B92,否,否,
product_list,array,否,,,,产品信息,product_list,LX-01FE108B1B92,否,否,
cg_package_height,number,否,,,,包装规格-高（CM）,product_list[].cg_package_height,LX-01FE108B1B92,否,否,
cg_package_length,number,否,,,,包装规格-长（CM）,product_list[].cg_package_length,LX-01FE108B1B92,是,否,
cg_package_width,number,否,,,,包装规格-宽（CM）,product_list[].cg_package_width,LX-01FE108B1B92,否,否,仓库
cg_product_gross_weight,number,否,,,,单品净重（G）,product_list[].cg_product_gross_weight,LX-01FE108B1B92,否,否,
fba_cost,number,否,,,,单位头程费用,product_list[].fba_cost,LX-01FE108B1B92,否,否,
fba_cost_currency_unit,string,否,,,,单位头程费用币种单位,product_list[].fba_cost_currency_unit,LX-01FE108B1B92,否,否,
fnsku,string,否,,,,fnsku,product_list[].fnsku,LX-01FE108B1B92,否,否,SKU
product_code,string,否,,,,三方产品编码,product_list[].product_code,LX-01FE108B1B92,否,否,
product_id,int,否,,,,本地商品id,product_list[].product_id,LX-01FE108B1B92,否,否,
remark,string,否,,,,商品备注,product_list[].remark,LX-01FE108B1B92,否,否,
sid,string,否,,,,店铺id，有fnsku填,product_list[].sid,LX-01FE108B1B92,否,否,"店铺, SKU"
stock_num,int,否,,,,"备货数量,整箱配对需要乘以配对数量",product_list[].stock_num,LX-01FE108B1B92,否,否,
tariffs,number,否,,,,报关费用,product_list[].tariffs,LX-01FE108B1B92,否,否,
tariffs_currency_unit,string,否,,,,报关费用币种,product_list[].tariffs_currency_unit,LX-01FE108B1B92,否,否,
real_delivery_time,string,否,,2022-6-24 12:00:25,,实际发货时间，格式：Y-m-d H:i:s,real_delivery_time,LX-01FE108B1B92,否,是,
remark,string,否,,,,备注,remark,LX-01FE108B1B92,否,否,
share_id,int,否,】,,,头程费分配方式： 0 按计费重【默认值】 1 按实重 2 按体积重 3 按SKU数量 4自定义,share_id,LX-01FE108B1B92,否,否,SKU
endTime,string,是,,2023-01-31,,活动结束时间,endTime,LX-020A91A14B42,否,是,
pageNum,number,是,,1,,分页页码,pageNum,LX-020A91A14B42,是,否,
pageSize,number,是,,20,,分页大小,pageSize,LX-020A91A14B42,是,否,
promotionType,array,否,,[],,促销类型,promotionType,LX-020A91A14B42,否,否,
sellerSku,string,是,,31-250J-NKH6,,seller_sku(msku),sellerSku,LX-020A91A14B42,否,否,"店铺, MSKU, SKU"
sortField,string,是,,startTime,,"排序项（""cost"", ""drawQuantity"", ""exchangeQuantity"", ""exchangeRate"",""startTime"",""salesVolume"",""salesAmount"",""startTime""）",sortField,LX-020A91A14B42,否,是,
sortType,string,是,,desc,,排序类型 asc desc,sortType,LX-020A91A14B42,否,否,
startTime,string,是,,2023-01-01,,活动开始时间,startTime,LX-020A91A14B42,否,是,
status,array,否,,[],,促销状态,status,LX-020A91A14B42,否,否,
storeId,string,是,,132,,店铺id,storeId,LX-020A91A14B42,否,否,店铺
orderSn,array,否,,IB240730005,,出库单单号,orderSn,LX-02B0DCBC4860,否,否,订单号
delete_receipt_order,int,否,,1,,是否同步删除收货单 删除则传值 1，否则不传值,delete_receipt_order,LX-032E4A4848FB,否,否,订单号
order_sn,string,是,,"""IB241122002""",,入库单号 对应[查询入库单列表](docs/Warehouse/inboundgetOrders)data>>order_sn字段,order_sn,LX-032E4A4848FB,否,否,"订单号, 仓库"
endTime,string,是,,2024-09-12,,活动结束时间,endTime,LX-03449E2EC06C,否,是,
pageNum,number,是,,1,,分页页码,pageNum,LX-03449E2EC06C,是,否,
pageSize,number,是,,20,,分页大小,pageSize,LX-03449E2EC06C,是,否,
promotionType,array,否,,[],,促销类型,promotionType,LX-03449E2EC06C,否,否,
sellerSku,string,是,,7T-2COF-AV9I,,seller_sku(msku),sellerSku,LX-03449E2EC06C,否,否,"店铺, MSKU, SKU"
sortField,string,是,,startTime,,"排序项（""cost"", ""drawQuantity"", ""exchangeQuantity"", ""exchangeRate"",""startTime"",""salesVolume"",""salesAmount"",""startTime""）",sortField,LX-03449E2EC06C,否,是,
sortType,string,是,,desc,,排序类型 asc desc,sortType,LX-03449E2EC06C,否,否,
startTime,string,是,,2024-09-10,,活动开始时间,startTime,LX-03449E2EC06C,否,是,
status,array,否,,[],,促销状态： 0 其他 1 进行中 2 已过期 3 未开始,status,LX-03449E2EC06C,否,否,
storeId,string,是,,43,,店铺id,storeId,LX-03449E2EC06C,否,否,店铺
end_date,string,是,,2024-08-02,,结束日期，Y-m-d，闭区间，当筛选update_time时，格式为：Y-m-d H:i:s,end_date,LX-03B82747B50A,否,是,
is_combo,int,否,,0,,是否为组合商品：0 否，1 是,is_combo,LX-03B82747B50A,否,否,
is_related_process_plan,int,否,,0,,是否关联加工计划，0：否，1：是,is_related_process_plan,LX-03B82747B50A,否,否,
length,int,否,500,20,,分页长度，默认500，上限500,length,LX-03B82747B50A,是,否,
offset,int,否,0,0,,分页偏移量，默认0,offset,LX-03B82747B50A,是,否,
plan_sns,array,否,,"[""PP240730001"",""PP240730002"",""PP240730005""]",,采购计划编号,plan_sns,LX-03B82747B50A,否,否,
search_field_time,string,是,,creator_time,,时间搜索维度： creator_time 创建时间 expect_arrive_time 预计到货时间 update_time 更新时间,search_field_time,LX-03B82747B50A,否,是,
sids,array,否,,[0],,店铺id ，对应[查询亚马逊店铺列表](docs/BasicData/SellerLists)接口对应字段【sid】,sids,LX-03B82747B50A,否,否,店铺
start_date,string,是,,2024-07-30,,开始日期，Y-m-d，闭区间，当筛选update_time时，格式为：Y-m-d H:i:s,start_date,LX-03B82747B50A,否,是,
status,array,否,,[-2],,状态： 2 待采购 -2 已完成 121 待审批 122 已驳回 -3、124 已作废,status,LX-03B82747B50A,否,否,
param,object,是,,,,查询条件,param,LX-043952293C81,否,否,
length,int,否,,20,,分页长度,param.length,LX-043952293C81,是,否,
page,int,否,,1,,分页页码,param.page,LX-043952293C81,是,否,
provider_type,int,是,,0,0 API物流 1 自定义物流 2 海外仓物流 4 平台物流,物流商类型： 0 API物流 1 自定义物流 2 海外仓物流 4 平台物流,param.provider_type,LX-043952293C81,否,否,平台
data,array,是,,,,,data,LX-04A6C56A7729,否,否,
is_sync_pic,int,是,,0,,是否同步listing图片：0 否，1 是,data[].is_sync_pic,LX-04A6C56A7729,否,否,
marketplace_id,string,否,,xxxxxxxxxxxxxxxx,,市场id,data[].marketplace_id,LX-04A6C56A7729,否,否,
msku,string,是,,xxxx,,msku,data[].msku,LX-04A6C56A7729,否,否,"MSKU, SKU"
seller_id,string,否,,A4373BD6018725,,"亚马逊店铺id ,对应[查询亚马逊店铺列表](docs/BasicData/SellerLists)接口对应字段【seller_id】",data[].seller_id,LX-04A6C56A7729,否,否,店铺
sku,string,是,,xxx,,本地sku,data[].sku,LX-04A6C56A7729,否,否,SKU
endDate,string,否,,2026-04-28,,结束时间 Y-m-d,endDate,LX-051118326D63,否,是,
length,int,是,20,20,,分页大小，默认20，最大200,length,LX-051118326D63,是,否,
offset,int,是,0,0,,偏移量，默认0,offset,LX-051118326D63,是,否,
optUid,array,否,,"[1,128727]",,装箱员UID,optUid,LX-051118326D63,否,否,
packingCon,array,否,,"[""2""]",,装箱情况 1-未装箱 2-部分装箱 3-全装箱,packingCon,LX-051118326D63,否,否,
pickingStatus,string,否,,1,,"拣货状态 ""1""-已拣 ""0""-待拣",pickingStatus,LX-051118326D63,否,否,
printLabel,string,否,,1,,"打印标签 ""1""-已打印 ""0""-未打印",printLabel,LX-051118326D63,否,否,
printTask,string,否,,1,,"打印单据 ""1""-已打印 ""0""-未打印",printTask,LX-051118326D63,否,否,
relateSnType,array,否,,"[""1"",""2""]",,单据类型 1-发货计划 2-发货单 3-FBA货件 4-海外仓备货单,relateSnType,LX-051118326D63,否,否,
searchField,string,否,,task_sn,,搜索字段 relate_sn-关联单据单号 task_sn-任务单号 shipment_id-货件单号 local_sta_name-STA任务名称 msku-MSKU sku-SKU fnsku-FNSKU,searchField,LX-051118326D63,否,否,"MSKU, SKU"
searchFieldTime,string,否,,done,,时间搜索 create-创建时间 done-完成时间,searchFieldTime,LX-051118326D63,否,是,
searchValue,string,否,,,,搜索值,searchValue,LX-051118326D63,否,否,
seniorSearchList,array,否,,,,高级搜索,seniorSearchList,LX-051118326D63,否,否,
searchField,string,否,,task_sn,,搜索字段 relate_sn-关联单据单号 task_sn-任务单号 shipment_id-货件单号 local_sta_name-STA任务名称 msku-MSKU sku-SKU fnsku-FNSKU,seniorSearchList[].searchField,LX-051118326D63,否,否,"MSKU, SKU"
searchValue,array,否,,"[""PL250714001""]",,搜索值,seniorSearchList[].searchValue,LX-051118326D63,否,否,
startDate,string,否,,2026-04-22,,开始时间 Y-m-d,startDate,LX-051118326D63,否,是,
wid,array,否,,[47],,仓库ID,wid,LX-051118326D63,否,否,仓库
advertiserIds,array,是,,"[""123456789012345""]",,广告账号ID列表，BigInteger数组，必须至少选择一个店铺,advertiserIds,LX-058A66EC8E8E,否,否,"店铺, 广告账号"
campaignIds,array,否,,"[123456789,987654321]",,广告活动ID列表，Long数组，指定查询的广告活动ID，支持批量查询,campaignIds,LX-058A66EC8E8E,否,否,
campaignType,array,是,,"[""sponsoredProducts-manual"",""sponsoredProducts-auto""]","sponsoredProducts-manual(SP手动), sponsoredProducts-auto(SP自动), sba(SB品牌广告), video(SV视频广告)","广告活动类型列表，String数组，枚举值：sponsoredProducts-manual(SP手动), sponsoredProducts-auto(SP自动), sba(SB品牌广告), video(SV视频广告)。注意：1.查询sp广告报告必须且只能携带sponsoredProducts-manual和sponsoredProducts-auto；2.查询sb广告报告必须且只能携带sba；3.查询sv广告报告必须且只能携带video",campaignType,LX-058A66EC8E8E,否,否,
day,int,是,,14,"3, 14, 30","归因天数，数据归因天数，枚举值：3, 14, 30",day,LX-058A66EC8E8E,否,否,
endDate,string,是,,2024-11-12,,结束日期，必填，格式：yyyy-MM-dd，且 startDate 和 endDate 间隔不能超过31天,endDate,LX-058A66EC8E8E,否,是,
operationSourceType,string,是,,gateway,,操作来源，openapi调用必传gateway，前端传web,operationSourceType,LX-058A66EC8E8E,否,否,
orderField,string,否,按广告花费倒序,adSpend,,排序字段，支持对查询结果中的任意字段进行排序（驼峰命名）。包括但不限于：基础指标(numAdsShown/numAdsClicks/adSpend)、销售指标(attributedSales/attributedOrders/attributedUnits/advertisedSkuSales/advertisedSkuUnits)、关联指标(otherSkuSales/otherSkuUnits)、品牌新买家指标(ntbOrders/ntbRevenue/ntbUnits)、计算指标(cpc/ctr/cvr/acos/roas/aov/cpa)、时间字段(startDate/endDate/entityCreateAt)等所有返回的报表字段。不传时默认按广告花费倒序,orderField,LX-058A66EC8E8E,否,是,"SKU, 订单号"
orderType,string,否,ASC,DESC,"ASC-升序, DESC-降序","排序类型，枚举值：ASC-升序, DESC-降序。不传时默认ASC",orderType,LX-058A66EC8E8E,否,否,订单号
pageNum,int,是,,1,,页码，分页时的页码，从1开始,pageNum,LX-058A66EC8E8E,是,否,
pageSize,int,是,,20,,每页大小，分页时每页显示的记录数，openapi必传且小于2000,pageSize,LX-058A66EC8E8E,是,否,
paging,boolean,是,,1,,是否分页，openapi必填true,paging,LX-058A66EC8E8E,是,否,
searchText,string,否,,测试广告活动,,搜索文本，模糊搜索广告活动名称,searchText,LX-058A66EC8E8E,否,否,
startDate,string,是,,2024-11-01,,开始日期，必填，格式：yyyy-MM-dd，且 startDate 和 endDate 间隔不能超过31天,startDate,LX-058A66EC8E8E,否,是,
status,array,否,,"[""enabled"",""live""]","enabled-启用, paused-暂停, scheduled-已安排, rescheduled-重新安排, live-运行中, proposal-提议, completed-已完成","广告活动状态列表，String数组，枚举值：enabled-启用, paused-暂停, scheduled-已安排, rescheduled-重新安排, live-运行中, proposal-提议, completed-已完成",status,LX-058A66EC8E8E,否,否,
global_order_no,array,是,,"""global_order_no"": [""103584428644401152""]",,系统单号列表,global_order_no,LX-06B2902A5005,否,否,订单号
tag_ids,array,是,,"[""907365081622413334""]",,标签id，上限200,tag_ids,LX-06BDDD3B9762,否,否,
flag,number,否,传0,1,,默认传0，返回为空则传1，实时请求亚马逊获取后台最新数据,flag,LX-074FA24909F1,否,否,
marketplaceId,string,是,,xxxxxxxxxxxxxxxx,,市场id,marketplaceId,LX-074FA24909F1,否,否,
productType,string,是,,ADVERTISEMENT_COLLECTIBLES,,商品原始类目,productType,LX-074FA24909F1,否,否,
sellerId,string,是,,xxxxxxxxxxxxxxxx,,店铺id,sellerId,LX-074FA24909F1,否,否,店铺
businessCodeArr,array,否,,[],,单据类型 1：发货单 2：备货单,businessCodeArr,LX-081EC270CC8F,否,否,
coeffVariation,string,否,,15.5,,差异系数,coeffVariation,LX-081EC270CC8F,否,否,
endDate,string,否,,2024-12-31,,结束日期,endDate,LX-081EC270CC8F,否,是,
length,int,是,20,20,,每页条数，默认20，最大200,length,LX-081EC270CC8F,是,否,
logisticsChannelId,array,否,,[],,物流渠道,logisticsChannelId,LX-081EC270CC8F,否,否,
logisticsProviderId,array,否,,[],,物流商,logisticsProviderId,LX-081EC270CC8F,否,否,
offset,int,是,0,0,,分页偏移量，默认0,offset,LX-081EC270CC8F,是,否,
payStatus,array,否,,[],,付款状态 0：未申请 1：已申请 2：部分付款 3：已付清 4：无,payStatus,LX-081EC270CC8F,否,否,
searchField,string,否,,shipment_sn,,搜索字段名称 shipment_sn：关联单号 tracking_number：物流商单号 replace_tracking_number：查询单号 order_no：头程物流单单号 shipment_id：货件单号,searchField,LX-081EC270CC8F,否,否,订单号
searchFieldTime,string,否,,shipment_time,,搜索时间类型 shipment_time：发货时间 gmt_create：发货单创建时间 delivery_date：实际妥投时间 transportation_start_time：运输开始时间,searchFieldTime,LX-081EC270CC8F,否,是,
searchValue,string,否,,SP230706004,,搜索字段值,searchValue,LX-081EC270CC8F,否,否,
seniorSearchList,array,否,,,,批量搜索,seniorSearchList,LX-081EC270CC8F,否,否,
searchField,string,否,,shipment_sn,,批量搜索字段,seniorSearchList[].searchField,LX-081EC270CC8F,否,否,
searchValue,array,否,,"[""SP240104002"",""SP240104001""]",,批量搜索值,seniorSearchList[].searchValue,LX-081EC270CC8F,否,否,
shippingMethodIds,array,否,,[],,运输方式,shippingMethodIds,LX-081EC270CC8F,否,否,
sidsArr,array,否,,[],,店铺,sidsArr,LX-081EC270CC8F,否,否,店铺
startDate,string,否,,2024-01-01,,开始日期,startDate,LX-081EC270CC8F,否,是,
planSns,array,否,,"[""PP240925001""]",,采购计划单号列表，与ppgSns至少传一个,planSns,LX-09D9FC0B390B,否,否,
ppgSns,array,否,,"[""PPG240925001""]",,采购计划批次号列表，与planSns至少传一个,ppgSns,LX-09D9FC0B390B,否,否,
value,string,是,,你好,,备注内容，最长2000字符,value,LX-09D9FC0B390B,否,否,
currencyCode,string,否,原币种】,CNY,"原币种,CNY,USD,EUR,JPY,AUD,CAD,MXN,GBP,INR,AED,SGD,SAR,BRL,SEK,PLN,TRY,HKD","币种code【默认原币种】, 可选值：原币种,CNY,USD,EUR,JPY,AUD,CAD,MXN,GBP,INR,AED,SGD,SAR,BRL,SEK,PLN,TRY,HKD",currencyCode,LX-09FE9E838C58,否,否,
endDate,string,是,,2023-12-05,,查询时间，双闭区间，格式：Y-m-d 或 Y-m-d H:i:s,endDate,LX-09FE9E838C58,否,是,
length,int,否,20,20,,分页长度，默认20，上限5000,length,LX-09FE9E838C58,是,否,
offset,int,否,0,0,,分页偏移量，默认0,offset,LX-09FE9E838C58,是,否,
searchField,string,否,,asin,"seller_sku,asin,local_name, local_sku","搜索值类型, 可选值:seller_sku,asin,local_name, local_sku",searchField,LX-09FE9E838C58,否,否,"店铺, ASIN, SKU"
searchValue,array,否,,"[""B09""]",,搜索的值,searchValue,LX-09FE9E838C58,否,否,
sids,array,否,,"[113,115]",,店铺id ，对应[查询亚马逊店铺列表](docs/BasicData/SellerLists)接口对应字段【sid】,sids,LX-09FE9E838C58,否,否,店铺
startDate,string,是,,2023-02-01,,查询时间，双闭区间，格式：Y-m-d 或 Y-m-d H:i:s,startDate,LX-09FE9E838C58,否,是,
endTime,string,是,,2024-12-31,,结束时间，必填，格式：yyyy-MM-dd，根据searchFieldTime字段确定查询维度,endTime,LX-0A3BA5A66954,否,是,
length,int,否,,20,,分页长度,length,LX-0A3BA5A66954,是,否,
offset,int,否,,0,,分页偏移量,offset,LX-0A3BA5A66954,是,否,
purchaserIds,array,否,,"[1234567890,9876543210]",,采购方ID列表，筛选指定采购方的其他费用,purchaserIds,LX-0A3BA5A66954,否,否,
searchField,string,否,,order_sn,"order_sn-采购单号, create_username-采购员，配合searchValue使用","搜索字段，枚举值：order_sn-采购单号, create_username-采购员，配合searchValue使用",searchField,LX-0A3BA5A66954,否,否,订单号
searchFieldTime,string,否,create_time,create_time,"create_time-创建时间, close_time-付清时间，默认create_time","时间维度，枚举值：create_time-创建时间, close_time-付清时间，默认create_time",searchFieldTime,LX-0A3BA5A66954,否,是,
searchValue,string,否,,PO20240101,,搜索值，根据searchField字段进行搜索，支持模糊查询,searchValue,LX-0A3BA5A66954,否,否,
startTime,string,是,,2024-01-01,,开始时间，必填，格式：yyyy-MM-dd，根据searchFieldTime字段确定查询维度,startTime,LX-0A3BA5A66954,否,是,
status,int,否,查询全部,0,"0-查询未付清, 1-查询已付清，不传默认查询全部","付款状态，枚举值：0-查询未付清, 1-查询已付清，不传默认查询全部",status,LX-0A3BA5A66954,否,否,
supplierIds,array,否,,"[1234567890,9876543210]",,应付对象ID列表，筛选指定供应商的其他费用,supplierIds,LX-0A3BA5A66954,否,否,
items,array,是,,,,物流信息,items,LX-0B7D3781D062,否,否,
logistics_company,string,是,,中通快递,,物流商,items[].logistics_company,LX-0B7D3781D062,否,否,
logistics_order_no,string,是,,ZT12456789,,物流单号（支持字母、数字、下划线、短划线）,items[].logistics_order_no,LX-0B7D3781D062,否,否,订单号
order_sn,string,是,,PO220418003,,采购单号（待到货或已完成状态）,order_sn,LX-0B7D3781D062,否,否,订单号
is_cancel_relation,int,是,】,1,,是否取消关联采购计划：0 否【默认】，1 是,is_cancel_relation,LX-0BAC0252E36F,否,否,
order_sn,string,是,,PO211112002,,采购单系统单号,order_sn,LX-0BAC0252E36F,否,否,订单号
reason,string,是,,不需要采购了,,作废原因，长度不超过80,reason,LX-0BAC0252E36F,否,否,
areas,array,否,,"[""US""]",,站点/区域列表,areas,LX-0BB27D85E792,否,否,
brands,array,否,,"[""123""]",,品牌ID列表,brands,LX-0BB27D85E792,否,否,
categories,array,否,,"[""456""]",,分类ID列表,categories,LX-0BB27D85E792,否,否,
countries,array,否,,"[""US""]",,国家列表,countries,LX-0BB27D85E792,否,否,
currency,string,否,为空展示原币种,USD,,币种，默认为空展示原币种,currency,LX-0BB27D85E792,否,否,
dateRangeType,int,否,为0,0,0=结算时间 1=下单时间 默认为0,日期范围类型： 0=结算时间 1=下单时间 默认为0,dateRangeType,LX-0BB27D85E792,否,是,
developers,array,否,,"[""789""]",,开发人UID列表,developers,LX-0BB27D85E792,否,否,
endDate,string,否,,2025-12-31,,结束日期 yyyy-MM-dd,endDate,LX-0BB27D85E792,否,是,
exportMode,int,否,,1,,导出模式： 1=列表 2=明细,exportMode,LX-0BB27D85E792,否,否,
hasOriginalOrder,int,否,,1,,有无源单，仅汇总维度为订单时生效： 1=有源单 0=无源单 不传则不过滤,hasOriginalOrder,LX-0BB27D85E792,否,否,订单号
orderSearchField,int,否,,1,,单据筛选字段： 1=平台订单号 2=平台子单号 3=备货单号 4=业务单号 5=运单号 6=包裹,orderSearchField,LX-0BB27D85E792,否,否,"平台, 订单号"
orderSearchValues,array,否,,"[""ORDER001""]",,单据筛选值列表，支持批量搜索,orderSearchValues,LX-0BB27D85E792,否,否,订单号
pageNum,int,是,1,1,,当前页码，默认1,pageNum,LX-0BB27D85E792,是,否,
pageSize,int,是,20,20,,每页大小，默认20，最大200,pageSize,LX-0BB27D85E792,是,否,
platformCodes,array,否,,[10002],,平台代码列表： 10002=Shopify 10003=eBay 10006=Shopee 10008=Walmart 10011=TikTok 10012=MercadoLibre 10021=SHEIN平台模式 10028=SHEIN半托管 10007=Lazada 10024=Temu半托管 10022=Temu全托管 10027=SHEIN代运营,platformCodes,LX-0BB27D85E792,否,否,平台
queryMode,int,否,,1,,查询模式： 1=列表 2=明细,queryMode,LX-0BB27D85E792,否,否,
searchField,int,否,,1,,商品筛选字段： 1=MSKU 2=MSKU ID 3=品名 4=系统SKU,searchField,LX-0BB27D85E792,否,否,"MSKU, SKU"
searchValues,array,否,,"[""MSKU001""]",,商品筛选值列表，支持批量搜索,searchValues,LX-0BB27D85E792,否,否,
sids,array,否,,[134225003201380864],,店铺ID列表,sids,LX-0BB27D85E792,否,否,店铺
sortField,string,否,,profit,,排序字段,sortField,LX-0BB27D85E792,否,否,
sortType,string,否,,desc,asc升序、desc降序,排序类型：asc升序、desc降序,sortType,LX-0BB27D85E792,否,否,
startDate,string,否,,2025-12-01,,开始日期 yyyy-MM-dd,startDate,LX-0BB27D85E792,否,是,
summaryField,string,是,,1,,汇总维度： 1=订单 2=店铺 3=MSKU 4=SKU 5=开发者 6=负责人 11=SPU,summaryField,LX-0BB27D85E792,否,否,"店铺, MSKU, SKU, 订单号"
summaryType,int,否,（不按时间聚合）,1,,时间汇总维度，仅非订单维度(summaryField!=1)时生效： null/0=默认（不按时间聚合） 1=按月 2=按天 3=按周,summaryType,LX-0BB27D85E792,否,是,订单号
transactionTypes,array,否,,"[""order""]",order=销售 refund=退款 return=退货 manual=手工 reshipment=补发 manual_add=加购 other=其他,交易类型： order=销售 refund=退款 return=退货 manual=手工 reshipment=补发 manual_add=加购 other=其他,transactionTypes,LX-0BB27D85E792,否,否,订单号
address,string,否,,xxxx,,仓库地址,address,LX-0C9F53813C1C,否,否,仓库
contact,string,否,,Charon,,负责人,contact,LX-0C9F53813C1C,否,否,
name,string,是,,Charon,,仓库名称,name,LX-0C9F53813C1C,否,否,仓库
remark,string,否,,ceshi,,备注,remark,LX-0C9F53813C1C,否,否,
sys_wid,int,否,,1335,,领星系统仓库id，编辑时必传,sys_wid,LX-0C9F53813C1C,否,否,仓库
telephone,string,否,,15767777777,,联系电话,telephone,LX-0C9F53813C1C,否,否,
type,int,否,1,1,,仓库属性：1 -本地仓 3 -海外自建仓，不传默认 1,type,LX-0C9F53813C1C,否,否,仓库
wid,string,否,,1567,,客户自定义仓库id【非领星系统ERP内仓库id】,wid,LX-0C9F53813C1C,否,否,仓库
adGroupIds,array,否,,"[123456789,987654321]",,广告组ID列表，Long数组，按广告组ID筛选,adGroupIds,LX-0CB86D55776C,否,否,
advertiserIds,array,是,,"[123456789012345,987654321098765]",,广告账号ID列表，BigInteger数组，必填，必须至少选择一个店铺,advertiserIds,LX-0CB86D55776C,否,否,"店铺, 广告账号"
campaignIds,array,否,,"[123456789,987654321]",,广告活动ID列表，Long数组，按广告活动ID筛选,campaignIds,LX-0CB86D55776C,否,否,
campaignType,array,是,,"[""sponsoredProducts-manual"",""sponsoredProducts-auto""]","sponsoredProducts-manual(SP手动), sponsoredProducts-auto(SP自动), sba(SB品牌广告), video(SV视频广告)","广告活动类型列表，String数组，必填，枚举值：sponsoredProducts-manual(SP手动), sponsoredProducts-auto(SP自动), sba(SB品牌广告), video(SV视频广告)。注意：查询SP广告报告必须且只能携带sponsoredProducts-manual和sponsoredProducts-auto",campaignType,LX-0CB86D55776C,否,否,
day,int,否,14天,14,"3, 14, 30，默认14天","归因天数，数据归因天数，枚举值：3, 14, 30，默认14天",day,LX-0CB86D55776C,否,否,
endDate,string,是,,2024-12-31,,结束日期，必填，格式：yyyy-MM-dd，且 startDate 和 endDate 间隔不能超过31天,endDate,LX-0CB86D55776C,否,是,
orderField,string,否,按广告花费倒序,adSpend,,排序字段，支持对查询结果中的任意字段进行排序（驼峰命名）。包括：基础指标(numAdsShown/numAdsClicks/adSpend)、销售指标(attributedSales/attributedOrders/attributedUnits/advertisedSkuSales/advertisedSkuUnits)、关联指标(otherSkuSales/otherSkuUnits)、品牌新买家指标(ntbOrders/ntbRevenue/ntbUnits)、计算指标(cpc/ctr/cvr/acos/roas/aov/cpa)、时间字段(startDate/endDate/entityCreateAt)等所有返回的报表字段。不传时默认按广告花费倒序,orderField,LX-0CB86D55776C,否,是,"SKU, 订单号"
orderType,string,否,ASC,DESC,"ASC-升序, DESC-降序，不传时默认ASC","排序类型，枚举值：ASC-升序, DESC-降序，不传时默认ASC",orderType,LX-0CB86D55776C,否,否,订单号
pageNum,int,否,,1,,页码，分页时的页码，从1开始,pageNum,LX-0CB86D55776C,是,否,
pageSize,int,否,,20,,每页大小，分页时每页显示的记录数，最大200,pageSize,LX-0CB86D55776C,是,否,
paging,boolean,否,为true,1,,是否分页，默认为true,paging,LX-0CB86D55776C,是,否,
searchText,string,否,,双十一促销广告,,搜索文本，模糊搜索广告名称（ad_name）,searchText,LX-0CB86D55776C,否,否,
searchType,string,否,,,,搜索类型，目前不用传,searchType,LX-0CB86D55776C,否,否,
startDate,string,是,,2024-01-01,,开始日期，必填，格式：yyyy-MM-dd，且 startDate 和 endDate 间隔不能超过31天,startDate,LX-0CB86D55776C,否,是,
status,array,否,,"[""enabled"",""disabled""]","enabled-启用, disabled-禁用","广告状态列表，String数组，枚举值：enabled-启用, disabled-禁用",status,LX-0CB86D55776C,否,否,
code_type,string,是,,UPC,支持UPC、EAN、ISBN,编码类型：支持UPC、EAN、ISBN,code_type,LX-0CF22467375C,否,否,
commodity_codes,array,是,,"[""1234567890123"",""123124342114""]",,编码-最多支持两百个,commodity_codes,LX-0CF22467375C,否,否,
shippingIdList,array,否,,"[1,2,36]",,发货单ID列表，对应[查询平台仓发货单列表v2](docs/MultiPlatform/V2/QueryShippingListV2)接口出参id,shippingIdList,LX-0EF3921B4688,否,否,平台
currencyCode,string,是,,CNY,,币种code,currencyCode,LX-0F0DF3FDD859,否,否,
settleMonth,string,是,,2023-01,,结算月,settleMonth,LX-0F0DF3FDD859,否,否,
sid,long,是,,1,,店铺id ，对应[查询亚马逊店铺列表](docs/BasicData/SellerLists)接口对应字段【sid】,sid,LX-0F0DF3FDD859,否,否,店铺
length,int,否,20,20,,分页长度，默认20，上限200,length,LX-1074DDF41A1A,是,否,
offset,int,否,0,0,,分页偏移量，默认0,offset,LX-1074DDF41A1A,是,否,
store_id,string,是,,110418202566107648,,店铺id,store_id,LX-1074DDF41A1A,否,否,店铺
length,int,否,20,20,,分页长度，默认20，上限400,length,LX-1181D4F827FB,是,否,
offset,int,否,0,0,,分页偏移量，默认0,offset,LX-1181D4F827FB,是,否,
search_field,string,否,,product_name,,搜索字段： sku SKU msku MSKU fnsku FNSKU order_sn 单据号 product_name 品名 batch_number 批次号 receipt_order 收货单 purchase_order 采购单 purchase_plan 采购计划 source_batch_number 源头批次号,search_field,LX-1181D4F827FB,否,否,"MSKU, SKU, 订单号"
search_value,string,否,,pan1575,,搜索值,search_value,LX-1181D4F827FB,否,否,
show_zero_stock,int,否,,0,,是否显示0库存信息：0 不显示，1 显示,show_zero_stock,LX-1181D4F827FB,否,否,
stock_in_type_list,string,否,,19,,入库类型，多个使用英文逗号分隔： 19 其他入库 22 采购入库 24 调拨入库 23 委外入库 25 盘盈入库 16 换标入库 17 加工入库 18 拆分入库 26 退货入库 27 移除入库 45 赠品入库,stock_in_type_list,LX-1181D4F827FB,否,否,
wids,string,否,,"1,5,18",,仓库id，多个使用英文逗号分隔,wids,LX-1181D4F827FB,否,否,仓库
detail_list,array,是,,,,标签信息，上限200,detail_list,LX-147DA91911E3,否,否,
label_list,array,是,,"[""标签-1"",""标签-2""]",,标签名称，上限10,detail_list[].label_list,LX-147DA91911E3,否,否,
sku,string,是,,test-sku-time,,本地产品sku,detail_list[].sku,LX-147DA91911E3,否,否,SKU
type,int,是,,1,1 删除SKU指定的标签 2 删除SKU全部的标签【此类型下对应sku的label_list为空数组即可】,操作类型： 1 删除SKU指定的标签 2 删除SKU全部的标签【此类型下对应sku的label_list为空数组即可】,type,LX-147DA91911E3,否,否,SKU
end_date,string,否,,2021-12-20,,结束日期【活动时间】，站点时间，闭区间，格式：Y-m-d，时间间隔最长不超过90天,end_date,LX-14EF57136BD3,否,是,
length,int,否,20,20,,分页长度，默认20，上限200,length,LX-14EF57136BD3,是,否,
offset,int,否,0,0,,分页偏移量，默认0,offset,LX-14EF57136BD3,是,否,
sids,array,否,,"[102,144]",,店铺id ，对应[查询亚马逊店铺列表](docs/BasicData/SellerLists)接口对应字段【sid】,sids,LX-14EF57136BD3,否,否,店铺
start_date,string,否,,2021-11-23,,开始日期【活动时间】，站点时间，闭区间，格式：Y-m-d，时间间隔最长不超过90天,start_date,LX-14EF57136BD3,否,是,
adType,array,否,,"[""1""]",,广告类型筛选(多选)： 1=SP 2=SB 3=SV 空或包含0=全部不筛选,adType,LX-1524E1C3FF10,否,否,
attributionWindow,int,否,,14,,归因期窗口： 3=3天 14=14天 30=30天,attributionWindow,LX-1524E1C3FF10,否,否,
brandIds,array,否,,"[""1"",""2""]",,品牌ID,brandIds,LX-1524E1C3FF10,否,否,
categoryIds,array,否,,"[""10"",""20""]",,分类ID,categoryIds,LX-1524E1C3FF10,否,否,
currencyCode,string,否,,USD,,币种，传空则为原币种,currencyCode,LX-1524E1C3FF10,否,否,
dimensionType,int,是,,1,1=MSKU，2=商品ID，3=SKU，4=店铺，5=父体,维度类型：1=MSKU，2=商品ID，3=SKU，4=店铺，5=父体,dimensionType,LX-1524E1C3FF10,否,否,"店铺, MSKU, SKU"
endDate,string,是,,2026-01-31,,查询范围结束日期,endDate,LX-1524E1C3FF10,否,是,
pageNum,int,否,,1,,当前页码,pageNum,LX-1524E1C3FF10,是,否,
pageSize,int,否,,20,,页大小,pageSize,LX-1524E1C3FF10,是,否,
parentKey,string,否,,,,展开子行的父行标识,parentKey,LX-1524E1C3FF10,否,否,
productStatus,array,否,,[0],,商品状态列表，可用值： 0=PUBLISHED 1=READY TO PUBLISH 2=IN PROGRESS 3=UNPUBLISHED 4=STAGE 5=SYSTEM PROBLEM 12=已加入站点,productStatus,LX-1524E1C3FF10,否,否,
searchField,int,否,,2,1=商品ID，2=MSKU，3=SKU，4=标题，5=父体，6=品名,搜索字段类型：1=商品ID，2=MSKU，3=SKU，4=标题，5=父体，6=品名,searchField,LX-1524E1C3FF10,否,否,"MSKU, SKU"
searchValue,array,否,,"[""MSKU001""]",,搜索关键词,searchValue,LX-1524E1C3FF10,否,否,
sids,array,否,,"[1,2]",,店铺ID列表,sids,LX-1524E1C3FF10,否,否,店铺
siteCodes,array,否,,"[""10008-US""]",,"站点筛选(多选, 传原始site_code, 如10008-US); 空=全部站点",siteCodes,LX-1524E1C3FF10,否,否,
sortField,string,否,sales_qty,sales_qty,,排序字段，默认sales_qty。 可用值：sales_qty、order_qty、sales_amount、wfs_available、ad_spend、ad_units、ad_orders、ad_sales,sortField,LX-1524E1C3FF10,否,否,订单号
sortType,string,否,desc,desc,asc、desc，默认desc,排序类型：asc、desc，默认desc,sortType,LX-1524E1C3FF10,否,否,
startDate,string,是,,2026-01-01,,查询范围开始日期,startDate,LX-1524E1C3FF10,否,是,
end_date,string,是,,2022-08-05,,结束时间，格式：Y-m-d,end_date,LX-171BF687A225,否,是,
start_date,string,是,,2022-01-01,,开始时间，格式：Y-m-d,start_date,LX-171BF687A225,否,是,
sys_wid,int,否,,"1,5,8",,领星系统仓库id，多个用英文逗号分隔,sys_wid,LX-171BF687A225,否,否,仓库
end_date,string,否,,2024-07-30,,日期查询结束时间，格式：Y-m-d 当筛选更新时间时，支持Y-m-d或Y-m-d H:i:s,end_date,LX-179D3B8A9F63,否,是,
idempotent_code,string,否,,OB240730003,,客户参考号，多个使用英文逗号分隔,idempotent_code,LX-179D3B8A9F63,否,否,
length,int,否,20,20,,分页长度，默认20，上限200,length,LX-179D3B8A9F63,是,否,
offset,int,否,0,0,,分页偏移量，默认0,offset,LX-179D3B8A9F63,是,否,
order_sn,string,否,,OB240730003,,出库单单号，多个使用英文逗号分隔,order_sn,LX-179D3B8A9F63,否,否,订单号
search_field_time,string,否,,create_time,创建时间 create_time 出库时间 opt_time 更新时间 increment_time,日期筛选类型： 创建时间 create_time 出库时间 opt_time 更新时间 increment_time,search_field_time,LX-179D3B8A9F63,否,是,
start_date,string,否,,2024-07-30,,日期查询开始时间，格式：Y-m-d 当筛选更新时间时，支持Y-m-d或Y-m-d H:i:s,start_date,LX-179D3B8A9F63,否,是,
status,int,否,,40,,出库单状态： 10 待提交 30 待出库 40 已完成 50 已撤销 121 待审批 122 已驳回,status,LX-179D3B8A9F63,否,否,
type,int,否,,15,11 其他出库 12 FBA出库 14 退货出库 15 调拨出库 16 WFS出库 17 Temu出库 18 销毁出库,出库类型： 11 其他出库 12 FBA出库 14 退货出库 15 调拨出库 16 WFS出库 17 Temu出库 18 销毁出库,type,LX-179D3B8A9F63,否,否,
wid,string,否,,53,,系统仓库id,wid,LX-179D3B8A9F63,否,否,仓库
orderSn,string,是,,RO202608070001,,收货单号,orderSn,LX-186837F0F7C4,否,否,订单号
remark,string,是,,补充收货说明,,备注,remark,LX-186837F0F7C4,否,否,
shippingIdList,array,否,,"[1,2,36]",,发货单ID列表，对应[查询平台仓发货单列表v2](docs/MultiPlatform/V2/QueryShippingListV2)接口出参id,shippingIdList,LX-1AA8D77AEA04,否,否,平台
adGroupIds,array,否,,"[123456,789012]",,广告组ID列表，Integer数组，按广告组ID筛选,adGroupIds,LX-1AD86690E18F,否,否,
advertiserIds,array,是,,"[123456789012345,987654321098765]",,广告账号ID列表，BigInteger数组，必填，必须至少选择一个店铺,advertiserIds,LX-1AD86690E18F,否,否,"店铺, 广告账号"
campaignIds,array,否,,"[123456789,987654321]",,广告活动ID列表，Long数组，按广告活动ID筛选,campaignIds,LX-1AD86690E18F,否,否,
campaignType,array,是,,"[""sba""]","sponsoredProducts-manual(SP手动), sponsoredProducts-auto(SP自动), sba(SB品牌广告), video(SV视频广告)","广告活动类型列表，String数组，必填，枚举值：sponsoredProducts-manual(SP手动), sponsoredProducts-auto(SP自动), sba(SB品牌广告), video(SV视频广告)。注意：查询SB广告报告必须且只能携带sba",campaignType,LX-1AD86690E18F,否,否,
day,int,否,14天,14,"3, 14, 30，默认14天","归因天数，数据归因天数，枚举值：3, 14, 30，默认14天",day,LX-1AD86690E18F,否,否,
endDate,string,是,,2024-12-31,,结束日期，必填，格式：yyyy-MM-dd，且 startDate 和 endDate 间隔不能超过31天,endDate,LX-1AD86690E18F,否,是,
orderField,string,否,按广告花费倒序,adSpend,,排序字段，支持对查询结果中的任意字段进行排序（驼峰命名）。包括：基础指标(numAdsShown/numAdsClicks/adSpend)、销售指标(attributedSales/attributedOrders/attributedUnits/advertisedSkuSales/advertisedSkuUnits)、关联指标(otherSkuSales/otherSkuUnits)、品牌新买家指标(ntbOrders/ntbRevenue/ntbUnits)、计算指标(cpc/ctr/cvr/acos/roas/aov/cpa)、时间字段(startDate/endDate/entityCreateAt)等所有返回的报表字段。不传时默认按广告花费倒序,orderField,LX-1AD86690E18F,否,是,"SKU, 订单号"
orderType,string,否,ASC,DESC,"ASC-升序, DESC-降序，不传时默认ASC","排序类型，枚举值：ASC-升序, DESC-降序，不传时默认ASC",orderType,LX-1AD86690E18F,否,否,订单号
pageNum,int,否,,1,,页码，分页时的页码，从1开始,pageNum,LX-1AD86690E18F,是,否,
pageSize,int,否,,20,,每页大小，分页时每页显示的记录数，最大200,pageSize,LX-1AD86690E18F,是,否,
paging,boolean,否,为true,1,,是否分页，默认为true,paging,LX-1AD86690E18F,是,否,
searchText,string,否,,双十一优惠,,搜索文本，模糊搜索关键词文本（keyword_text）,searchText,LX-1AD86690E18F,否,否,
startDate,string,是,,2024-01-01,,开始日期，必填，格式：yyyy-MM-dd，且 startDate 和 endDate 间隔不能超过31天,startDate,LX-1AD86690E18F,否,是,
status,array,否,,"[""enabled"",""paused""]","enabled-启用, paused-暂停","关键词状态列表，String数组，枚举值：enabled-启用, paused-暂停",status,LX-1AD86690E18F,否,否,
brand,string,否,,品牌2,,品牌,brand,LX-1BDE9AFED615,否,否,
brand_id,int,否,,2,,品牌id，与品牌同时存在时，优先取品牌id,brand_id,LX-1BDE9AFED615,否,否,
category,string,否,,分类1,,分类,category,LX-1BDE9AFED615,否,否,
category_id,int,否,,1,,"分类id,与分类同时存在时，优先取分类id",category_id,LX-1BDE9AFED615,否,否,
description,string,否,,有logo 白盒,,商品描述,description,LX-1BDE9AFED615,否,否,
group_list,array,否,,,,组合商品列表，捆绑产品子产品的总数量要大于1,group_list,LX-1BDE9AFED615,否,否,
cost_ratio,int,否,为空,2,,费用比例，默认为空，若填写则每项必填，且总和为1,group_list[].cost_ratio,LX-1BDE9AFED615,否,否,
quantity,int,否,,2,,商品比例数,group_list[].quantity,LX-1BDE9AFED615,否,否,
sku,string,否,,skuAdd1-1,,子商品,group_list[].sku,LX-1BDE9AFED615,否,否,SKU
is_append_product_duty,int,否,1,1,,负责人是否追加创建人：0 否，1 是；默认1，该字段只有编辑SKU时该才生效,is_append_product_duty,LX-1BDE9AFED615,否,否,SKU
model,string,否,,model s,,型号,model,LX-1BDE9AFED615,否,否,
picture_list,array,否,,,,产品图片信息,picture_list,LX-1BDE9AFED615,否,否,
is_primary,int,否,,1,,是否产品主图：0 否，1 是,picture_list[].is_primary,LX-1BDE9AFED615,否,否,
pic_url,string,否,,http://www.news.cn/xxx/1129400title0h.jpg,,产品图片链接,picture_list[].pic_url,LX-1BDE9AFED615,否,否,
product_creator_uid,int,否,api,13,,创建人ERP id，默认 api 用户id,product_creator_uid,LX-1BDE9AFED615,否,否,
product_developer,string,否,,张三,,开发者名称,product_developer,LX-1BDE9AFED615,否,否,
product_developer_uid,int,否,,12,,开发者id，与开发者名称同时填写时，以开发者id为准,product_developer_uid,LX-1BDE9AFED615,否,否,
product_duty_uids,array,否,,"[1,2,3]",,负责人id,product_duty_uids,LX-1BDE9AFED615,否,否,
product_name,string,是,,skuAddProductName,,品名（添加时必填）,product_name,LX-1BDE9AFED615,否,否,
sku,string,是,,skuAdd,,SKU（添加时必填）,sku,LX-1BDE9AFED615,否,否,SKU
status,int,否,1】：0,1,,状态【默认1】：0 停售，1 在售，2 开发中，3 清仓,status,LX-1BDE9AFED615,否,否,
unit,string,否,,个,,单位（商品单位：套、个、台）,unit,LX-1BDE9AFED615,否,否,
sid_name_list,array,是,,,,批量修改店铺数组，最多可批量修改10个,sid_name_list,LX-1BE23A99A7E9,否,否,店铺
name,string,是,,店铺1,,店铺名称,sid_name_list[].name,LX-1BE23A99A7E9,否,否,店铺
sid,int,是,,1,,店铺id ，对应[查询亚马逊店铺列表](docs/BasicData/SellerLists)接口对应字段【sid】,sid_name_list[].sid,LX-1BE23A99A7E9,否,否,店铺
tag_name,string,是,,家电大卖,,标签名称,tag_name,LX-1C246F17173F,否,否,
end_time,string,是,,2023-01-01 00:00:00,,结束时间，格式：Y-m-d H:i:s,end_time,LX-1C62776E886A,否,是,
length,int,是,,20,,每页记录数,length,LX-1C62776E886A,是,否,
offset,int,是,,0,,页码，非偏移量 offset传1，则返回第一页数据,offset,LX-1C62776E886A,是,否,
platform_code,array,否,,"[10007,10008]",,平台code,platform_code,LX-1C62776E886A,否,否,平台
sales_type,int,否,,1,1 买家退货，2 物流商退货,退货类型：1 买家退货，2 物流商退货,sales_type,LX-1C62776E886A,否,否,
start_time,string,是,,2023-01-01 00:00:00,,开始时间，格式：Y-m-d H:i:s,start_time,LX-1C62776E886A,否,是,
status,array,否,,"[1,4,5]",,订单状态： -1 异常 1 待提交 2 待审批 3 待收货 4 已作废 5 已完成 6 导入中,status,LX-1C62776E886A,否,否,订单号
store_id,array,否,,"[""127190049090011648"",""127190049090011654""]",,店铺id,store_id,LX-1C62776E886A,否,否,店铺
time_type,string,否,为创建时间】,updateTime,updateTime 更新时间【不传默认为创建时间】,搜索时间类型：updateTime 更新时间【不传默认为创建时间】,time_type,LX-1C62776E886A,否,是,
wid,array,否,,"[1,578,765]",,系统仓库id,wid,LX-1C62776E886A,否,否,仓库
end_date,string,是,,2024-08-05,,报表时间，格式：Y-m-d，闭区间,end_date,LX-1C7C9C7B770D,否,是,
length,int,否,1000,1000,,分页长度，默认1000,length,LX-1C7C9C7B770D,是,否,
offset,int,否,0,0,,分页偏移量，默认0,offset,LX-1C7C9C7B770D,是,否,
sid,int,是,,109,,店铺id ，对应[查询亚马逊店铺列表](docs/BasicData/SellerLists)接口对应字段【sid】,sid,LX-1C7C9C7B770D,否,否,店铺
start_date,string,是,,2020-01-01,,报表时间，格式：Y-m-d，闭区间,start_date,LX-1C7C9C7B770D,否,是,
custom_fields,object,否,,,,自定义字段，键为自定义字段标识id，值为对象,custom_fields,LX-1D4F82B9EC6C,否,否,
character,string,是,,,,字段额外属性（单位、币种等）,custom_fields.character,LX-1D4F82B9EC6C,否,否,
id,string,是,,,,字段Id,custom_fields.id,LX-1D4F82B9EC6C,否,否,
val,array] [string,是,,,,字段值,custom_fields.val,LX-1D4F82B9EC6C,否,否,
orders,array,是,,,,订单列表,orders,LX-1D4F82B9EC6C,否,否,订单号
address_line1,string,是,,1,,地址1,orders[].address_line1,LX-1D4F82B9EC6C,否,否,
address_type,int,否,,1,,地址类型 1:住宅地址” 2:“商业地址”,orders[].address_type,LX-1D4F82B9EC6C,否,否,
amount_currency,string,否,与店铺的币种一致,USD,,币种，默认与店铺的币种一致，ISO 4217标准码,orders[].amount_currency,LX-1D4F82B9EC6C,否,否,店铺
buyer_choose_express,string,否,,,,客选物流,orders[].buyer_choose_express,LX-1D4F82B9EC6C,否,否,
buyer_note,string,否,,,,买家留言,orders[].buyer_note,LX-1D4F82B9EC6C,否,否,
city,string,是,,1,,城市,orders[].city,LX-1D4F82B9EC6C,否,否,
customer_shipping_amount,number,否,为店铺币种】,10.22,,客付运费【币种默认为店铺币种】,orders[].customer_shipping_amount,LX-1D4F82B9EC6C,否,否,店铺
customer_tax_amount,number,否,为店铺币种】,1.22,,客付税费【币种默认为店铺币种】,orders[].customer_tax_amount,LX-1D4F82B9EC6C,否,否,店铺
global_payment_time,number,否,,,,付款时间(秒级时间戳),orders[].global_payment_time,LX-1D4F82B9EC6C,否,是,
global_purchase_time,number,否,,,,订购时间(秒级时间戳),orders[].global_purchase_time,LX-1D4F82B9EC6C,否,是,
items,array,是,,,,订单产品信息,orders[].items,LX-1D4F82B9EC6C,否,否,订单号
item_custom_fields,object,否,,见附加说明,,订单产品自定义字段,orders[].items.item_custom_fields,LX-1D4F82B9EC6C,否,否,订单号
msku,string,否,,,,MSKU（SKU和MSKU必填其中一个）,orders[].items.msku,LX-1D4F82B9EC6C,否,否,"MSKU, SKU"
quantity,int,是,,10,,数量,orders[].items.quantity,LX-1D4F82B9EC6C,否,否,
sku,string,否,,xhp004,,本地SKU（SKU和MSKU必填其中一个）,orders[].items.sku,LX-1D4F82B9EC6C,否,否,"MSKU, SKU"
stock_deduction_type,String,否,,1,,库存扣减类型 1表示“空”， 2表示“SKU+订单店铺”,orders[].items.stock_deduction_type,LX-1D4F82B9EC6C,否,否,"店铺, SKU, 订单号"
unit_price,number,是,为店铺币种】,10,,单价【币种默认为店铺币种】,orders[].items.unit_price,LX-1D4F82B9EC6C,否,否,店铺
logistics_type_id,string,否,,1,,物流方式id， 【当填写了该字段，则wid必填】,orders[].logistics_type_id,LX-1D4F82B9EC6C,否,否,仓库
order_custom_fields,object,否,,见附加说明,,订单自定义字段,orders[].order_custom_fields,LX-1D4F82B9EC6C,否,否,订单号
order_total_amount,number,否,为店铺币种】,20.20,,订单金额【币种默认为店铺币种】,orders[].order_total_amount,LX-1D4F82B9EC6C,否,否,"店铺, 订单号"
platform_order_no,string,是,,10379511104466944,,平台单号【同一店铺不支持重复】,orders[].platform_order_no,LX-1D4F82B9EC6C,否,否,"店铺, 平台, 订单号"
receiver_company_name,string,否,,,,公司名,orders[].receiver_company_name,LX-1D4F82B9EC6C,否,否,
receiver_country_code,string,是,,CN,,国家/地区二字简码,orders[].receiver_country_code,LX-1D4F82B9EC6C,否,否,
receiver_name,string,是,,1,,收件人,orders[].receiver_name,LX-1D4F82B9EC6C,否,否,
remark,string,否,,,,客服备注,orders[].remark,LX-1D4F82B9EC6C,否,否,
sender_tax_no,String,否,,test,,税号,orders[].sender_tax_no,LX-1D4F82B9EC6C,否,否,
sender_tax_type,int,否,,1,"1=>IOSS编号 2=>VAT税号 3=>CPF税号 4=>EORI号码 5=>收件人税号 7=>VOEC税号""","""税号类型: 1=>IOSS编号 2=>VAT税号 3=>CPF税号 4=>EORI号码 5=>收件人税号 7=>VOEC税号""",orders[].sender_tax_type,LX-1D4F82B9EC6C,否,否,
shipping_info,object,否,,-,,物流信息（传则下层全必填）,orders[].shipping_info,LX-1D4F82B9EC6C,否,否,
base64File,string,是,,iVBORw0KGgo=,,面单base64,orders[].shipping_info.base64File,LX-1D4F82B9EC6C,否,否,
file_name,string,是,,abc.pdf,,面单文件名,orders[].shipping_info.file_name,LX-1D4F82B9EC6C,否,否,
tms_tracking_no,string,是,,SF6077871234321,,追踪号,orders[].shipping_info.tms_tracking_no,LX-1D4F82B9EC6C,否,否,
tms_waybill_no,string,是,,SF6077871234321,,物流号,orders[].shipping_info.tms_waybill_no,LX-1D4F82B9EC6C,否,否,
site_code,string,否,,10001-UK,,站点,orders[].site_code,LX-1D4F82B9EC6C,否,否,
wid,string,否,,1,,仓库id ，【当填写了该字段，则logistics_type_id 必填】,orders[].wid,LX-1D4F82B9EC6C,否,否,仓库
platform_code,int,是,,10003,,平台code,platform_code,LX-1D4F82B9EC6C,否,否,平台
store_id,string,是,,11058263263899648,,店铺id,store_id,LX-1D4F82B9EC6C,否,否,店铺
limit,int,否,,,,分页条数,limit,LX-1DC15769BD57,是,否,
page,int,否,,,,页码,page,LX-1DC15769BD57,是,否,
paging,string,是,,,,不分页传false 分页传true,paging,LX-1DC15769BD57,是,否,
searchText,string,否,,,,广告主名称模糊搜索,searchText,LX-1DC15769BD57,否,否,
end_date,string,否,,2021-12-20,,结束日期【活动时间】，站点时间，闭区间，格式：Y-m-d，时间间隔最长不超过90天,end_date,LX-1DC5C91C2FE2,否,是,
length,int,否,20,20,,分页长度，默认20，上限200,length,LX-1DC5C91C2FE2,是,否,
offset,int,否,0,0,,分页偏移量，默认0,offset,LX-1DC5C91C2FE2,是,否,
sids,array,否,,"[102,144]",,店铺id ，对应[查询亚马逊店铺列表](docs/BasicData/SellerLists)接口对应字段【sid】,sids,LX-1DC5C91C2FE2,否,否,店铺
start_date,string,否,,2021-11-23,,开始日期【活动时间】，站点时间，闭区间，格式：Y-m-d，时间间隔最长不超过90天,start_date,LX-1DC5C91C2FE2,否,是,
numbers,array,是,,"[""FY231009000001""]",,费用单号，上限200,numbers,LX-1E89A7A2DA3C,否,否,
list,array,是,,,,成本补录子项,list,LX-1FA55392B264,否,否,
fnsku,string,否,为空,,,FNSKU，默认为空,list[].fnsku,LX-1FA55392B264,否,否,SKU
product_id,int,是,,1,,产品ID,list[].product_id,LX-1FA55392B264,否,否,
relation_order_out,string,是,,IB250514006,,入库单号,list[].relation_order_out,LX-1FA55392B264,否,否,订单号
seller_id，对应[查询亚马逊店铺列表](docs/BasicData/SellerLists)接口对应字段【sid】,0,[int],,,,否,list[].seller_id，对应[查询亚马逊店铺列表](docs.BasicData.SellerLists)接口对应字段【sid】,LX-1FA55392B264,否,否,店铺
unit_cost_price,float,是,,10.0000,,变更后采购单价,list[].unit_cost_price,LX-1FA55392B264,否,否,
unit_fee_price,float,是,,6.0000,,变更后单位费用,list[].unit_fee_price,LX-1FA55392B264,否,否,
remark,string,是,,成本补录单备注,,备注,remark,LX-1FA55392B264,否,否,
type,int,是,,1,,补录类型—只支持入库成本(1),type,LX-1FA55392B264,否,否,
wid,int,是,,1,,仓库ID,wid,LX-1FA55392B264,否,否,仓库
detail_list,array,是,,,,标签信息，上限200,detail_list,LX-2046A9CB4520,否,否,
label_list,array,是,,"[""标签-1"",""标签-2""]",,标签名称，上限10,detail_list[].label_list,LX-2046A9CB4520,否,否,
sku,string,是,,SKUXG,,产品SKU,detail_list[].sku,LX-2046A9CB4520,否,否,SKU
type,int,是,,1,1 追加，2 覆盖,操作类型：1 追加，2 覆盖,type,LX-2046A9CB4520,否,否,
apportion_rule,int,是,,1,,分摊规则： 0 无 1 按销售额 2 按销量 3 店铺均摊后按销售额占比分摊 4 店铺均摊后按销量占比分摊,apportion_rule,LX-20735537E141,否,否,店铺
currency_code,string,是,,CNY,,币种代码,currency_code,LX-20735537E141,否,否,
date,string,是,,2023-02,,分摊日期，格式：Y-m-d 或 Y-m,date,LX-20735537E141,否,是,
dimension,int,是,,2,,分摊维度： 1 msku 2 asin 3 店铺 4 父asin 5 sku 6 企业,dimension,LX-20735537E141,否,否,"店铺, MSKU, ASIN, SKU"
fee_items,array,是,,,,费用明细项,fee_items,LX-20735537E141,否,否,
dimension_value,string,是,,B0ABCD001,,纬度值，例如ASIN值,fee_items[].dimension_value,LX-20735537E141,否,否,ASIN
fee,number,是,,-100,,金额,fee_items[].fee,LX-20735537E141,否,否,
fof_id,string,是,,,,费用单子项id，[查询费用明细列表](docs/Finance/feeManagementList) 接口对应字段【fof_id】,fee_items[].fof_id,LX-20735537E141,否,否,
remark,string,否,,备注,,备注,fee_items[].remark,LX-20735537E141,否,否,
sids,array,是,,"[1,2]",,店铺id，全部店铺传[99999999] ，对应[查询亚马逊店铺列表](docs/BasicData/SellerLists)接口对应字段【sid】,fee_items[].sids,LX-20735537E141,否,否,店铺
id,string,是,,302272426688496447,,费用单id，[查询费用明细列表](docs/Finance/feeManagementList) 接口对应字段【records>>id】,id,LX-20735537E141,否,否,
is_request_pool,int,是,,0,,是否请款：0 否，1 是,is_request_pool,LX-20735537E141,否,否,
other_fee_type_id,int,是,,1000014,,费用类型id，[查询费用类型列表](docs/Finance/feeManagementType) 接口对应字段【id】,other_fee_type_id,LX-20735537E141,否,否,
remark,string,否,,备注,,单据备注,remark,LX-20735537E141,否,否,
submit_type,int,是,,2,1 暂存，2 提交,提交类型：1 暂存，2 提交,submit_type,LX-20735537E141,否,否,
bindDetail,array,是,,,,配对信息,bindDetail,LX-2077895D6B9A,否,否,
relationId,string,是,,HOLDER001,,msku，[查询亚马逊Listing](https://apidoc.lingxing.com/#/docs/Sale/Listing) 接口对应字段【seller_sku】,bindDetail[].relationId,LX-2077895D6B9A,否,否,"店铺, MSKU, SKU"
sid,int,是,,17,,店铺id ，对应[查询亚马逊店铺列表](https://apidoc.lingxing.com/#/docs/BasicData/SellerLists)接口对应字段【sid】,bindDetail[].sid,LX-2077895D6B9A,否,否,店铺
globalTagIds,array,是,,,,标签id数组,globalTagIds,LX-2077895D6B9A,否,否,
wpId,string,是,,1688,,三方服务商id,wpId,LX-208BCCE30B24,否,否,
wpmId,string,是,,1222,,配对id,wpmId,LX-208BCCE30B24,否,否,
length,int,否,500,1000,,分页长度，默认500,length,LX-223398DA3539,是,否,
offset,int,否,0,0,,分页偏移量，默认0,offset,LX-223398DA3539,是,否,
orderSn,array,否,,IB240730005,,调整单单号,orderSn,LX-24115FEF3839,否,否,订单号
ads_type,array,否,,"[""SPONSORED PRODUCTS""]",SPONSORED PRODUCTS SPONSORED DISPLAY SPONSORED BRANDS SPONSORED BRANDS VIDEO,广告类型： SPONSORED PRODUCTS SPONSORED DISPLAY SPONSORED BRANDS SPONSORED BRANDS VIDEO,ads_type,LX-2454C40DBB80,否,否,
invoice_end_time,string,是,,2024-07-20,,结束时间【发票开具时间】,invoice_end_time,LX-2454C40DBB80,否,是,
invoice_start_time,string,是,,2024-06-01,,开始时间【发票开具时间】,invoice_start_time,LX-2454C40DBB80,否,是,
length,int,否,20,20,,分页大小，默认20,length,LX-2454C40DBB80,是,否,
mids,array,否,,"[1,2]",,国家id,mids,LX-2454C40DBB80,否,否,
offset,int,否,0,0,,分页偏移量，默认值0,offset,LX-2454C40DBB80,是,否,
search_type,string,否,,invoice_id,ads_campaign【对应页面广告活动】 invoice_id【对应发票编号】 msku asin,搜索类型： ads_campaign【对应页面广告活动】 invoice_id【对应发票编号】 msku asin,search_type,LX-2454C40DBB80,否,否,"MSKU, ASIN, SKU"
search_value,string,否,,TRF6K4FJN-1,,搜索值,search_value,LX-2454C40DBB80,否,否,
sids,array,否,,"[1,2,136,139]",,店铺id ，对应[查询亚马逊店铺列表](docs/BasicData/SellerLists)接口对应字段【sid】,sids,LX-2454C40DBB80,否,否,店铺
order_list,array,是,,"[""103430576541848064"",""103432007211410432""]",,系统单号列表,order_list,LX-25313630C917,否,否,订单号
head_logistics_list,object,是,,,,新版头程物流信息（当logistics_list_type 为1时才有意义）,head_logistics_list,LX-25557AAD1424,否,否,
actual_expenses_list,object,是,,,,费用明细-实际费用,head_logistics_list.actual_expenses_list,LX-25557AAD1424,否,否,
chargeable_weight,string,是,,111.00,,计费重，已废弃，同页面功能计费重不支持编辑,head_logistics_list.actual_expenses_list.chargeable_weight,LX-25557AAD1424,否,否,
logistics_fee,string,是,,111.00,,物流费用,head_logistics_list.actual_expenses_list.logistics_fee,LX-25557AAD1424,否,否,
logistics_fee_currency,string,是,,CNY,,物流费用币种,head_logistics_list.actual_expenses_list.logistics_fee_currency,LX-25557AAD1424,否,否,
other_fee_arr,array,是,,,,实际费用-其他费： [获取发货单头程物流-其他费类型](docs/FBA/GetHeadLogisticsFeeTypes)接口获取,head_logistics_list.actual_expenses_list.other_fee_arr,LX-25557AAD1424,否,否,
fee_type_id,string,是,,241192037543649792,,其他费id(20位),head_logistics_list.actual_expenses_list.other_fee_arr[].fee_type_id,LX-25557AAD1424,否,否,
other_amount,string,是,,111.00,,其他费金额,head_logistics_list.actual_expenses_list.other_fee_arr[].other_amount,LX-25557AAD1424,否,否,
other_currency,string,是,,CNY,,其他费币种,head_logistics_list.actual_expenses_list.other_fee_arr[].other_currency,LX-25557AAD1424,否,否,
price,string,是,,111.00,,单价,head_logistics_list.actual_expenses_list.price,LX-25557AAD1424,否,否,
price_currency,string,是,,CNY,,单价币种,head_logistics_list.actual_expenses_list.price_currency,LX-25557AAD1424,否,否,
remark,string,否,,这个一个实际费用的备注,,备注,head_logistics_list.actual_expenses_list.remark,LX-25557AAD1424,否,否,
tax_fee,string,是,,1,,税费,head_logistics_list.actual_expenses_list.tax_fee,LX-25557AAD1424,否,否,
tax_fee_currency,string,是,,CNY,,税费币种,head_logistics_list.actual_expenses_list.tax_fee_currency,LX-25557AAD1424,否,否,
estimate_expenses_list,object,是,,,,费用明细-预估费用,head_logistics_list.estimate_expenses_list,LX-25557AAD1424,否,否,
chargeable_weight,string,否,,111.00,,计费重(单位KG)，已废弃，同页面功能计费重不支持编辑,head_logistics_list.estimate_expenses_list.chargeable_weight,LX-25557AAD1424,否,否,
logistics_fee,string,是,,1.00,,物流费用,head_logistics_list.estimate_expenses_list.logistics_fee,LX-25557AAD1424,否,否,
logistics_fee_currency,string,是,,CNY,,物流费用币种,head_logistics_list.estimate_expenses_list.logistics_fee_currency,LX-25557AAD1424,否,否,
other_fee_arr,array,是,,,,预估费用-其他费： [获取发货单头程物流-其他费类型](docs/FBA/GetHeadLogisticsFeeTypes)接口获取,head_logistics_list.estimate_expenses_list.other_fee_arr,LX-25557AAD1424,否,否,
fee_type_id,string,是,,241192037543649792,,其他费id（20位）,head_logistics_list.estimate_expenses_list.other_fee_arr[].fee_type_id,LX-25557AAD1424,否,否,
other_amount,string,是,,1.00,,其他费金额,head_logistics_list.estimate_expenses_list.other_fee_arr[].other_amount,LX-25557AAD1424,否,否,
other_currency,string,是,,CNY,,其他费币种,head_logistics_list.estimate_expenses_list.other_fee_arr[].other_currency,LX-25557AAD1424,否,否,
price,string,是,,1.00,,单价,head_logistics_list.estimate_expenses_list.price,LX-25557AAD1424,否,否,
price_currency,string,是,,CNY,,单价币种,head_logistics_list.estimate_expenses_list.price_currency,LX-25557AAD1424,否,否,
remark,string,否,,预估费用备注,,备注,head_logistics_list.estimate_expenses_list.remark,LX-25557AAD1424,否,否,
tax_fee_type,int,是,,1,,税费分摊方式： 0：产品-计费重 1：产品-实重 2：产品-体积重 3：产品-数量 4：自定义 5：箱子-体积),head_logistics_list.tax_fee_type,LX-25557AAD1424,否,否,
tracking_list,list,是,,,,轨迹信息,head_logistics_list.tracking_list,LX-25557AAD1424,否,否,
order_type_code,int,是,,2,【注意：与运输类型联动关系】 1：订舱号 2：提单号 3：箱号 4：其他 5：跟踪单号 6：航班号 当transport_type=1时只能传5 当transport_type=2时只能传1、2、3、4 当transport_type=3时只能传2、6,单号类型：【注意：与运输类型联动关系】 1：订舱号 2：提单号 3：箱号 4：其他 5：跟踪单号 6：航班号 当transport_type=1时只能传5 当transport_type=2时只能传1、2、3、4 当transport_type=3时只能传2、6,head_logistics_list.tracking_list.order_type_code,LX-25557AAD1424,否,否,订单号
remark,string,是,,这是一个备注,,备注,head_logistics_list.tracking_list.remark,LX-25557AAD1424,否,否,
shippers,string,是,,coscoxxx,,承运商【运输类型为海运时才有意义】,head_logistics_list.tracking_list.shippers,LX-25557AAD1424,否,否,
tracking_no,string,是,,cxdhxxxxxx123,,查询单号,head_logistics_list.tracking_list.tracking_no,LX-25557AAD1424,否,否,
transport_type,int,是,,1,1：快递 2：海运 3：空运 4：其他,运输类型： 1：快递 2：海运 3：空运 4：其他,head_logistics_list.tracking_list.transport_type,LX-25557AAD1424,否,否,
logistics_list,array,是,,,,物流信息,logistics_list,LX-25557AAD1424,否,否,
logistics_money,string,是,,100,,预估物流费用,logistics_list[].logistics_money,LX-25557AAD1424,否,否,
logistics_money_unit,string,是,,USD,,预估物流费用币种,logistics_list[].logistics_money_unit,LX-25557AAD1424,否,否,
logistics_order_no,string,是,,1233385552,,物流单号,logistics_list[].logistics_order_no,LX-25557AAD1424,否,否,订单号
other_money,string,是,,200,,预估其他费用,logistics_list[].other_money,LX-25557AAD1424,否,否,
other_money_remark,string,是,,this is remark,,预估费用备注,logistics_list[].other_money_remark,LX-25557AAD1424,否,否,
other_money_unit,string,是,,USD,,预估其他费用币种,logistics_list[].other_money_unit,LX-25557AAD1424,否,否,
real_logistics_money,number,是,,100,,实际物流费用,logistics_list[].real_logistics_money,LX-25557AAD1424,否,否,
real_logistics_money_unit,string,是,,USD,,实际物流费用币种,logistics_list[].real_logistics_money_unit,LX-25557AAD1424,否,否,
real_other_money,number,是,,100,,实际其他费用,logistics_list[].real_other_money,LX-25557AAD1424,否,否,
real_other_money_remark,string,是,,remark,,实际其他费用备注,logistics_list[].real_other_money_remark,LX-25557AAD1424,否,否,
real_other_money_unit,string,是,,USD,,实际其他费用币种,logistics_list[].real_other_money_unit,LX-25557AAD1424,否,否,
track_order_no,string,是,,526654523,,追踪号,logistics_list[].track_order_no,LX-25557AAD1424,否,否,订单号
logistics_list_type,int,是,,0,,物流信息版本： 0：旧版，即将下线 1：新版,logistics_list_type,LX-25557AAD1424,否,否,
overseas_order_no,string,是,,OWS230700001,,海外仓备货单号,overseas_order_no,LX-25557AAD1424,否,否,订单号
accountType,array,否,,"[""Standard""]",Standard Invoiced Electronic COD PayWithAmazon,账单类型: Standard Invoiced Electronic COD PayWithAmazon,accountType,LX-27FD5B4A5146,否,否,
currencyCode,string,否,】,USD,,货币种类: 原币种【默认】 CNY USD EUR JPY AUD CAD MXN GBP INR AED SGD SAR BRL SEK PLN TRY HKD,currencyCode,LX-27FD5B4A5146,否,否,
endDate,string,是,,2024-09-03,,结束时间,endDate,LX-27FD5B4A5146,否,是,
eventSource,array,否,,"[""Service Fee""]",Transfer Adjustment Debt Refund FBA Inventory Fee Service Fee Order,费用类型: Transfer Adjustment Debt Refund FBA Inventory Fee Service Fee Order,eventSource,LX-27FD5B4A5146,否,否,订单号
fulfillment,array,否,,"[""FBA""]",FBA FBA FBM FBM,订单类型: FBA FBA FBM FBM,fulfillment,LX-27FD5B4A5146,否,否,订单号
fundTransferStatus,array,否,,"[""Succeeded""]",,转账状态: Succeeded 已转账 Processing 转帐中 Failed 失败 Unknown 未知,fundTransferStatus,LX-27FD5B4A5146,否,否,
gmtModifiedEndDate,string,否,,2024-09-01 14:00:00,,修改结束时间，格式：yyyy-MM-dd HH:mm:ss,gmtModifiedEndDate,LX-27FD5B4A5146,否,是,
gmtModifiedStartDate,string,否,,2024-09-01 12:00:00,,修改开始时间，格式：yyyy-MM-dd HH:mm:ss,gmtModifiedStartDate,LX-27FD5B4A5146,否,是,
length,int,否,20,20,,分页长度，默认20，上限1000,length,LX-27FD5B4A5146,是,否,
mids,array,否,,"[1,2]",,站点id,mids,LX-27FD5B4A5146,否,否,
offset,int,否,0,0,,分页偏移量，默认0,offset,LX-27FD5B4A5146,是,否,
orderStatus,string,否,】,"""Disbursed""",,交易状态 Deferred 已推迟（结束时间必须要今天才能获取已推迟数据） Disbursed 已发放【默认】 DisbursedAndPreSettled 已发放（含预结算） All 全部,orderStatus,LX-27FD5B4A5146,否,是,订单号
principalUids,array,否,,[10616076],,listing负责人,principalUids,LX-27FD5B4A5146,否,否,
productDeveloperUids,array,否,,[1],,开发负责人,productDeveloperUids,LX-27FD5B4A5146,否,否,
searchDateField,string,否,】,posted_date_locale,posted_date_locale 结算时间【默认】 fund_transfer_datetime_locale 转账时间 shipment_datetime_locale 发货时间 order_datetime_locale 下单时间 accounting_time 入账时间,时间筛选类型: posted_date_locale 结算时间【默认】 fund_transfer_datetime_locale 转账时间 shipment_datetime_locale 发货时间 order_datetime_locale 下单时间 accounting_time 入账时间,searchDateField,LX-27FD5B4A5146,否,是,订单号
searchField,string,否,】,order_id,,查询索引字段: order_id 订单号【默认】 seller_sku MSKU asin ASIN parent_asin 父ASIN local_sku SKU local_name 品名gmt_modified 修改时间【不再建议使用】settlement_id Settlement ID description 描述 fid 结算编号,searchField,LX-27FD5B4A5146,否,是,"店铺, MSKU, ASIN, SKU, 订单号"
searchValue,array,否,,"[""xxxx""]",,查询索引字段值,searchValue,LX-27FD5B4A5146,否,否,
settlementStatus,array,否,,"[""Closed""]",,结算状态 Open 待结算 Pending 结算中 Closed 已结算 Reconciled 已对账,settlementStatus,LX-27FD5B4A5146,否,否,
sids,array,否,,"[124,123]",,店铺id ，对应[查询亚马逊店铺列表](docs/BasicData/SellerLists)接口对应字段【sid】,sids,LX-27FD5B4A5146,否,否,店铺
sortField,string,否,,postedDatetimeLocale,,参与排序字段,sortField,LX-27FD5B4A5146,否,否,
sortType,string,否,,desc,,排序方式,sortType,LX-27FD5B4A5146,否,否,
startDate,string,是,,2024-09-01,,开始时间,startDate,LX-27FD5B4A5146,否,是,
end_date,string,否,,2024-07-30,,结束时间，格式：Y-m-d,end_date,LX-29AE97DABE08,否,是,
length,int,是,500,20,,分页长度，默认500,length,LX-29AE97DABE08,是,否,
offset,int,是,0,0,,分页偏移量，默认0,offset,LX-29AE97DABE08,是,否,
process_sn,string,否,,PT240730001,,加工单号，多个用英文逗号分隔,process_sn,LX-29AE97DABE08,否,否,
search_field_time,string,否,,create_time,,时间搜索维度： create_time 创建时间 finish_time 完成时间 update_time 更新时间,search_field_time,LX-29AE97DABE08,否,是,
start_date,string,否,,2024-07-30,,开始时间，格式：Y-m-d,start_date,LX-29AE97DABE08,否,是,
status,int,否,,2,,加工状态： 0 待配货 1 待完成 2 已完成,status,LX-29AE97DABE08,否,否,
type,int,是,,1,1加工单，2拆分单,单据类型：1加工单，2拆分单,type,LX-29AE97DABE08,否,否,
wid,string,否,,53,,仓库id，多个用英文逗号分隔,wid,LX-29AE97DABE08,否,否,仓库
financial_event_group_id,是,[string],,LWCBG07Y55I3,,结算汇总财务事件组ID【[结算汇总->financialEventGroupId](docs/Finance/settlementSummaryList)】,financial_event_group_id,LX-2AD144D844C7,否,否,
seller_id,是,[string],,xxxxxxxxxxxxxxxx,,"亚马逊店铺id ,对应[查询亚马逊店铺列表](docs/BasicData/SellerLists)接口对应字段【seller_id】",seller_id,LX-2AD144D844C7,否,否,店铺
global_order_no,array,是,,"[""103256450214985728"",""103256450209420800"",""1003"",""1004""]",,系统单号数组，最大1000单,global_order_no,LX-2B737D7329A7,否,否,订单号
cursor_id,boolean,否,,true,,"游标id, 当分页游标为true时，该字段必填",cursor_id,LX-2C3EA8AD49D5,是,否,
end_time,string,否,,2023-06-24 22:09:43,,操作结束时间，开区间,end_time,LX-2C3EA8AD49D5,否,是,
length,int,否,,20,,分页条数,length,LX-2C3EA8AD49D5,是,否,
msku,array,否,,"[""test0001"",""xzc002"",""custom001""]",,MSKU,msku,LX-2C3EA8AD49D5,否,否,"MSKU, SKU"
offset,int,否,,0,,分页偏移量,offset,LX-2C3EA8AD49D5,是,否,
platform_codes,array,否,,"[""10003"",""10010""]",,平台码,platform_codes,LX-2C3EA8AD49D5,否,否,平台
sku,array,否,,"[""Book-A4-60""]",,本地SKU,sku,LX-2C3EA8AD49D5,否,否,SKU
start_time,string,否,,2021-04-24 22:09:43,,操作开始时间，闭区间,start_time,LX-2C3EA8AD49D5,否,是,
store_ids,array,否,,"[""11084135313207808""]",,店铺id,store_ids,LX-2C3EA8AD49D5,否,否,店铺
use_cursor,boolean,否,为fasle,true,,分页游标，默认为fasle，如配对数据多时，强烈建议您使用分页游标的方式分页，可加快接口响应速度,use_cursor,LX-2C3EA8AD49D5,是,否,
end_date,string,是,,2024-08-05,,结束时间【时间间隔不超过1年】，格式：Y-m-d,end_date,LX-2C7CF1CE8AAE,否,是,
length,int,否,20,20,,分页长度，默认20,length,LX-2C7CF1CE8AAE,是,否,
offset,int,否,0,0,,分页偏移量，默认0,offset,LX-2C7CF1CE8AAE,是,否,
sid,array,否,,"[1,136,139]",,店铺id ，对应[查询亚马逊店铺列表](docs/BasicData/SellerLists)接口对应字段【sid】,sid,LX-2C7CF1CE8AAE,否,否,店铺
start_date,string,是,,2020-01-01,,开始时间【时间间隔不超过1年】，格式：Y-m-d,start_date,LX-2C7CF1CE8AAE,否,是,
asin,string,是,,B085NQDDXS,,asin,asin,LX-2D4837A1809E,否,否,ASIN
end_date,string,是,,2024-08-05 00:00:00,,结束时间【时间间隔不超过1年】,end_date,LX-2D4837A1809E,否,是,
mid,int,是,,1,,国家id,mid,LX-2D4837A1809E,否,否,
start_date,string,是,,2024-01-01 00:00:00,,开始时间【时间间隔不超过1年】,start_date,LX-2D4837A1809E,否,是,
check_uid,int,是,,10609364,,盘点人id,check_uid,LX-2D7501EFFF14,否,否,
is_display_check,int,是,】,1,,是否明盘：0 否，1 是【默认值】,is_display_check,LX-2D7501EFFF14,否,否,
product_list,array,是,,,,盘点明细,product_list,LX-2D7501EFFF14,否,否,
actual_inventory,int,是,,0,,实盘库存,product_list[].actual_inventory,LX-2D7501EFFF14,否,否,
fnsku,string,否,空,xxx,,FNSKU，不传则默认空,product_list[].fnsku,LX-2D7501EFFF14,否,否,SKU
product_id,int,是,,18418,,本地产品id,product_list[].product_id,LX-2D7501EFFF14,否,否,
remark,string,否,,gogogo,,盘点明细备注,product_list[].remark,LX-2D7501EFFF14,否,否,
seller_id,string,否,0,0,,"店铺id，传空或者不传则默认0 ,对应[查询亚马逊店铺列表](docs/BasicData/SellerLists)接口对应字段【seller_id】",product_list[].seller_id,LX-2D7501EFFF14,否,否,店铺
whb_code,string,否,可用暂存,ts_valid,,仓位，传空或者不传则默认可用暂存,product_list[].whb_code,LX-2D7501EFFF14,否,否,
remark,string,否,,gogogo,,单据备注,remark,LX-2D7501EFFF14,否,否,
wid,int,是,,42,,"盘点仓库id,对应领星系统的仓库id",wid,LX-2D7501EFFF14,否,否,仓库
end_date,string,否,,2021-12-20,,结束日期【活动时间】，站点时间，闭区间，格式：Y-m-d，时间间隔最长不超过90天,end_date,LX-2EDE9B89E52C,否,是,
length,int,否,20,20,,分页长度，默认20，上限200,length,LX-2EDE9B89E52C,是,否,
offset,int,否,0,0,,分页偏移量，默认0,offset,LX-2EDE9B89E52C,是,否,
sids,array,否,,"[102,144]",,店铺id，对应[查询亚马逊店铺列表](docs/BasicData/SellerLists)接口对应字段【sid】,sids,LX-2EDE9B89E52C,否,否,店铺
start_date,string,否,,2021-11-23,,开始日期【活动时间】，站点时间，闭区间，格式：Y-m-d，时间间隔最长不超过90天,start_date,LX-2EDE9B89E52C,否,是,
ps_id,int,是,,1,,SPU唯一id【ps_id 与 spu二选一必填,ps_id,LX-30AF347E45FE,否,否,
spu,string,是,,spu,,SPU,spu,LX-30AF347E45FE,否,否,
advertiserIds,array,是,,"[""123456789012345""]",,广告账号ID列表，必填，BigInteger数组，必须至少选择一个店铺,advertiserIds,LX-31720B315BD9,否,否,"店铺, 广告账号"
campaignIds,array,否,,"[123456789,987654321]",,广告活动ID列表，Long数组，按广告活动ID筛选广告组,campaignIds,LX-31720B315BD9,否,否,
campaignType,array,是,,"[""sponsoredProducts-manual"",""sponsoredProducts-auto""]","sponsoredProducts-manual-SP手动, sponsoredProducts-auto-SP自动, sba-SB品牌广告, video-SV视频广告","广告活动类型列表，必填，String数组，枚举值：sponsoredProducts-manual-SP手动, sponsoredProducts-auto-SP自动, sba-SB品牌广告, video-SV视频广告。注意：1.查询sp广告报告必须且只能携带sponsoredProducts-manual和sponsoredProducts-auto；2.查询sb广告报告必须且只能携带sba；3.查询sv广告报告必须且只能携带video",campaignType,LX-31720B315BD9,否,否,
day,int,是,,14,"3, 14, 30","归因天数，必填，数据归因天数，枚举值：3, 14, 30",day,LX-31720B315BD9,否,否,
endDate,string,是,,2024-11-12,,结束日期，必填，格式：yyyy-MM-dd，且 startDate 和 endDate 间隔不能超过31天,endDate,LX-31720B315BD9,否,是,
operationSourceType,string,是,,gateway,,操作来源，必填，openapi调用必传gateway，前端传web,operationSourceType,LX-31720B315BD9,否,否,
orderField,string,否,按广告花费倒序,adSpend,,排序字段，支持对查询结果中的任意字段进行排序（驼峰命名）。包括但不限于：基础指标(numAdsShown/numAdsClicks/adSpend)、销售指标(attributedSales/attributedOrders/attributedUnits/advertisedSkuSales/advertisedSkuUnits)、关联指标(otherSkuSales/otherSkuUnits)、品牌新买家指标(ntbOrders/ntbRevenue/ntbUnits)、计算指标(cpc/ctr/cvr/acos/roas/aov/cpa)、时间字段(startDate/endDate/entityCreateAt)等所有返回的报表字段。不传时默认按广告花费倒序,orderField,LX-31720B315BD9,否,是,"SKU, 订单号"
orderType,string,否,ASC,DESC,"ASC-升序, DESC-降序","排序类型，枚举值：ASC-升序, DESC-降序。不传时默认ASC",orderType,LX-31720B315BD9,否,否,订单号
pageNum,int,是,,1,,页码，必填，分页时的页码，从1开始,pageNum,LX-31720B315BD9,是,否,
pageSize,int,是,,20,,每页大小，必填，分页时每页显示的记录数，openapi必传且小于2000,pageSize,LX-31720B315BD9,是,否,
paging,boolean,是,,1,,是否分页，必填，openapi必填true,paging,LX-31720B315BD9,是,否,
searchText,string,否,,测试广告组,,搜索文本，模糊搜索广告组名称（ad_group_name）,searchText,LX-31720B315BD9,否,否,
startDate,string,是,,2024-11-01,,开始日期，必填，格式：yyyy-MM-dd，且 startDate 和 endDate 间隔不能超过31天,startDate,LX-31720B315BD9,否,是,
status,array,否,,"[""enabled"",""disabled""]","enabled-启用, disabled-禁用, delete-归档","广告组状态列表，String数组，枚举值：enabled-启用, disabled-禁用, delete-归档",status,LX-31720B315BD9,否,否,
file_id,int,是,,1209,,附件id【取对应功能接口返回结果中的附件id值】,file_id,LX-320D9D20B37C,否,否,
itemList,array,是,,"[{""promotionId"":""2577860007635320832"",""storeId"":""32"",""orderPageNum"":1,""orderPageSize"":20,""listingPageNum"":2,""listingPageSize"":1}]",,批量请求详情itemList个数最小为1最大为20,itemList,LX-324AF6B69AEF,否,否,
listingPageNum,number,是,,1,,活动listing分页页数，最小为1,itemList[].listingPageNum,LX-324AF6B69AEF,是,否,
listingPageSize,number,是,,20,,活动listing分页大小，最小为1，最大为200,itemList[].listingPageSize,LX-324AF6B69AEF,是,否,
orderPageNum,number,是,,1,,活动订单分页页数，最小为1,itemList[].orderPageNum,LX-324AF6B69AEF,是,否,订单号
orderPageSize,number,是,,20,,活动订单分页大小，最小为1，最大为200,itemList[].orderPageSize,LX-324AF6B69AEF,是,否,订单号
promotionId,string,是,,2577860007635320832,,活动id,itemList[].promotionId,LX-324AF6B69AEF,否,否,
storeId,string,是,,32,,店铺id,itemList[].storeId,LX-324AF6B69AEF,否,否,店铺
orderComment,string,否,,测试取消,,截单备注,orderComment,LX-330811625C41,否,否,订单号
orderNumbers,array,是,,"[""103576279705989173""]",,系统单号 对应[查询销售出库单列表](docs/Warehouse/WmsOrderList)data>>order_number字段,orderNumbers,LX-330811625C41,否,否,"订单号, 仓库"
tagType,string,是,,3-5,,截单标签，3-5：待人工审核；3-17：其他,tagType,LX-330811625C41,否,否,
order_sn,string,是,,TF230309001,,调拨单单号,order_sn,LX-375342860CAD,否,否,订单号
cargo_goods_list,array,是,,,,货件包含的商品,cargo_goods_list,LX-3A4304922BAA,否,否,
box_num,string,是,,1,,箱子数量,cargo_goods_list[].box_num,LX-3A4304922BAA,否,否,
declare_num,string,是,,1,,货件初始申报量,cargo_goods_list[].declare_num,LX-3A4304922BAA,否,否,
expected_arrival_time,string,是,,2023-09-15 00:00:00,,预估到货时间,cargo_goods_list[].expected_arrival_time,LX-3A4304922BAA,否,是,
gtin,string,是,,09123107025675,,GTIN，[查询添加商品列表](docs/MultiPlatform/V2/addCargoGoodsList)接口对应的字段【gtin】,cargo_goods_list[].gtin,LX-3A4304922BAA,否,否,平台
msku,string,是,,WMUS-DLO-HairRoller-Blue-DLO00030,,MSKU，[查询添加商品列表](docs/MultiPlatform/V2/addCargoGoodsList)接口对应的字段【msku】,cargo_goods_list[].msku,LX-3A4304922BAA,否,否,"平台, MSKU, SKU"
picture_url,string,是,,https://i5.xxx.com/b.jpeg,,图片地址，[查询添加商品列表](docs/MultiPlatform/V2/addCargoGoodsList)接口对应的字段【picture_url】,cargo_goods_list[].picture_url,LX-3A4304922BAA,否,否,平台
product_desc,string,是,,桌子,,商品描述,cargo_goods_list[].product_desc,LX-3A4304922BAA,否,否,
product_id,string,是,,09123107025675,,商品id，[查询添加商品列表](docs/MultiPlatform/V2/addCargoGoodsList)接口对应的字段【item_id】,cargo_goods_list[].product_id,LX-3A4304922BAA,否,否,平台
product_name,string,是,,test1109pm,,商品名字，[查询添加商品列表](docs/MultiPlatform/V2/addCargoGoodsList)接口对应的字段【local_name】,cargo_goods_list[].product_name,LX-3A4304922BAA,否,否,平台
product_type,string,是,,GTIN,GTIN GTIN UPC UPC EAN EAN,商品类型： GTIN GTIN UPC UPC EAN EAN,cargo_goods_list[].product_type,LX-3A4304922BAA,否,否,
single_box_num,string,是,,1,,单箱商品数量,cargo_goods_list[].single_box_num,LX-3A4304922BAA,否,否,
sku,string,是,,SKU_CAR,,SKU，[查询添加商品列表](docs/MultiPlatform/V2/addCargoGoodsList)接口对应的字段【local_sku】,cargo_goods_list[].sku,LX-3A4304922BAA,否,否,"平台, SKU"
value_added_service,string,是,,0,1 需要 0 不需要,增值服务类型： 1 需要 0 不需要,cargo_goods_list[].value_added_service,LX-3A4304922BAA,否,否,
cargo_remark,string,否,,xxx,,货件备注,cargo_remark,LX-3A4304922BAA,否,否,
inbound_order_id,string,否,,,,入库订单id,inbound_order_id,LX-3A4304922BAA,否,否,订单号
return_address,object,是,,,,退件地址，[查询退件地址列表](docs/MultiPlatform/V2/addressReturnAddressList) 接口获取,return_address,LX-3A4304922BAA,否,否,平台
address_alias,string,是,,退货地址001,,地址别名,return_address.address_alias,LX-3A4304922BAA,否,否,
address_id,string,是,,39,,地址id,return_address.address_id,LX-3A4304922BAA,否,否,
city,string,是,,深圳市,,城市,return_address.city,LX-3A4304922BAA,否,否,
mobile,string,是,,177xxxxxxxx,,电话,return_address.mobile,LX-3A4304922BAA,否,否,
postal_code,string,是,,466100,,邮政编码,return_address.postal_code,LX-3A4304922BAA,否,否,
province,string,是,,广东省,,州/省/地区,return_address.province,LX-3A4304922BAA,否,否,
receive_or_delivery_country,string,是,,AD,,发货方/收货方所属国家(或地区)编码,return_address.receive_or_delivery_country,LX-3A4304922BAA,否,否,
receive_or_delivery_country_name,string,是,,安道尔,,发货方/收货方所属国家(或地区)名称,return_address.receive_or_delivery_country_name,LX-3A4304922BAA,否,否,
street_detail,string,是,,XXX街道，xxx社区，x栋,,街道详细地址,return_address.street_detail,LX-3A4304922BAA,否,否,
store_id,string,是,,110000000020008001,,店铺id,store_id,LX-3A4304922BAA,否,否,店铺
order_number_list,string,是,,"""103248664914830848,103157081579986952""",,系统单号列表，多个使用英文逗号分隔，上限100,order_number_list,LX-3AE2636790C1,否,否,订单号
attr_name,string,是,,颜色,,属性名,attr_name,LX-3B1AB09F56B1,否,否,
attr_values,array,是,,,,属性值数组,attr_values,LX-3B1AB09F56B1,否,否,
attr_value,string,是,,白色,,属性值名称,attr_values[].attr_value,LX-3B1AB09F56B1,否,否,
pai_id,int,否,,12,,领星属性值id,attr_values[].pai_id,LX-3B1AB09F56B1,否,否,
pa_id,int,否,,1,,领星属性id,pa_id,LX-3B1AB09F56B1,否,否,
overseas_order_no,string,是,,,,备货单号,overseas_order_no,LX-3B84A6C4C9B4,否,否,订单号
order_list,array,是,,,,订单列表,order_list,LX-3BAA5CBA09DF,否,否,订单号
global_order_no,int,是,,103257522489451000,,系统单号,order_list[].global_order_no,LX-3BAA5CBA09DF,否,否,订单号
logistics,object,是,,,,物流信息,order_list[].logistics,LX-3BAA5CBA09DF,否,否,
logistics_type_id,int,是,,825,,物流方式id，对应 [查询已启用的自发货物流方式](docs/Logistics/listUsedLogisticsType) 接口字段【type_id】,order_list[].logistics.logistics_type_id,LX-3BAA5CBA09DF,否,否,
sys_wid,int,是,,50,,仓库id，对应 [查询仓库列表](docs/Warehouse/WarehouseLists) 接口字段【wid】,order_list[].logistics.sys_wid,LX-3BAA5CBA09DF,否,否,仓库
end_date,string,是,,2024-08-05,,结束时间，格式：Y-m-d,end_date,LX-3D1F244FB7C8,否,是,
length,int,是,15,15,,每页条数，默认15,length,LX-3D1F244FB7C8,是,否,
offset,int,是,0,0,,分页偏移量，默认0,offset,LX-3D1F244FB7C8,是,否,
start_date,string,是,,2022-01-01,,开始时间，格式：Y-m-d,start_date,LX-3D1F244FB7C8,否,是,
sys_wid,int,否,,9,,系统仓库id，多个用英文逗号分隔,sys_wid,LX-3D1F244FB7C8,否,否,仓库
currencyCode,string,否,,CNY,,币种code,currencyCode,LX-3D58C3293860,否,否,
endDate,string,是,,2022-09-25,,结束时间，双闭区间【开始结束时间间隔最长不能跨度7天】,endDate,LX-3D58C3293860,否,是,
length,int,否,,1000,,分页长度，上限10000,length,LX-3D58C3293860,是,否,
mids,array,否,,[2],,站点id,mids,LX-3D58C3293860,否,否,
offset,int,否,,0,,分页偏移量,offset,LX-3D58C3293860,是,否,
searchField,string,否,,msku,msku,搜索值类型：msku,searchField,LX-3D58C3293860,否,否,"MSKU, SKU"
searchValue,array,否,,test123,,搜索值,searchValue,LX-3D58C3293860,否,否,
sids,array,否,,[17],,店铺id ，对应[查询亚马逊店铺列表](docs/BasicData/SellerLists)接口对应字段【sid】,sids,LX-3D58C3293860,否,否,店铺
startDate,string,是,,2022-09-21,,开始时间，双闭区间【开始结束时间间隔最长不能跨度7天】,startDate,LX-3D58C3293860,否,是,
overseas_order_no,string,是,,OWS220828005,,备货单号,overseas_order_no,LX-3E19FAF15A8D,否,否,订单号
create_time_end,int,否,,1609343999,,创建时间-结束时间【时间戳，单位：秒，左闭右开】,create_time_end,LX-3F1F087FF8A1,否,是,
create_time_start,int,否,,1606790813,,创建时间-开始时间【时间戳，单位：秒，左闭右开】,create_time_start,LX-3F1F087FF8A1,否,是,
length,int,否,1000,1000,,分页长度，默认1000，上限1000,length,LX-3F1F087FF8A1,是,否,
offset,int,否,0,0,,分页偏移量，默认0,offset,LX-3F1F087FF8A1,是,否,
sku_identifier_list,array,否,,"[""ceshi001"",""lingcui001"",""01""]",,sku识别码列表,sku_identifier_list,LX-3F1F087FF8A1,否,否,SKU
sku_list,array,否,,"[""ceshi001"",""lingcui001"",""01""]",,本地产品sku,sku_list,LX-3F1F087FF8A1,否,否,SKU
update_time_end,int,否,,1721873182,,更新时间-结束时间【时间戳，单位：秒，左闭右开】,update_time_end,LX-3F1F087FF8A1,否,是,
update_time_start,int,否,,1719799582,,更新时间-开始时间【时间戳，单位：秒，左闭右开】,update_time_start,LX-3F1F087FF8A1,否,是,
adGroupIds,array,否,,"[123456789,987654321]",,广告组ID列表，Long数组，按广告组ID筛选,adGroupIds,LX-40C3F27491DD,否,否,
advertiserIds,array,是,,"[123456789012345,987654321098765]",,广告账号ID列表，BigInteger数组，必填，必须至少选择一个店铺,advertiserIds,LX-40C3F27491DD,否,否,"店铺, 广告账号"
campaignIds,array,否,,"[123456789,987654321]",,广告活动ID列表，Long数组，按广告活动ID筛选,campaignIds,LX-40C3F27491DD,否,否,
campaignType,array,是,,"[""video""]","sponsoredProducts-manual(SP手动), sponsoredProducts-auto(SP自动), sba(SB品牌广告), video(SV视频广告)","广告活动类型列表，String数组，必填，枚举值：sponsoredProducts-manual(SP手动), sponsoredProducts-auto(SP自动), sba(SB品牌广告), video(SV视频广告)。注意：查询SV广告报告必须且只能携带video",campaignType,LX-40C3F27491DD,否,否,
day,int,否,14天,14,"3, 14, 30，默认14天","归因天数，数据归因天数，枚举值：3, 14, 30，默认14天",day,LX-40C3F27491DD,否,否,
endDate,string,是,,2024-12-31,,结束日期，必填，格式：yyyy-MM-dd，且 startDate 和 endDate 间隔不能超过31天,endDate,LX-40C3F27491DD,否,是,
orderField,string,否,按广告花费倒序,adSpend,,排序字段，支持对查询结果中的任意字段进行排序（驼峰命名）。包括：基础指标(numAdsShown/numAdsClicks/adSpend)、销售指标(attributedSales/attributedOrders/attributedUnits/advertisedSkuSales/advertisedSkuUnits)、关联指标(otherSkuSales/otherSkuUnits)、品牌新买家指标(ntbOrders/ntbRevenue/ntbUnits)、计算指标(cpc/ctr/cvr/acos/roas/aov/cpa)、时间字段(startDate/endDate/entityCreateAt)等所有返回的报表字段。不传时默认按广告花费倒序,orderField,LX-40C3F27491DD,否,是,"SKU, 订单号"
orderType,string,否,ASC,DESC,"ASC-升序, DESC-降序，不传时默认ASC","排序类型，枚举值：ASC-升序, DESC-降序，不传时默认ASC",orderType,LX-40C3F27491DD,否,否,订单号
pageNum,int,否,,1,,页码，分页时的页码，从1开始,pageNum,LX-40C3F27491DD,是,否,
pageSize,int,否,,20,,每页大小，分页时每页显示的记录数，最大200,pageSize,LX-40C3F27491DD,是,否,
paging,boolean,否,为true,1,,是否分页，默认为true,paging,LX-40C3F27491DD,是,否,
searchText,string,否,,促销广告,,搜索文本，模糊搜索广告名称（ad_name）,searchText,LX-40C3F27491DD,否,否,
searchType,string,否,,,,搜索类型，目前不用传,searchType,LX-40C3F27491DD,否,否,
startDate,string,是,,2024-01-01,,开始日期，必填，格式：yyyy-MM-dd，且 startDate 和 endDate 间隔不能超过31天,startDate,LX-40C3F27491DD,否,是,
status,array,否,,"[""enabled"",""disabled""]","enabled-启用, disabled-禁用","广告状态列表，String数组，枚举值：enabled-启用, disabled-禁用",status,LX-40C3F27491DD,否,否,
shippingListCode,string,是,,FH202604070001,,发货单编号,shippingListCode,LX-418571887440,否,否,
length,int,否,20,20,,分页长度，默认20，上限800,length,LX-41B3AF612B29,是,否,
offset,int,否,0,0,,分页偏移量，默认0,offset,LX-41B3AF612B29,是,否,
sku,string,否,,Test01,,"SKU，单个,（模糊搜索）",sku,LX-41B3AF612B29,否,否,SKU
wid,string,否,,"1,578,765",,仓库id，多个使用英文逗号分隔,wid,LX-41B3AF612B29,否,否,仓库
fee_part_type,int,否,0】,0,,费用分摊方式：【默认0】 0 不分摊 2 按sku数量分摊 3 按重量 4 按体积 5 按自定义,fee_part_type,LX-41BB2D2886D2,否,否,SKU
freight_fee,string,否,,,,运费,freight_fee,LX-41BB2D2886D2,否,否,
other_fee,string,否,,,,其他费用,other_fee,LX-41BB2D2886D2,否,否,
num,string,否,,1,,出库可用仓位调拨量,out_available_bin.num,LX-41BB2D2886D2,否,否,
out_bin_type,string,否,1,1,,0 默认 1 出库仓位不为空时，必传,out_bin_type,LX-41BB2D2886D2,否,否,
predict_time,string,否,,2022-08-01,,预计到货时间，格式：Y-m-d,predict_time,LX-41BB2D2886D2,否,是,
product_list,array,是,,,,,product_list,LX-41BB2D2886D2,否,否,
bad_num,int,否,,,,次品调拨量，和可用调拨量其中一项必填,product_list[].bad_num,LX-41BB2D2886D2,否,否,
cg_package_height,string,否,,,,包装规格-高（CM），不传或者传空则取产品管理的值,product_list[].cg_package_height,LX-41BB2D2886D2,否,否,
cg_package_length,string,否,,,,包装规格-长（CM），不传或者传空则取产品管理的值,product_list[].cg_package_length,LX-41BB2D2886D2,是,否,
cg_package_width,string,否,,,,包装规格-宽（CM），不传或者传空则取产品管理的值,product_list[].cg_package_width,LX-41BB2D2886D2,否,否,仓库
cg_product_gross_weight,string,否,,,,单品净重，不传或者传空则取产品管理的值,product_list[].cg_product_gross_weight,LX-41BB2D2886D2,否,否,
fnsku,string,否,为空,,,fnsku，不传默认为空,product_list[].fnsku,LX-41BB2D2886D2,否,否,SKU
freight_fee_unit,string,否,,,,单位运费，若费用分摊方式为5-自定义则必填，其他则该字段无效,product_list[].freight_fee_unit,LX-41BB2D2886D2,否,否,
good_num,int,否,,,,可用调拨量，和次品调拨量其中一项必填,product_list[].good_num,LX-41BB2D2886D2,否,否,
other_fee_unit,string,否,,,,单位其他费用，若费用分摊方式为5-自定义则必填，其他则该字段无效,product_list[].other_fee_unit,LX-41BB2D2886D2,否,否,
out_available_bin,array,否,,,,出库可用仓位列表,product_list[].out_available_bin,LX-41BB2D2886D2,否,否,
whb_code,string,否,,A-1-1,,出库可用仓位编码,product_list[].out_available_bin.whb_code,LX-41BB2D2886D2,否,否,
out_inferior_bin,array,否,,,,出库次品仓位列表,product_list[].out_inferior_bin,LX-41BB2D2886D2,否,否,
num,string,否,,1,,出库次品仓位数量,product_list[].out_inferior_bin.num,LX-41BB2D2886D2,否,否,
whb_code,string,否,,A-1-1,,出库次品仓位编码,product_list[].out_inferior_bin.whb_code,LX-41BB2D2886D2,否,否,
product_remark,string,否,,备注,,明细备注，最大长度为255个字符,product_list[].product_remark,LX-41BB2D2886D2,否,否,
seller_id,int,否,0【对应[查询亚马逊店铺信息](docs/BasicData/SellerLists)接口字段sid】,,,店铺id，不传默认0【对应[查询亚马逊店铺信息](docs/BasicData/SellerLists)接口字段sid】,product_list[].seller_id,LX-41BB2D2886D2,否,否,店铺
sku,string,是,,,,sku,product_list[].sku,LX-41BB2D2886D2,否,否,SKU
to_available_bin,array,否,,,,入库可用仓位列表,product_list[].to_available_bin,LX-41BB2D2886D2,否,否,
num,string,否,,1,,入库可用仓位数量,product_list[].to_available_bin.num,LX-41BB2D2886D2,否,否,
whb_code,string,否,,A-1-1,,入库可用仓位编码,product_list[].to_available_bin.whb_code,LX-41BB2D2886D2,否,否,
to_inferior_bin,array,否,,,,入库次品仓位列表,product_list[].to_inferior_bin,LX-41BB2D2886D2,否,否,
num,string,否,,1,,入库次品仓位数量,product_list[].to_inferior_bin.num,LX-41BB2D2886D2,否,否,
whb_code,string,否,,A-1-1,,入库次品仓位编码,product_list[].to_inferior_bin.whb_code,LX-41BB2D2886D2,否,否,
remark,string,否,,,,备注,remark,LX-41BB2D2886D2,否,否,
sys_to_wid,int,否,,,,系统仓库入库id（与客户仓库入库id任一必填，优先取客户入库仓库id）,sys_to_wid,LX-41BB2D2886D2,否,否,仓库
sys_wid,int,否,,,,系统仓库出库id（与客户仓库出库id任一必填，优先取客户出库仓库id）,sys_wid,LX-41BB2D2886D2,否,否,仓库
to_wid,int,否,,,,客户入库仓库id（与系统仓库入库id任一必填，优先取客户入库仓库id）,to_wid,LX-41BB2D2886D2,否,否,仓库
type,int,否,1】,1,【默认1】 1 简易调拨【创建已完成状态的单据】 2 完整调拨【创建待收货状态的单据】,调拨类型：【默认1】 1 简易调拨【创建已完成状态的单据】 2 完整调拨【创建待收货状态的单据】,type,LX-41BB2D2886D2,否,否,
wid,int,否,,,,客户出库仓库id（与系统仓库出库id任一必填，优先取客户出库仓库id）,wid,LX-41BB2D2886D2,否,否,仓库
is_delete,string,否,】,0,,是否删除，多个使用英文逗号分隔： 0 未删除【默认值】 1 已删除,is_delete,LX-41E509578C0D,否,否,
length,int,否,1000条,1000,,分页长度，默认1000条,length,LX-41E509578C0D,是,否,
offset,int,否,0,0,,分页偏移量，默认0,offset,LX-41E509578C0D,是,否,
sub_type,int,否,,2,1 无API海外仓 2 有API海外仓【此参数只在type=3生效】,海外仓子类型： 1 无API海外仓 2 有API海外仓【此参数只在type=3生效】,sub_type,LX-41E509578C0D,否,否,
type,int,否,】,1,1 本地仓【默认值】 3 海外仓 4 亚马逊平台仓 6 AWD仓,仓库类型： 1 本地仓【默认值】 3 海外仓 4 亚马逊平台仓 6 AWD仓,type,LX-41E509578C0D,否,否,"平台, 仓库"
adGroupIds,array,否,,"[123456,789012]",,广告组ID列表，Integer数组，按广告组ID筛选,adGroupIds,LX-434F316A392B,否,否,
advertiserIds,array,是,,"[123456789012345,987654321098765]",,广告账号ID列表，BigInteger数组，必填，必须至少选择一个店铺,advertiserIds,LX-434F316A392B,否,否,"店铺, 广告账号"
campaignIds,array,否,,"[123456789,987654321]",,广告活动ID列表，Long数组，按广告活动ID筛选,campaignIds,LX-434F316A392B,否,否,
campaignType,array,是,,"[""sponsoredProducts-manual"",""sponsoredProducts-auto""]","sponsoredProducts-manual(SP手动), sponsoredProducts-auto(SP自动), sba(SB品牌广告), video(SV视频广告)","广告活动类型列表，String数组，必填，枚举值：sponsoredProducts-manual(SP手动), sponsoredProducts-auto(SP自动), sba(SB品牌广告), video(SV视频广告)。注意：查询SP广告报告必须且只能携带sponsoredProducts-manual和sponsoredProducts-auto",campaignType,LX-434F316A392B,否,否,
day,int,否,14天,14,"3, 14, 30，默认14天","归因天数，数据归因天数，枚举值：3, 14, 30，默认14天",day,LX-434F316A392B,否,否,
endDate,string,是,,2024-12-31,,结束日期，必填，格式：yyyy-MM-dd，且 startDate 和 endDate 间隔不能超过31天,endDate,LX-434F316A392B,否,是,
orderField,string,否,按广告花费倒序,adSpend,,排序字段，支持对查询结果中的任意字段进行排序（驼峰命名）。包括：基础指标(numAdsShown/numAdsClicks/adSpend)、销售指标(attributedSales/attributedOrders/attributedUnits/advertisedSkuSales/advertisedSkuUnits)、关联指标(otherSkuSales/otherSkuUnits)、品牌新买家指标(ntbOrders/ntbRevenue/ntbUnits)、计算指标(cpc/ctr/cvr/acos/roas/aov/cpa)、时间字段(startDate/endDate/entityCreateAt)等所有返回的报表字段。不传时默认按广告花费倒序,orderField,LX-434F316A392B,否,是,"SKU, 订单号"
orderType,string,否,ASC,DESC,"ASC-升序, DESC-降序，不传时默认ASC","排序类型，枚举值：ASC-升序, DESC-降序，不传时默认ASC",orderType,LX-434F316A392B,否,否,订单号
pageNum,int,否,,1,,页码，分页时的页码，从1开始,pageNum,LX-434F316A392B,是,否,
pageSize,int,否,,20,,每页大小，分页时每页显示的记录数，最大200,pageSize,LX-434F316A392B,是,否,
paging,boolean,否,为true,1,,是否分页，默认为true,paging,LX-434F316A392B,是,否,
searchText,string,否,,women shoes,,搜索文本，模糊搜索关键词文本（keyword_text）,searchText,LX-434F316A392B,否,否,
startDate,string,是,,2024-01-01,,开始日期，必填，格式：yyyy-MM-dd，且 startDate 和 endDate 间隔不能超过31天,startDate,LX-434F316A392B,否,是,
status,array,否,,"[""enabled"",""paused""]","enabled-启用, paused-暂停","关键词状态列表，String数组，枚举值：enabled-启用, paused-暂停",status,LX-434F316A392B,否,否,
length,int,否,20,200,,分页长度，默认20,length,LX-44D4A6C312C6,是,否,
offset,int,否,0,0,,分页偏移量，默认0,offset,LX-44D4A6C312C6,是,否,
contact_number,string,否,,,,联系电话,contact_number,LX-4674779EEB39,否,否,
contact_person,string,否,,,,联系人,contact_person,LX-4674779EEB39,否,否,
custom_order_sn,string,否,,,,自定义采购单号【不传此字段则系统自动生成采购单号】,custom_order_sn,LX-4674779EEB39,否,否,订单号
fee_part_type,int,否,,1,,费用分摊方式：0 不分摊，1 按金额，2 按数量,fee_part_type,LX-4674779EEB39,否,否,
is_tax,int,否,,,,是否含税：0 否，1 是【当含税为1时，tax_rate为必传字段】,is_tax,LX-4674779EEB39,否,否,
opt_uid,int,是,,,,采购员uid,opt_uid,LX-4674779EEB39,否,否,
options,object,否,,,,创建选项,options,LX-4674779EEB39,否,否,
is_auto_fill_fnsku,int,否,0】0,0,,是否自动填充fnsku：【默认0】0 否，1 是,options.is_auto_fill_fnsku,LX-4674779EEB39,否,否,SKU
is_auto_fill_store,int,否,0】,0,,是否自动填充店铺：【默认0】 0 否，1 是,options.is_auto_fill_store,LX-4674779EEB39,否,否,店铺
other_currency,string,否,,,,其它费用币种,other_currency,LX-4674779EEB39,否,否,
other_fee,number,否,,,,其它费用,other_fee,LX-4674779EEB39,否,否,
payment_method,int,否,,,,支付方式：1 网银转账，2 网上支付,payment_method,LX-4674779EEB39,否,否,
period_config_key,string,否,,,,账期配置key,period_config_key,LX-4674779EEB39,否,否,
prepay_percent,double,否,,,,预付比例（%）,prepay_percent,LX-4674779EEB39,否,否,
product_list,array,是,,,,,product_list,LX-4674779EEB39,否,否,
cases_num,int,否,,,,箱数,product_list[].cases_num,LX-4674779EEB39,否,否,
expect_arrive_time,string,否,,,,预计到货时间，格式：Y-m-d,product_list[].expect_arrive_time,LX-4674779EEB39,否,是,
fnsku,string,否,,,,fnsku,product_list[].fnsku,LX-4674779EEB39,否,否,SKU
marketplace_id,string,否,,,,marketplace_id【建议使用sid替换】,product_list[].marketplace_id,LX-4674779EEB39,否,否,店铺
plan_sn,string,否,,,,采购计划编号,product_list[].plan_sn,LX-4674779EEB39,否,否,
price,string,是,,,,单价,product_list[].price,LX-4674779EEB39,否,否,
quantity_per_case,int,否,,,,单箱数量,product_list[].quantity_per_case,LX-4674779EEB39,否,否,
quantity_real,string,是,,,,实际采购量,product_list[].quantity_real,LX-4674779EEB39,否,否,
remark,string,否,,,,备注,product_list[].remark,LX-4674779EEB39,否,否,
seller_id,string,否,,,,亚马逊店铺id【建议使用sid替换】,product_list[].seller_id,LX-4674779EEB39,否,否,店铺
sid,int,否,,,,店铺id ，对应[查询亚马逊店铺列表](docs/BasicData/SellerLists)接口对应字段【sid】,product_list[].sid,LX-4674779EEB39,否,否,店铺
sku,string,是,,,,sku,product_list[].sku,LX-4674779EEB39,否,否,SKU
tax_rate,string,否,,,,"税率，范围为[0,100)【当含税为1时，tax_rate为必传字段】",product_list[].tax_rate,LX-4674779EEB39,否,否,
purchase_currency,string,否,,,,采购币种,purchase_currency,LX-4674779EEB39,否,否,
purchaser_id,int,是,,1,,采购方id，[查询采购方列表](docs/Purchase/purchaserLists) 接口对应字段【purchaser_id】,purchaser_id,LX-4674779EEB39,否,否,
qc_type,int,否,0】,0,【默认0】 0 仓库质检，1 预检，2 免检,质检类型：【默认0】 0 仓库质检，1 预检，2 免检,qc_type,LX-4674779EEB39,否,否,仓库
rate,number,否,,,,汇率,rate,LX-4674779EEB39,否,否,
remark,string,否,,,,备注,remark,LX-4674779EEB39,否,否,
settlement_description,string,否,,,,结算描述,settlement_description,LX-4674779EEB39,否,否,
settlement_method,int,否,,,,结算方式：7 现结，8 月结,settlement_method,LX-4674779EEB39,否,否,
shipping_currency,string,否,,,,运费币种,shipping_currency,LX-4674779EEB39,否,否,
shipping_price,number,否,,,,运费,shipping_price,LX-4674779EEB39,否,否,
supplier_id,int,否,,,,客户供应商id,supplier_id,LX-4674779EEB39,否,否,
sys_supplier_id,int,否,,,,系统供应商id【与客户供应商id 二选一必填】,sys_supplier_id,LX-4674779EEB39,否,否,
sys_wid,int,否,,,,系统仓库id【与客户仓库id 二选一必填】,sys_wid,LX-4674779EEB39,否,否,仓库
wid,int,否,,,,客户仓库id,wid,LX-4674779EEB39,否,否,仓库
bin_type_list,string,否,,5,,仓位类型，多个类型用英文逗号分隔： 1 待检暂存 2 可用暂存 3 次品暂存 4 拣货暂存 5 可用 6 次品,bin_type_list,LX-47310BFA3E0D,否,否,
length,int,否,20,20,,分页长度，默认20 ，上限500,length,LX-47310BFA3E0D,是,否,
offset,int,否,0,0,,分页偏移量，默认0,offset,LX-47310BFA3E0D,是,否,
wid,string,否,所有仓库,"1,5,18",,仓库id，多个仓库用英文逗号分隔，默认所有仓库,wid,LX-47310BFA3E0D,否,否,仓库
itemBrand,object,否,,,,商品品牌(在item_brand_1/2/3中搜索)，模糊搜索请使用String类型，精确搜索请使用数组类型,itemBrand,LX-48F40DDAE6D3,否,否,
itemBrandType,int,否,,1,"0-模糊搜索, 1-精确搜索","商品品牌类型，枚举值：0-模糊搜索, 1-精确搜索",itemBrandType,LX-48F40DDAE6D3,否,否,
itemQueryField,int,否,,1,"0-itemId, 1-itemName","查询字段，枚举值：0-itemId, 1-itemName",itemQueryField,LX-48F40DDAE6D3,否,否,
itemQueryType,int,否,,1,"0-模糊搜索, 1-精确搜索","字段类型，枚举值：0-模糊搜索, 1-精确搜索",itemQueryType,LX-48F40DDAE6D3,否,否,
itemQueryValue,object,否,,,,文本框中的值，模糊搜索请使用String类型，精确搜索请使用数组类型,itemQueryValue,LX-48F40DDAE6D3,否,否,
orderField,string,否,,keywordRank,"searchKeyword-搜索关键词, keywordRank-关键词排名, totalPctClickShare-前3商品点击占比总和, totalPctConvShare-前3商品转化占比总和","排序字段(驼峰格式)，枚举值：searchKeyword-搜索关键词, keywordRank-关键词排名, totalPctClickShare-前3商品点击占比总和, totalPctConvShare-前3商品转化占比总和",orderField,LX-48F40DDAE6D3,否,否,订单号
orderType,string,否,,DESC,"ASC-升序, DESC-降序","排序方向，枚举值：ASC-升序, DESC-降序",orderType,LX-48F40DDAE6D3,否,否,订单号
pageNum,int,是,,1,,页码，必填,pageNum,LX-48F40DDAE6D3,是,否,
pageSize,int,是,,20,,每页大小，必填，不能大于100,pageSize,LX-48F40DDAE6D3,是,否,
reportDate,string,是,,2024-11-01,,报告日期，必填，格式：yyyy-MM-dd,reportDate,LX-48F40DDAE6D3,否,是,
searchKeyword,object,否,,,,搜索关键词，模糊搜索请使用String类型，精确搜索请使用数组类型,searchKeyword,LX-48F40DDAE6D3,否,否,
searchKeywordType,int,否,,1,"0-模糊搜索, 1-精确搜索","搜索关键词类型，枚举值：0-模糊搜索, 1-精确搜索",searchKeywordType,LX-48F40DDAE6D3,否,否,
date_type,int,否,,1,1 预计到货时间，2 收货时间，3 创建时间，4 更新时间,查询时间类型：1 预计到货时间，2 收货时间，3 创建时间，4 更新时间,date_type,LX-4B9473A2D2E1,否,是,
end_date,string,否,,2024-07-29,,结束时间，格式：Y-m-d 当筛选更新时间时，支持Y-m-d或Y-m-d H:i:s,end_date,LX-4B9473A2D2E1,否,是,
length,int,否,200,20,,分页长度，默认200，上限500,length,LX-4B9473A2D2E1,是,否,
offset,int,否,0,0,,分页偏移量，默认0,offset,LX-4B9473A2D2E1,是,否,
order_sns,string,否,,"CR240729025,CR240729013",,收货单号，多个使用英文逗号分隔,order_sns,LX-4B9473A2D2E1,否,否,订单号
order_type,int,否,,1,1 采购订单，2 委外订单,收货类型：1 采购订单，2 委外订单,order_type,LX-4B9473A2D2E1,否,否,订单号
qc_status,string,否,,"0,1,2",,质检状态，多个使用英文逗号分隔：0 未质检，1 部分质检，2 完成质检,qc_status,LX-4B9473A2D2E1,否,否,
start_date,string,否,,2024-07-29,,开始时间，格式：Y-m-d 当筛选更新时间时，支持Y-m-d或Y-m-d H:i:s,start_date,LX-4B9473A2D2E1,否,是,
status,int,否,,10,,状态：10 待收货，40 已完成,status,LX-4B9473A2D2E1,否,否,
wid,string,否,,"1,2",,仓库id，多个使用英文逗号分隔,wid,LX-4B9473A2D2E1,否,否,仓库
store_id,string,是,,110418202566107648,,店铺id,store_id,LX-4BEBA8523762,否,否,店铺
code,string,是,,Charon,,仓位名称,code,LX-4C457588B444,否,否,
type,int,是,,5,5 可用 6 次品,仓位类型： 5 可用 6 次品,type,LX-4C457588B444,否,否,
wid,int,是,,1599,,仓库id,wid,LX-4C457588B444,否,否,仓库
end_date,string,否,,2021-12-20,,结束日期【活动时间】，站点时间，闭区间，格式：Y-m-d，时间间隔最长不超过90天,end_date,LX-4D53DF8CE668,否,是,
length,int,否,20,20,,分页长度，默认20，上限200,length,LX-4D53DF8CE668,是,否,
offset,int,否,0,0,,分页偏移量，默认0,offset,LX-4D53DF8CE668,是,否,
sids,array,否,,"[102,144]",,店铺id ，对应[查询亚马逊店铺列表](docs/BasicData/SellerLists)接口对应字段【sid】,sids,LX-4D53DF8CE668,否,否,店铺
start_date,string,否,,2021-11-23,,开始日期【活动时间】，站点时间，闭区间，格式：Y-m-d，时间间隔最长不超过90天,start_date,LX-4D53DF8CE668,否,是,
end_date,string,否,,2024-07-30,,结束日期，格式：Y-m-d，只有和开始日期同时有值才会生效,end_date,LX-4E3A3DA2B70A,否,是,
page,int,否,1,1,,当前页码，默认1,page,LX-4E3A3DA2B70A,是,否,
page_size,int,否,15,15,,分页条数，默认15,page_size,LX-4E3A3DA2B70A,是,否,
search_date_type,int,否,为,1,【不传或传空则默认为 1】 1 创建时间 2 调拨时间 3 完成时间 4 更新时间,时间类型：【不传或传空则默认为 1】 1 创建时间 2 调拨时间 3 完成时间 4 更新时间,search_date_type,LX-4E3A3DA2B70A,否,是,
start_date,string,否,,2024-07-25,,开始日期，格式：Y-m-d，只有和结束日期同时有值才会生效,start_date,LX-4E3A3DA2B70A,否,是,
to_wid,string,否,,581,,入库仓库id，多个以英文逗号分隔,to_wid,LX-4E3A3DA2B70A,否,否,仓库
wid,string,否,,432,,出库仓库id，多个以英文逗号分隔,wid,LX-4E3A3DA2B70A,否,否,仓库
end_date,string,否,,2024-08-01,,结束日期，格式：Y-m-d,end_date,LX-4EDA0C221DF4,否,是,
length,int,是,20,20,,分页长度，默认20，最大值为2000,length,LX-4EDA0C221DF4,是,否,
mid,int,否,,1,,国家id,mid,LX-4EDA0C221DF4,否,否,
offset,int,是,0,0,,分页偏移量，默认0,offset,LX-4EDA0C221DF4,是,否,
start_date,string,否,,2024-08-01,,开始日期，格式：Y-m-d,start_date,LX-4EDA0C221DF4,否,是,
orderSn,array,是,,"[""PO210510004""]",,仅支持系统单号，不支持自定义采购单号,orderSn,LX-500C4287A05E,否,否,订单号
ptIds,array,否,,"[1,2,3]",,装箱任务id，未填时 taskSns 必填,ptIds,LX-5094B5DD4252,否,否,
taskSns,string,否,,PL260423001,,装箱任务单号，未填时 ptIds 必填,taskSns,LX-5094B5DD4252,否,否,
orderSn,array,是,,"[""TF211231001"",""TF210916001""]",,调拨单单号，对应[查询调拨单列表](docs/Warehouse/getStorageAllocationList)接口字段【order_sn】,orderSn,LX-50E3A9271BE9,否,否,"订单号, 仓库"
adGroupIds,array,否,,"[123456789,987654321]",,广告组ID列表，Long数组，按广告组ID筛选,adGroupIds,LX-5182D556071A,否,否,
advertiserIds,array,是,,"[123456789012345,987654321098765]",,广告账号ID列表，BigInteger数组，必填，必须至少选择一个店铺,advertiserIds,LX-5182D556071A,否,否,"店铺, 广告账号"
campaignIds,array,否,,"[123456789,987654321]",,广告活动ID列表，Long数组，按广告活动ID筛选,campaignIds,LX-5182D556071A,否,否,
campaignType,array,是,,"[""sba""]","sponsoredProducts-manual(SP手动), sponsoredProducts-auto(SP自动), sba(SB品牌广告), video(SV视频广告)","广告活动类型列表，String数组，必填，枚举值：sponsoredProducts-manual(SP手动), sponsoredProducts-auto(SP自动), sba(SB品牌广告), video(SV视频广告)。注意：查询SB广告报告必须且只能携带sba",campaignType,LX-5182D556071A,否,否,
day,int,否,14天,14,"3, 14, 30，默认14天","归因天数，数据归因天数，枚举值：3, 14, 30，默认14天",day,LX-5182D556071A,否,否,
endDate,string,是,,2024-12-31,,结束日期，必填，格式：yyyy-MM-dd，且 startDate 和 endDate 间隔不能超过31天,endDate,LX-5182D556071A,否,是,
orderField,string,否,按广告花费倒序,adSpend,,排序字段，支持对查询结果中的任意字段进行排序（驼峰命名）。包括：基础指标(numAdsShown/numAdsClicks/adSpend)、销售指标(attributedSales/attributedOrders/attributedUnits/advertisedSkuSales/advertisedSkuUnits)、关联指标(otherSkuSales/otherSkuUnits)、品牌新买家指标(ntbOrders/ntbRevenue/ntbUnits)、计算指标(cpc/ctr/cvr/acos/roas/aov/cpa)、时间字段(startDate/endDate/entityCreateAt)等所有返回的报表字段。不传时默认按广告花费倒序,orderField,LX-5182D556071A,否,是,"SKU, 订单号"
orderType,string,否,ASC,DESC,"ASC-升序, DESC-降序，不传时默认ASC","排序类型，枚举值：ASC-升序, DESC-降序，不传时默认ASC",orderType,LX-5182D556071A,否,否,订单号
pageNum,int,否,,1,,页码，分页时的页码，从1开始,pageNum,LX-5182D556071A,是,否,
pageSize,int,否,,20,,每页大小，分页时每页显示的记录数，最大200,pageSize,LX-5182D556071A,是,否,
paging,boolean,否,为true,1,,是否分页，默认为true,paging,LX-5182D556071A,是,否,
searchText,string,否,,双十一促销活动,,搜索文本，模糊搜索广告活动名称（campaign_name）,searchText,LX-5182D556071A,否,否,
searchType,string,否,,,,搜索类型，目前不用传,searchType,LX-5182D556071A,否,否,
startDate,string,是,,2024-01-01,,开始日期，必填，格式：yyyy-MM-dd，且 startDate 和 endDate 间隔不能超过31天,startDate,LX-5182D556071A,否,是,
status,array,否,,"[""enabled"",""live""]","enabled-启用, paused-暂停, scheduled-已安排, rescheduled-重新安排, live-运行中, proposal-提议, completed-已完成","广告活动状态列表，String数组，枚举值：enabled-启用, paused-暂停, scheduled-已安排, rescheduled-重新安排, live-运行中, proposal-提议, completed-已完成",status,LX-5182D556071A,否,否,
workOrderNos,array,是,,"[""202609020007""]",,售后工单号列表，来源：[新增售后工单](/docs/Service/AfterSalesWorkOrderAdd) 返回的 data,workOrderNos,LX-51D280C19061,否,否,订单号
length,int,否,15,15,,分页长度，默认15，上限200,length,LX-531E7CE81EF4,是,否,
offset,int,否,0,0,,分页偏移量，默认0,offset,LX-531E7CE81EF4,是,否,
store_id,array,是,,"[""110418202566107648""]",,店铺id,store_id,LX-531E7CE81EF4,否,否,店铺
assessYear,int,是,,2022,,目标年份(只允许去年、今年、明年),assessYear,LX-532ADAD560E1,否,否,
currencyCode,string,是,,原币种,,币种【仅支持USD、EUR、GBP、CNY、JPY、原币种】,currencyCode,LX-532ADAD560E1,否,否,
goalList,array,是,,,,目标列表,goalList,LX-532ADAD560E1,否,否,
amount1,number,是,,953,,1月目标,goalList[].amount1,LX-532ADAD560E1,否,否,
amount10,number,是,,100,,10月目标,goalList[].amount10,LX-532ADAD560E1,否,否,
amount11,number,是,,100,,11月目标,goalList[].amount11,LX-532ADAD560E1,否,否,
amount12,number,是,,100,,12月目标,goalList[].amount12,LX-532ADAD560E1,否,否,
amount2,number,是,,153,,2月目标,goalList[].amount2,LX-532ADAD560E1,否,否,
amount3,number,是,,726,,3月目标,goalList[].amount3,LX-532ADAD560E1,否,否,
amount4,number,是,,100,,4月目标,goalList[].amount4,LX-532ADAD560E1,否,否,
amount5,number,是,,100,,5月目标,goalList[].amount5,LX-532ADAD560E1,否,否,
amount6,number,是,,100,,6月目标,goalList[].amount6,LX-532ADAD560E1,否,否,
amount7,number,是,,100,,7月目标,goalList[].amount7,LX-532ADAD560E1,否,否,
amount8,number,是,,100,,8月目标,goalList[].amount8,LX-532ADAD560E1,否,否,
amount9,number,是,,100,,9月目标,goalList[].amount9,LX-532ADAD560E1,否,否,
sid,int,是,,1,,店铺id ，对应[查询亚马逊店铺列表](docs/BasicData/SellerLists)接口对应字段【sid】,goalList[].sid,LX-532ADAD560E1,否,否,店铺
operateType,int,是,,1,1 仅新增 2 新增并更新,操作类型： 1 仅新增 2 新增并更新,operateType,LX-532ADAD560E1,否,否,
advertiserIds,array,是,,"[""123456789"",""987654321""]",,广告账号ID列表，BigInteger数组，必须至少选择一个店铺,advertiserIds,LX-541F3B11E6DE,否,否,"店铺, 广告账号"
campaignIds,array,否,,"[""100001"",""100002""]",,广告活动ID列表，Long数组，按广告活动ID筛选广告组,campaignIds,LX-541F3B11E6DE,否,否,
campaignType,array,是,查询所有类型,"[""video""]","sponsoredProducts-manual(SP手动), sponsoredProducts-auto(SP自动), sba(SB品牌广告), video(SV视频广告)","广告活动类型列表，String数组，枚举值：sponsoredProducts-manual(SP手动), sponsoredProducts-auto(SP自动), sba(SB品牌广告), video(SV视频广告)。不传时默认查询所有类型",campaignType,LX-541F3B11E6DE,否,否,
companyId,int,否,,10001,,公司ID,companyId,LX-541F3B11E6DE,否,否,
dateKey,string,是,,day,"day-按天, week-按周, month-按月","天数据聚合维度，枚举值：day-按天, week-按周, month-按月。【仅天维度接口使用】",dateKey,LX-541F3B11E6DE,否,是,
day,int,否,14天,14,"3, 14, 30","归因天数，数据归因天数，枚举值：3, 14, 30。默认14天",day,LX-541F3B11E6DE,否,否,
endDate,string,是,,2024-12-31,,结束日期，格式: yyyy-MM-dd，且 startDate 和 endDate 间隔不能超过31天,endDate,LX-541F3B11E6DE,否,是,
operationSourceType,string,否,网页操作,web,,操作来源，默认网页操作,operationSourceType,LX-541F3B11E6DE,否,否,
orderField,string,否,按广告花费倒序,adSpend,,排序字段，支持对查询结果中的任意字段进行排序（驼峰命名）。包括但不限于: 基础指标(numAdsShown/numAdsClicks/adSpend)、销售指标(attributedSales/attributedOrders/attributedUnits/advertisedSkuSales/advertisedSkuUnits)、关联指标(otherSkuSales/otherSkuUnits)、品牌新买家指标(ntbOrders/ntbRevenue/ntbUnits)、计算指标(cpc/ctr/cvr/acos/roas/aov/cpa)、时间字段(startDate/endDate/entityCreateAt)等所有返回的报表字段。不传时默认按广告花费倒序,orderField,LX-541F3B11E6DE,否,是,"SKU, 订单号"
orderType,string,否,ASC,DESC,"ASC-升序, DESC-降序","排序类型，枚举值：ASC-升序, DESC-降序。不传时默认ASC",orderType,LX-541F3B11E6DE,否,否,订单号
pageNum,int,否,,1,,页码，分页时的页码，从1开始,pageNum,LX-541F3B11E6DE,是,否,
pageSize,int,否,,50,,每页大小，分页时每页显示的记录数,pageSize,LX-541F3B11E6DE,是,否,
paging,boolean,否,为true,1,,是否分页，默认为true,paging,LX-541F3B11E6DE,是,否,
searchText,string,否,,测试广告组,,搜索文本，模糊搜索广告组名称（ad_group_name）,searchText,LX-541F3B11E6DE,否,否,
searchType,string,否,,,,搜索类型，目前不用传,searchType,LX-541F3B11E6DE,否,否,
startDate,string,是,,2024-01-01,,开始日期，格式: yyyy-MM-dd，且 startDate 和 endDate 间隔不能超过31天,startDate,LX-541F3B11E6DE,否,是,
status,array,否,,"[""enabled"",""disabled""]","enabled-启用, disabled-禁用, delete-归档","广告组状态列表，String数组，枚举值：enabled-启用, disabled-禁用, delete-归档",status,LX-541F3B11E6DE,否,否,
date_type,string,是,,create_time,create_time 创建时间 complete_time 完成时间,时间类型： create_time 创建时间 complete_time 完成时间,date_type,LX-5470F505D06E,否,是,
end_time,string,是,,2023-06-16 23:59:59,,结束时间，闭区间，格式：Y-m-d H:i:s,end_time,LX-5470F505D06E,否,是,
length,int,是,,20,,分页长度，上限500,length,LX-5470F505D06E,是,否,
offset,int,是,,0,,分页偏移量,offset,LX-5470F505D06E,是,否,
start_time,string,是,,2023-06-15 00:00:00,,开始时间，闭区间，格式：Y-m-d H:i:s,start_time,LX-5470F505D06E,否,是,
pullDate,string,是,,2024-11-01,,报表更新日期，必填，日期格式：yyyy-MM-dd,pullDate,LX-54F0AD822356,否,是,
sid,long,是,,123456789,,店铺ID，必填,sid,LX-54F0AD822356,否,否,店铺
arrival_time,string,否,,,,实际到货时间,arrival_time,LX-5567B5700B78,否,是,
custom_fields,object,否,,,,自定义字段,custom_fields,LX-5567B5700B78,否,否,
custom_s_wid,string,否,,,,自定义仓库id，custom_s_wid和s_wid其中一项必填，都填则优先custom_s_wid,custom_s_wid,LX-5567B5700B78,否,否,仓库
estimated_time,string,否,,,,预计到货时间,estimated_time,LX-5567B5700B78,否,是,
file_id,string,否,,,,附件id,file_id,LX-5567B5700B78,否,否,
head_logistics_list,object,是,,,,新版头程物流信息（当logistics_list_type 为1时才有意义）,head_logistics_list,LX-5567B5700B78,否,否,
actual_expenses_list,object,是,,,,费用明细-实际费用,head_logistics_list.actual_expenses_list,LX-5567B5700B78,否,否,
chargeable_weight,string,是,,111.00,,计费重,head_logistics_list.actual_expenses_list.chargeable_weight,LX-5567B5700B78,否,否,
logistics_fee,string,是,,111.00,,物流费用,head_logistics_list.actual_expenses_list.logistics_fee,LX-5567B5700B78,否,否,
logistics_fee_currency,string,是,,CNY,,物流费用币种,head_logistics_list.actual_expenses_list.logistics_fee_currency,LX-5567B5700B78,否,否,
other_fee_arr,array,是,,,,实际费用-其他费： [获取发货单头程物流-其他费类型](docs/FBA/GetHeadLogisticsFeeTypes)接口获取,head_logistics_list.actual_expenses_list.other_fee_arr,LX-5567B5700B78,否,否,
fee_type_id,string,是,,241192037543649792,,其他费id(20位),head_logistics_list.actual_expenses_list.other_fee_arr[].fee_type_id,LX-5567B5700B78,否,否,
other_amount,string,是,,111.00,,其他费金额,head_logistics_list.actual_expenses_list.other_fee_arr[].other_amount,LX-5567B5700B78,否,否,
other_currency,string,是,,CNY,,其他费币种,head_logistics_list.actual_expenses_list.other_fee_arr[].other_currency,LX-5567B5700B78,否,否,
price,string,是,,111.00,,单价,head_logistics_list.actual_expenses_list.price,LX-5567B5700B78,否,否,
price_currency,string,是,,CNY,,单价币种,head_logistics_list.actual_expenses_list.price_currency,LX-5567B5700B78,否,否,
remark,string,否,,这个一个实际费用的备注,,备注,head_logistics_list.actual_expenses_list.remark,LX-5567B5700B78,否,否,
tax_fee,string,是,,1,,税费,head_logistics_list.actual_expenses_list.tax_fee,LX-5567B5700B78,否,否,
tax_fee_currency,string,是,,CNY,,税费币种,head_logistics_list.actual_expenses_list.tax_fee_currency,LX-5567B5700B78,否,否,
estimate_expenses_list,object,是,,,,费用明细-预估费用,head_logistics_list.estimate_expenses_list,LX-5567B5700B78,否,否,
chargeable_weight,string,否,,111.00,,计费重(单位KG),head_logistics_list.estimate_expenses_list.chargeable_weight,LX-5567B5700B78,否,否,
logistics_fee,string,是,,1.00,,物流费用,head_logistics_list.estimate_expenses_list.logistics_fee,LX-5567B5700B78,否,否,
logistics_fee_currency,string,是,,CNY,,物流费用币种,head_logistics_list.estimate_expenses_list.logistics_fee_currency,LX-5567B5700B78,否,否,
other_fee_arr,array,是,,,,预估费用-其他费： [获取发货单头程物流-其他费类型](docs/FBA/GetHeadLogisticsFeeTypes)接口获取,head_logistics_list.estimate_expenses_list.other_fee_arr,LX-5567B5700B78,否,否,
fee_type_id,string,是,,241192037543649792,,其他费id（20位）,head_logistics_list.estimate_expenses_list.other_fee_arr[].fee_type_id,LX-5567B5700B78,否,否,
other_amount,string,是,,1.00,,其他费金额,head_logistics_list.estimate_expenses_list.other_fee_arr[].other_amount,LX-5567B5700B78,否,否,
other_currency,string,是,,CNY,,其他费币种,head_logistics_list.estimate_expenses_list.other_fee_arr[].other_currency,LX-5567B5700B78,否,否,
price,string,是,,1.00,,单价,head_logistics_list.estimate_expenses_list.price,LX-5567B5700B78,否,否,
price_currency,string,是,,CNY,,单价币种,head_logistics_list.estimate_expenses_list.price_currency,LX-5567B5700B78,否,否,
remark,string,否,,预估费用备注,,备注,head_logistics_list.estimate_expenses_list.remark,LX-5567B5700B78,否,否,
tax_fee_type,int,是,,1,,税费分摊方式： 0：产品-计费重 1：产品-实重 2：产品-体积重 3：产品-数量 4：自定义 5：箱子-体积),head_logistics_list.tax_fee_type,LX-5567B5700B78,否,否,
tracking_list,list,是,,,,轨迹信息,head_logistics_list.tracking_list,LX-5567B5700B78,否,否,
order_type_code,int,是,,2,【注意：与运输类型联动关系】 1：订舱号 2：提单号 3：箱号 4：其他 5：跟踪单号 6：航班号 当transport_type=1时只能传5 当transport_type=2时只能传1、2、3、4 当transport_type=3时只能传2、6,单号类型：【注意：与运输类型联动关系】 1：订舱号 2：提单号 3：箱号 4：其他 5：跟踪单号 6：航班号 当transport_type=1时只能传5 当transport_type=2时只能传1、2、3、4 当transport_type=3时只能传2、6,head_logistics_list.tracking_list.order_type_code,LX-5567B5700B78,否,否,订单号
remark,string,是,,这是一个备注,,备注,head_logistics_list.tracking_list.remark,LX-5567B5700B78,否,否,
shippers,string,是,,coscoxxx,,承运商【运输类型为海运时才有意义】,head_logistics_list.tracking_list.shippers,LX-5567B5700B78,否,否,
tracking_no,string,是,,cxdhxxxxxx123,,查询单号,head_logistics_list.tracking_list.tracking_no,LX-5567B5700B78,否,否,
transport_type,int,是,,1,1：快递 2：海运 3：空运 4：其他,运输类型： 1：快递 2：海运 3：空运 4：其他,head_logistics_list.tracking_list.transport_type,LX-5567B5700B78,否,否,
inbound_order_no,string,是,,,,客户参考号（唯一单号）,inbound_order_no,LX-5567B5700B78,否,否,订单号
logistics_id,int,是,,,,物流方式id，[查询头程物流渠道列表](docs/Logistics/ChannelList)接口对应字段【id】 （按计费重分摊时，需有传对应物流方式，以获取材积参数用于计算）,logistics_id,LX-5567B5700B78,否,否,
logistics_list,array,否,,,,物流信息,logistics_list,LX-5567B5700B78,否,否,
logistics_money,string,否,,,,预估物流费用,logistics_list[].logistics_money,LX-5567B5700B78,否,否,
logistics_money_unit,string,否,,,,预估物流费用币种,logistics_list[].logistics_money_unit,LX-5567B5700B78,否,否,
logistics_order_no,string,否,,,,物流单号,logistics_list[].logistics_order_no,LX-5567B5700B78,否,否,订单号
other_money,string,否,,,,预估其他费用,logistics_list[].other_money,LX-5567B5700B78,否,否,
other_money_remark,string,否,,,,预估费用备注,logistics_list[].other_money_remark,LX-5567B5700B78,否,否,
other_money_unit,string,否,,,,预估其他费用币种,logistics_list[].other_money_unit,LX-5567B5700B78,否,否,
real_logistics_money,number,否,,,,实际物流费用,logistics_list[].real_logistics_money,LX-5567B5700B78,否,否,
real_logistics_money_unit,string,否,,,,实际物流费用币种,logistics_list[].real_logistics_money_unit,LX-5567B5700B78,否,否,
real_other_money,number,否,,,,实际其他费用,logistics_list[].real_other_money,LX-5567B5700B78,否,否,
real_other_money_remark,string,否,,,,实际其他费用备注,logistics_list[].real_other_money_remark,LX-5567B5700B78,否,否,
real_other_money_unit,string,否,,,,实际其他费用币种,logistics_list[].real_other_money_unit,LX-5567B5700B78,否,否,
track_order_no,string,否,,,,追踪号,logistics_list[].track_order_no,LX-5567B5700B78,否,否,订单号
wool_id,int,否,,,,物流记录id,logistics_list[].wool_id,LX-5567B5700B78,否,否,
logistics_list_type,int,是,旧版物流信息,0,,物流信息版本：0或者不传：默认旧版物流信息 1：新版物流信息,logistics_list_type,LX-5567B5700B78,否,否,
method_id,string,否,,241261034153378816,,运输方式 [查询运输方式列表](docs/Logistics/transportMethodList)接口对应字段【method_id】,method_id,LX-5567B5700B78,否,否,
overseas_type,int,否,2】：,,,下单至第三方【默认2】： 1 否，2 是 注：当收货仓为API海外仓时可填，不填默认为是,overseas_type,LX-5567B5700B78,否,否,
product_list,array,是,,,,产品信息,product_list,LX-5567B5700B78,否,否,
cg_package_height,number,否,,,,包装规格-高（CM）,product_list[].cg_package_height,LX-5567B5700B78,否,否,
cg_package_length,number,否,,,,包装规格-长（CM）,product_list[].cg_package_length,LX-5567B5700B78,是,否,
cg_package_width,number,否,,,,包装规格-宽（CM）,product_list[].cg_package_width,LX-5567B5700B78,否,否,仓库
cg_product_gross_weight,number,否,,,,单品净重（G）,product_list[].cg_product_gross_weight,LX-5567B5700B78,否,否,
fnsku,string,否,,,,fnsku,product_list[].fnsku,LX-5567B5700B78,否,否,SKU
oversea_product_code,string,否,,,,三方sku编码，[查询系统产品与第三方海外仓产品映射列表](docs/Warehouse/matchSkuList)接口对应字段【oversea_product_code】 【当仓库是有api海外仓必填】,product_list[].oversea_product_code,LX-5567B5700B78,否,否,"SKU, 仓库"
product_id,int,是,,,,本地商品id,product_list[].product_id,LX-5567B5700B78,否,否,
receive_num,int,是,,,,收货数量（收货数量可以为0）,product_list[].receive_num,LX-5567B5700B78,否,否,
sid,string,否,,,,店铺id，有fnsku填 ，对应[查询亚马逊店铺列表](docs/BasicData/SellerLists)接口对应字段【sid】,product_list[].sid,LX-5567B5700B78,否,否,"店铺, SKU"
stock_num,int,是,,,,备货数量，整箱配对需要乘以配对数量,product_list[].stock_num,LX-5567B5700B78,否,否,
tariffs,number,否,,,,报关费用,product_list[].tariffs,LX-5567B5700B78,否,否,
tariffs_currency_unit,string,否,,,,报关费用币种,product_list[].tariffs_currency_unit,LX-5567B5700B78,否,否,
r_wid,int,是,,,,收货仓库，仅限海外仓,r_wid,LX-5567B5700B78,否,否,仓库
real_delivery_time,string,否,,,,实际发货时间,real_delivery_time,LX-5567B5700B78,否,是,
remark,string,否,,,,备注,remark,LX-5567B5700B78,否,否,
s_wid,int,是,,,,发货仓库，仅限本地仓,s_wid,LX-5567B5700B78,否,否,仓库
share_id,int,否,0】,,,头程费分摊方式：【默认0】 0 按计费重 1 按实重 2 按体积重 3 按SKU数量 4 自定义 5 按箱子体积 注意：生成待发货状态备货单时，需要通过接口[上传备货单装箱信息](docs/Warehouse/packing)上传箱子信息； 待收货和已完成的订单不支持【上传备货单装箱信息】，无法按箱子体积分摊,share_id,LX-5567B5700B78,否,否,"SKU, 订单号, 仓库"
status,int,否,60】,,,订单状态：【默认60】 40 待发货 50 待收货 60 已完成 注：收货仓支持三方海外仓的备货单状态只会到待发货,status,LX-5567B5700B78,否,否,订单号
dateType,double,是,,,1-售后时间(returnOrderDate) 2-截止时间(returnByDate) 3-订购时间(purchaseTimeLocale) 查询时间范围不超过一年,时间类型：1-售后时间(returnOrderDate) 2-截止时间(returnByDate) 3-订购时间(purchaseTimeLocale) 查询时间范围不超过一年,dateType,LX-571E669C2E50,否,是,订单号
endDate,string,是,,,,结束时间，格式 yyyy-MM-dd 或 yyyy-MM-dd HH:mm:ss,endDate,LX-571E669C2E50,否,是,
fulfilmentTypeList,array,否,,,FulfillBySeller / FulfillByPlatform / FulfillByPlatformAndSeller,发货类型：FulfillBySeller / FulfillByPlatform / FulfillByPlatformAndSeller,fulfilmentTypeList,LX-571E669C2E50,否,否,"店铺, 平台"
pageNum,double,否,,,,查询起始位置,pageNum,LX-571E669C2E50,是,否,
pageSize,double,否,,,,分页大小,pageSize,LX-571E669C2E50,是,否,
returnReasonList,array,否,,,,售后原因列表（明细维度，return_reason 原始代码）,returnReasonList,LX-571E669C2E50,否,否,
returnStatusList,array,否,,,,售后状态列表（明细维度）：INITIATED / DELIVERED / COMPLETED,returnStatusList,LX-571E669C2E50,否,否,
returnTypeList,array,否,,,REPLACEMENT / PREORDER / REFUND,售后类型：REPLACEMENT / PREORDER / REFUND,returnTypeList,LX-571E669C2E50,否,否,订单号
searchMultiValue,array,否,,,,批量精确搜索关键词列表（换行分隔后传入）,searchMultiValue,LX-571E669C2E50,否,否,
searchSingleValue,string,否,,,,单个模糊搜索关键词,searchSingleValue,LX-571E669C2E50,否,否,
searchType,double,否,,,1-售后单号 2-买家订单号 3-换货订单号 4-平台订单号 5-标题 6-MSKU 7-SKU 8-品名,搜索字段类型：1-售后单号 2-买家订单号 3-换货订单号 4-平台订单号 5-标题 6-MSKU 7-SKU 8-品名,searchType,LX-571E669C2E50,否,否,"平台, MSKU, SKU, 订单号"
siteCodeList,array,否,,,,站点列表，如 10008-US,siteCodeList,LX-571E669C2E50,否,否,
sortField,string,否,returnOrderDate,,,排序字段：returnOrderDate / returnByDate / purchaseTimeLocale，默认 returnOrderDate,sortField,LX-571E669C2E50,否,是,订单号
sortType,string,否,desc,,,排序方式：asc / desc，默认 desc,sortType,LX-571E669C2E50,否,否,
startDate,string,是,,,,开始时间，格式 yyyy-MM-dd 或 yyyy-MM-dd HH:mm:ss,startDate,LX-571E669C2E50,否,是,
storeIdList,array,否,,,,店铺ID列表,storeIdList,LX-571E669C2E50,否,否,店铺
adDatePicker,array,否,,,,adDatePicker（日期格式：yyyy-MM-dd）,adDatePicker,LX-5779B4C3F664,否,是,
advertiserIds,array,否,,,,advertiserIds列表,advertiserIds,LX-5779B4C3F664,否,否,广告账号
campaignIds,array,否,,,,campaignIds列表,campaignIds,LX-5779B4C3F664,否,否,
campaignType,array,否,,,,campaignType列表,campaignType,LX-5779B4C3F664,否,否,
day,int,否,,1,,day,day,LX-5779B4C3F664,否,否,
endDate,string,否,,2024-01-01,,结束日期，格式：yyyy-MM-dd，且 startDate 和 endDate 间隔不能超过31天,endDate,LX-5779B4C3F664,否,是,
orderField,string,否,,示例值,,orderField,orderField,LX-5779B4C3F664,否,否,订单号
orderType,string,否,,示例值,,orderType,orderType,LX-5779B4C3F664,否,否,订单号
pageNum,int,否,,1,,页码,pageNum,LX-5779B4C3F664,是,否,
pageSize,int,否,,20,,每页大小,pageSize,LX-5779B4C3F664,是,否,
startDate,string,否,,2024-01-01,,开始日期，格式：yyyy-MM-dd，且 startDate 和 endDate 间隔不能超过31天,startDate,LX-5779B4C3F664,否,是,
order_sn,array,是,,"[""PO210705007""]",,采购单，对应[查询采购单列表](docs/Purchase/PurchaseOrderList)接口字段data>>order_sn,order_sn,LX-583232734D6F,否,否,订单号
appId,string,是,,,,AppID，在ERP开放接口中获取,appId,LX-5852A627B6FE,否,否,
refreshToken,string,是,,,,refreshToken，[获取接口令牌-token](docs/Authorization/GetToken) 接口对应字段【refresh_token】,refreshToken,LX-5852A627B6FE,否,否,
end_date,string,是,,2024-08-05,,结束时间，格式：Y-m-d,end_date,LX-5891B9352423,否,是,
start_date,string,是,,2020-01-01,,开始时间，格式：Y-m-d,start_date,LX-5891B9352423,否,是,
sys_wid,int,否,,"1694,1688",,系统仓库id，多个用英文逗号分隔,sys_wid,LX-5891B9352423,否,否,仓库
end_date,string,否,,2023-08-01,,结束时间【时间间隔最长不得超过90天】，闭区间，格式：Y-m-d,end_date,LX-598C49EB1197,否,是,
length,int,否,20,20,,分页长度，默认20，上限200,length,LX-598C49EB1197,是,否,
offset,int,否,0,0,,分页偏移量，默认0,offset,LX-598C49EB1197,是,否,
search_field,string,否,,order_sn,,搜索字段：purchase_order_sn 关联单据，order_sn 请款单号,search_field,LX-598C49EB1197,否,否,订单号
search_field_time,string,否,,apply_time,apply_time 申请时间 real_pay_time 实际付款时间 prepay_time 预计付款时间,搜索时间类型： apply_time 申请时间 real_pay_time 实际付款时间 prepay_time 预计付款时间,search_field_time,LX-598C49EB1197,否,是,
search_value,string,否,,RF230801011,,搜索值,search_value,LX-598C49EB1197,否,否,
start_date,string,否,,2023-06-01,,开始时间【时间间隔最长不得超过90天】，闭区间，格式：Y-m-d,start_date,LX-598C49EB1197,否,是,
status,int,否,,1,,状态： 1 待付款 2 已完成 3 已作废 121 待审批 122 已驳回 124 已作废,status,LX-598C49EB1197,否,否,
length,int,是,,20,,分页长度，上限200,length,LX-5AFC6979F657,是,否,
offset,int,是,,0,,分页偏移量,offset,LX-5AFC6979F657,是,否,
is_no_lock,string,否,,0,,生成加工单状态：0默认，1待配货,is_no_lock,LX-5C1C08254572,否,否,
product_list,array,是,,,,产品信息,product_list,LX-5C1C08254572,否,否,
combo_fnsku,string,否,,,,组合品fnsku,product_list[].combo_fnsku,LX-5C1C08254572,否,否,SKU
combo_sid,int,是,,,,组合品店铺id，没有传0即可,product_list[].combo_sid,LX-5C1C08254572,否,否,店铺
combo_sku,string,是,,,,组合品sku,product_list[].combo_sku,LX-5C1C08254572,否,否,SKU
combo_whb_code,string,否,暂存可用,,,加工单组合品入库仓位，不传默认暂存可用；拆分单不用传 【[查询本地仓位列表](docs/Warehouse/warehouseBin) 接口对应字段【storage_bin】】,product_list[].combo_whb_code,LX-5C1C08254572,否,否,仓库
process_fee,number,否,0】,,,加工费【默认0】；加工单专有，拆分单可不传,product_list[].process_fee,LX-5C1C08254572,否,否,
quantity_num,int,是,,,,加工量 / 拆分量,product_list[].quantity_num,LX-5C1C08254572,否,否,
single_product_list,array,是,,,,单品明细项,product_list[].single_product_list,LX-5C1C08254572,否,否,
fnsku,string,否,,,,单品fnsku,product_list[].single_product_list.fnsku,LX-5C1C08254572,否,否,SKU
price_scale,number,是,,,,单品拆分比例,product_list[].single_product_list.price_scale,LX-5C1C08254572,否,否,
remark,string,否,,xx,,remark,product_list[].single_product_list.remark,LX-5C1C08254572,否,否,
sid,int,是,,,,单品店铺id，组合品店铺id为0时此字段值传0,product_list[].single_product_list.sid,LX-5C1C08254572,否,否,店铺
sku,string,是,,,,单品sku,product_list[].single_product_list.sku,LX-5C1C08254572,否,否,SKU
whb_code,string,否,可用暂存,,,拆分单的单品入库仓位，不传默认可用暂存；加工单不用传 【[查询本地仓位列表](docs/Warehouse/warehouseBin) 接口对应字段【storage_bin】】,product_list[].single_product_list.whb_code,LX-5C1C08254572,否,否,仓库
remark,string,否,,xxx,,备注,remark,LX-5C1C08254572,否,否,
type,int,是,,1,1 加工单，2 拆分单,单据类型：1 加工单，2 拆分单,type,LX-5C1C08254572,否,否,
wid,int,是,,1,,系统仓库id,wid,LX-5C1C08254572,否,否,仓库
date_type,string,否,,update_time,更新时间 update_time 订购时间 global_purchase_time 发货时间 global_delivery_time 付款时间 global_payment_time 平台发货时间 delivery_time（附加说明.4） 当且仅当传入平台单号或平台单名称查询时可不必传,时间类型： 更新时间 update_time 订购时间 global_purchase_time 发货时间 global_delivery_time 付款时间 global_payment_time 平台发货时间 delivery_time（附加说明.4） 当且仅当传入平台单号或平台单名称查询时可不必传,date_type,LX-5C93F09C1D1B,否,是,平台
end_time,int,否,,1713430791,,结束时间，时间戳格式【单位：秒】，双开区间 当且仅当传入平台单号或平台单名称查询时可不必传，查询时间跨度不能超过31天,end_time,LX-5C93F09C1D1B,否,是,平台
global_order_nos,array,否,,"[""119834203044003"",""103727228805419800""]",,系统单号,global_order_nos,LX-5C93F09C1D1B,否,否,订单号
include_delete,boolean,否,,true,,是否包含已删除订单 true 包含 false 不包含,include_delete,LX-5C93F09C1D1B,否,否,订单号
length,int,是,,20,,分页长度，上限500,length,LX-5C93F09C1D1B,是,否,
offset,int,是,,0,,分页偏移量,offset,LX-5C93F09C1D1B,是,否,
order_status,int,否,,3,,订单状态： 1 同步中 2 已同步 3 待付款 4 待审核 5 待发货 6 已发货 7 已取消/不发货 8 不显示 9 平台发货,order_status,LX-5C93F09C1D1B,否,否,"平台, 订单号"
platform_code,array,否,,"[""10001"",""10002""]",,平台code： 10001 AMAZON 10002 Shopify 10003 eBay 10004 Wish 10005 AliExpress 10006 Shopee 10007 Lazada 10008 Walmart 10009 自定义平台 10010 Wayfair 10011 TikTok 10012 MERCADO 10013 CDISCOUNT 10014 NEWEGG 10015 RAKUTEN 10016 SHOPLINE 10017 TEAPPLIX 10018 SHOPLAZZA 10019 UEESHOP 10020 COUPANG 10021 SHEIN 10022 temu全托管 10024 temu半托管 10025 OTTO 10026 OZON 10027 SHEIN全托管 10028 SHEIN半托管 10029 AliExpress半托管 10030 AliExpress全托管 10031 AliExpress海外托管 10033 Qoo10 10034 Mirakl 10025 OTTO 10026 OZON 10027 SHEIN全托管 10028 SHEIN半托管 10029 AliExpress半托管 10030 AliExpress全托管 10033 Qoo10 10034 Mirakl 10035 AMAZON VC 10036 Kaufland 10037 Allegro 10038 Line Shopping 10039 SPS Commerce,platform_code,LX-5C93F09C1D1B,否,否,平台
platform_order_names,array,否,,"[""119834203044003"",""120073601764065""]",,特定平台单号列表 ，元素不超过200个 10003-ebay 10014-newegg 10020-coupang 10002-shopify 10012-美客多 10016-shopline，使用该字段查询,platform_order_names,LX-5C93F09C1D1B,否,否,"平台, 订单号"
platform_order_nos,array,否,,"[""119834203044003"",""120073601764065""]",,平台单号列表 ，元素不超过200个 以下平台不可用，需要用platform_order_names查询： 10003-ebay 10014-newegg 10020-coupang 10002-shopify 10012-美客多 10016-shopline,platform_order_nos,LX-5C93F09C1D1B,否,否,"平台, 订单号"
platform_payment_status,array,否,,"[""pending"",""paid""]",pending：待支付 authorized：买家信用卡支付，并且已经确认授权，但是卖家并未收款 partially_paid：已完成部分款项支付 paid：已全部支付完成 partially_refunded：已部分退款 refunded：已全部退款 voided：支付被取消，或支付无效，或支付被撤销，通常出现在订单取消之后,平台单支付状态 Shopify状态枚举值: pending：待支付 authorized：买家信用卡支付，并且已经确认授权，但是卖家并未收款 partially_paid：已完成部分款项支付 paid：已全部支付完成 partially_refunded：已部分退款 refunded：已全部退款 voided：支付被取消，或支付无效，或支付被撤销，通常出现在订单取消之后,platform_payment_status,LX-5C93F09C1D1B,否,否,"平台, 订单号"
platform_shipping_status,array,否,,"[""partial"",""fulfilled""]",fulfilled：已发货，并且全部发货 null：未发货 partial：部分发货 restocked：已退货,平台单发货状态 Shopify状态枚举值: fulfilled：已发货，并且全部发货 null：未发货 partial：部分发货 restocked：已退货,platform_shipping_status,LX-5C93F09C1D1B,否,否,平台
start_time,int,否,,1710925191,,开始时间，时间戳格式【单位：秒】，双开区间 当且仅当传入平台单号或平台单名称查询时可不必传，查询时间跨度不能超过31天,start_time,LX-5C93F09C1D1B,否,是,平台
store_id,array,否,,"[""110418202566107648""]",,店铺id，取值等同于[查询多平台店铺信息返回结果](/docs/MultiPlatform/V2/StoreInfoV2?id=返回结果)的store_id,store_id,LX-5C93F09C1D1B,否,否,"店铺, 平台"
order_sns,array,是,,"[""PO240925001""]",,采购单号,order_sns,LX-5CD66DB6C0A0,否,否,订单号
value,string,是,,你好,,备注内容,value,LX-5CD66DB6C0A0,否,否,
qc_sn,string,是,,QC220719001,,质检单号,qc_sn,LX-5D311ED3B89E,否,否,
fee_part_type,int,否,】,0,,费用分摊方式：0 不分摊【默认值】，2 按sku数量分摊，3 按重量，4 按体积，5 按自定义,fee_part_type,LX-5EBF326CAE51,否,否,SKU
freight_fee,string,否,,50.00,,运费,freight_fee,LX-5EBF326CAE51,否,否,
other_fee,string,否,,,,其他费用,other_fee,LX-5EBF326CAE51,否,否,
out_bin_type,string,是,0,1,,默认0 出库仓位不为空时必传1,out_bin_type,LX-5EBF326CAE51,否,否,
predict_time,string,否,,2025-03-10,,预计到货时间,predict_time,LX-5EBF326CAE51,否,是,
product_list,array,是,,,,产品明细,product_list,LX-5EBF326CAE51,否,否,
bad_num,int,否,,0,,次品调拨量，和可用调拨量其中一项必填,product_list[].bad_num,LX-5EBF326CAE51,否,否,
cg_package_height,string,否,,,,包装规格-高（CM），不传或者传空则取产品管理的值,product_list[].cg_package_height,LX-5EBF326CAE51,否,否,
cg_package_length,string,否,,,,包装规格-长（CM），不传或者传空则取产品管理的值,product_list[].cg_package_length,LX-5EBF326CAE51,是,否,
cg_package_width,string,否,,,,包装规格-宽（CM），不传或者传空则取产品管理的值,product_list[].cg_package_width,LX-5EBF326CAE51,否,否,仓库
cg_product_gross_weight,string,否,,,,单品净重，不传或者传空则取产品管理的值,product_list[].cg_product_gross_weight,LX-5EBF326CAE51,否,否,
fnsku,string,否,为空,,,fnsku，不传默认为空,product_list[].fnsku,LX-5EBF326CAE51,否,否,SKU
freight_fee_unit,string,否,,,,单位运费，若费用分摊方式为5-自定义则必填，其他则该字段无效,product_list[].freight_fee_unit,LX-5EBF326CAE51,否,否,
good_num,int,否,,48,,可用调拨量，和次品调拨量其中一项必填,product_list[].good_num,LX-5EBF326CAE51,否,否,
other_fee_unit,string,否,,,,单位其他费用，若费用分摊方式为5-自定义则必填，其他则该字段无效,product_list[].other_fee_unit,LX-5EBF326CAE51,否,否,
out_available_bin,array,否,,,,出库可用仓位列表，不指定则传空数组 [],product_list[].out_available_bin,LX-5EBF326CAE51,否,否,
num,string,否,,,,出库可用仓位调拨量,product_list[].out_available_bin.num,LX-5EBF326CAE51,否,否,
whb_code,string,否,,,,出库可用仓位编码,product_list[].out_available_bin.whb_code,LX-5EBF326CAE51,否,否,
out_inferior_bin,array,否,,,,出库次品仓位列表，不指定则传空数组 [],product_list[].out_inferior_bin,LX-5EBF326CAE51,否,否,
num,string,否,,,,出库次品仓位调拨量,product_list[].out_inferior_bin.num,LX-5EBF326CAE51,否,否,
whb_code,string,否,,,,出库次品仓位编码,product_list[].out_inferior_bin.whb_code,LX-5EBF326CAE51,否,否,
product_id,string,是,,1,,产品id,product_list[].product_id,LX-5EBF326CAE51,否,否,
product_remark,string,否,,,,明细备注，最大长度为255个字符,product_list[].product_remark,LX-5EBF326CAE51,否,否,
seller_id,string,否,0【对应查询亚马逊店铺信息接口字段sid】,1,,店铺id，不传默认0【对应查询亚马逊店铺信息接口字段sid】,product_list[].seller_id,LX-5EBF326CAE51,否,否,店铺
to_available_bin,array,否,,,,入库可用仓位列表，不指定则传空数组 [],product_list[].to_available_bin,LX-5EBF326CAE51,否,否,
num,string,否,,,,入库可用仓位调拨量,product_list[].to_available_bin.num,LX-5EBF326CAE51,否,否,
whb_code,string,否,,,,入库可用仓位编码,product_list[].to_available_bin.whb_code,LX-5EBF326CAE51,否,否,
to_inferior_bin,array,否,,,,入库次品仓位列表，不指定则传空数组 [],product_list[].to_inferior_bin,LX-5EBF326CAE51,否,否,
num,string,否,,,,入库次品仓位调拨量,product_list[].to_inferior_bin.num,LX-5EBF326CAE51,否,否,
whb_code,string,否,,,,入库次品仓位编码,product_list[].to_inferior_bin.whb_code,LX-5EBF326CAE51,否,否,
remark,string,否,,,,备注,remark,LX-5EBF326CAE51,否,否,
sys_to_wid,int,是,,11,,系统入库仓库ID,sys_to_wid,LX-5EBF326CAE51,否,否,仓库
sys_wid,int,是,,1,,系统出库仓库ID,sys_wid,LX-5EBF326CAE51,否,否,仓库
type,string,否,为2-标准调拨,2,,默认为2-标准调拨,type,LX-5EBF326CAE51,否,否,
webmail_uuid,string,是,,1615637469510164901,,邮件唯一标识,webmail_uuid,LX-5F14BE8D2BD0,否,否,
bids,array,否,,[2],,品牌,bids,LX-61200503BD63,否,否,
cids,array,否,,[14],,分类,cids,LX-61200503BD63,否,否,
currencyCode,string,否,,USD,,币种code： 原币种 USD EUR GBP CNY,currencyCode,LX-61200503BD63,否,否,
developers,array,否,,[128581],,开发人,developers,LX-61200503BD63,否,否,
endDate,string,是,,2024-09-30,,结束时间【结算日期】，闭区间，格式：Y-m-d,endDate,LX-61200503BD63,否,是,
length,number,是,1000,20,,分页长度，默认1000,length,LX-61200503BD63,是,否,
mids,string,是,,"NA,MX,BR,US,CA",,国家id，多个使用英文逗号分隔,mids,LX-61200503BD63,否,否,
offset,number,是,0,0,,分页偏移量，默认0,offset,LX-61200503BD63,是,否,
platformCodeS,array,否,,"[""10024""]",,平台id： 10002 Shopify 10003 eBay 10005 AliExpress 10006 Shopee 10008 walmart 10011 Tiktok 10021 Shein平台模式 10022 Temu全托 10024 Temu半托 10028 Shein半托管,platformCodeS,LX-61200503BD63,否,否,平台
searchField,string,否,,local_sku,local_sku SKU platform_order_no 平台单号,搜索值类型： local_sku SKU platform_order_no 平台单号,searchField,LX-61200503BD63,否,否,"平台, SKU, 订单号"
searchValue,string,否,,123,,搜索值,searchValue,LX-61200503BD63,否,否,
sids,string,否,,110424575139430912,,店铺id，多个使用英文逗号分隔 ，对应[查询多平台店铺信息](docs/MultiPlatform/V2/StoreInfoV2)接口对应字段【store_id】,sids,LX-61200503BD63,否,否,"店铺, 平台"
startDate,string,是,,2024-09-01,,开始时间【结算日期】，闭区间，格式：Y-m-d,startDate,LX-61200503BD63,否,是,
email,string,是,,xxx@qq.com,,店铺绑定邮箱,email,LX-61BD491411AA,否,否,店铺
end_date,string,是,,2024-10-30,,开始日期，格式：yyyy-mm-dd,end_date,LX-61BD491411AA,否,是,
flag,string,是,,sent,sent 发件 receive 收件,类型： sent 发件 receive 收件,flag,LX-61BD491411AA,否,否,
length,int,否,20,20,,分页长度，默认20,length,LX-61BD491411AA,是,否,
offset,int,否,0,0,,分页偏移量，默认0,offset,LX-61BD491411AA,是,否,
start_date,string,是,,2024-10-30,,开始日期，格式：yyyy-mm-dd,start_date,LX-61BD491411AA,否,是,
end_time,string,否,,2024-07-25,,结束时间【时间间隔最长不得超过90天】，闭区间，格式：Y-m-d,end_time,LX-62F91F9CB35B,否,是,
length,int,否,20,20,,分页长度，默认20，上限200,length,LX-62F91F9CB35B,是,否,
offset,int,否,0,0,,分页偏移量，默认0,offset,LX-62F91F9CB35B,是,否,
pay_status,string,否,,0,,状态： 0 未申请 10 已申请 20 已付清,pay_status,LX-62F91F9CB35B,否,否,
search_field,string,否,,order_sn,order_sn 入库单号 purchase_order_sn 采购单号 sku SKU,搜索类型： order_sn 入库单号 purchase_order_sn 采购单号 sku SKU,search_field,LX-62F91F9CB35B,否,否,"SKU, 订单号"
search_value,string,否,,IB240725029,,搜索值,search_value,LX-62F91F9CB35B,否,否,
start_time,string,否,,2024-07-25,,开始时间【时间间隔最长不得超过90天】，闭区间，格式：Y-m-d,start_time,LX-62F91F9CB35B,否,是,
time_field,string,否,,create_time,create_time 入库时间 prepay_time 应付款日,时间搜索类型： create_time 入库时间 prepay_time 应付款日,time_field,LX-62F91F9CB35B,否,是,
data,array,是,,,,关联单据数据,data,LX-633648A48963,否,否,
relateSn,string,是,,FBA124343434,,关联单据编号,data[].relateSn,LX-633648A48963,否,否,
sid,int,是,,1,,店铺ID,data[].sid,LX-633648A48963,否,否,店铺
relateSnType,int,是,,1,,"单据类型 1-发货计划，2-发货单,3-FBA货件,4-海外仓备货单,5-VC货件",relateSnType,LX-633648A48963,否,否,
wid,int,否,,1,,仓库ID，单据类型为FBA货件时必传,wid,LX-633648A48963,否,否,仓库
compareLogic,string,否,AND,AND,,字段比较条件逻辑关系，默认 AND AND：且 OR：或,compareLogic,LX-63E99B54ED72,否,否,
currencyCode,string,否,,USD,,目标货币代码,currencyCode,LX-63E99B54ED72,否,否,
endDate,string,否,,2026-01-31,,结束时间，格式：yyyy-MM-dd,endDate,LX-63E99B54ED72,否,是,
fieldCompares,array,否,,"[{""field"":""totalPayable"",""operator"":"">"",""value"":100}]",,字段比较条件列表,fieldCompares,LX-63E99B54ED72,否,否,
field,string,是,,totalPayable,,比较字段名称,fieldCompares[].field,LX-63E99B54ED72,否,否,
operator,string,是,,>,,比较操作符,fieldCompares[].operator,LX-63E99B54ED72,否,否,
value,double,是,,100.00,,比较值,fieldCompares[].value,LX-63E99B54ED72,否,否,
hasDifference,Boolean,否,,true,,是否有差额,hasDifference,LX-63E99B54ED72,否,否,
length,int,是,20,20,,分页大小，默认 20，最大 200,length,LX-63E99B54ED72,是,否,
offset,int,是,0,0,,分页偏移量，默认 0,offset,LX-63E99B54ED72,是,否,
searchExactly,Boolean,否,,false,,是否精确匹配,searchExactly,LX-63E99B54ED72,否,否,
searchMultiValue,array,否,,"[""RPT-202601""]",,多个搜索值，精确匹配时使用,searchMultiValue,LX-63E99B54ED72,否,否,
searchSingleValue,string,否,,RPT-202601,,单个搜索值,searchSingleValue,LX-63E99B54ED72,否,否,
searchType,int,否,,1,,搜索类型 1：账期ID(reportKey),searchType,LX-63E99B54ED72,否,否,
sids,array,否,,[123456],,店铺ID数组,sids,LX-63E99B54ED72,否,否,店铺
siteCodes,array,否,,"[""US""]",,站点代码数组,siteCodes,LX-63E99B54ED72,否,否,
sortField,string,否,,payoutDate,,排序字段,sortField,LX-63E99B54ED72,否,否,
sortType,string,否,,0,,排序方向 1：升序 0：降序,sortType,LX-63E99B54ED72,否,否,
startDate,string,否,,2026-01-01,,开始时间，格式：yyyy-MM-dd,startDate,LX-63E99B54ED72,否,是,
order_sn,string,是,,IC240726001,,盘点单号,order_sn,LX-642D33967219,否,否,订单号
page,int,否,1【控制,1,,分页页码，默认1【控制 product_list 返回数目】,page,LX-642D33967219,是,否,
page_size,int,否,20【控制,20,,分页长度，默认20【控制 product_list 返回数目】,page_size,LX-642D33967219,是,否,
search_field,string,否,,sku,,搜索字段： sku SKU fnsku FNSKU product_name 品名 whb_code_text 仓位 whb_type_text 仓位类型,search_field,LX-642D33967219,否,否,SKU
search_value,string,否,,diannaotaozhuang,,搜索值,search_value,LX-642D33967219,否,否,
sort_field,string,否,,book_inventory,,排序字段： book_inventory 账面库存 actual_inventory 实盘库存 different_count 库存差异,sort_field,LX-642D33967219,否,否,
sort_type,string,否,】,desc,,排序规则：desc 降序【默认】，asc 升序,sort_type,LX-642D33967219,否,否,
adGroupIds,array,否,,"[123456789,987654321]",,广告组ID列表，Long数组，按广告组ID筛选,adGroupIds,LX-646C5878A4CE,否,否,
advertiserIds,array,是,,"[123456789012345,987654321098765]",,广告账号ID列表，BigInteger数组，必填，必须至少选择一个店铺,advertiserIds,LX-646C5878A4CE,否,否,"店铺, 广告账号"
campaignIds,array,否,,"[123456789,987654321]",,广告活动ID列表，Long数组，按广告活动ID筛选,campaignIds,LX-646C5878A4CE,否,否,
campaignType,array,是,,"[""sponsoredProducts-manual"",""sponsoredProducts-auto""]","sponsoredProducts-manual(SP手动), sponsoredProducts-auto(SP自动), sba(SB品牌广告), video(SV视频广告)","广告活动类型列表，String数组，必填，枚举值：sponsoredProducts-manual(SP手动), sponsoredProducts-auto(SP自动), sba(SB品牌广告), video(SV视频广告)。注意：查询SP广告报告必须且只能携带sponsoredProducts-manual和sponsoredProducts-auto",campaignType,LX-646C5878A4CE,否,否,
day,int,否,14天,14,"3, 14, 30，默认14天","归因天数，数据归因天数，枚举值：3, 14, 30，默认14天",day,LX-646C5878A4CE,否,否,
endDate,string,是,,2024-12-31,,结束日期，必填，格式：yyyy-MM-dd，且 startDate 和 endDate 间隔不能超过31天,endDate,LX-646C5878A4CE,否,是,
orderField,string,否,按广告花费倒序,adSpend,,排序字段，支持对查询结果中的任意字段进行排序（驼峰命名）。包括：基础指标(numAdsShown/numAdsClicks/adSpend)、销售指标(attributedSales/attributedOrders/attributedUnits/advertisedSkuSales/advertisedSkuUnits)、关联指标(otherSkuSales/otherSkuUnits)、品牌新买家指标(ntbOrders/ntbRevenue/ntbUnits)、计算指标(cpc/ctr/cvr/acos/roas/aov/cpa)、时间字段(startDate/endDate/entityCreateAt)等所有返回的报表字段。不传时默认按广告花费倒序,orderField,LX-646C5878A4CE,否,是,"SKU, 订单号"
orderType,string,否,ASC,DESC,"ASC-升序, DESC-降序，不传时默认ASC","排序类型，枚举值：ASC-升序, DESC-降序，不传时默认ASC",orderType,LX-646C5878A4CE,否,否,订单号
pageNum,int,否,,1,,页码，分页时的页码，从1开始,pageNum,LX-646C5878A4CE,是,否,
pageSize,int,否,,20,,每页大小，分页时每页显示的记录数，最大200,pageSize,LX-646C5878A4CE,是,否,
paging,boolean,否,为true,1,,是否分页，默认为true,paging,LX-646C5878A4CE,是,否,
searchText,string,否,,春季促销活动,,搜索文本，模糊搜索广告活动名称（campaign_name）,searchText,LX-646C5878A4CE,否,否,
searchType,string,否,,,,搜索类型，目前不用传,searchType,LX-646C5878A4CE,否,否,
startDate,string,是,,2024-01-01,,开始日期，必填，格式：yyyy-MM-dd，且 startDate 和 endDate 间隔不能超过31天,startDate,LX-646C5878A4CE,否,是,
status,array,否,,"[""enabled"",""live""]","enabled-启用, paused-暂停, scheduled-已安排, rescheduled-重新安排, live-运行中, proposal-提议, completed-已完成","广告活动状态列表，String数组，枚举值：enabled-启用, paused-暂停, scheduled-已安排, rescheduled-重新安排, live-运行中, proposal-提议, completed-已完成",status,LX-646C5878A4CE,否,否,
data,array,否,,"[{""variant_unique_id"":""901209431056917504"",""adjust_value"":""50""}]",,响应数据,data,LX-6476F601BDF1,否,否,
adjust_value,string,否,,50,,调整后的数据,data[].adjust_value,LX-6476F601BDF1,否,否,
variant_unique_id,string,否,,901209431056917504,,变体Id,data[].variant_unique_id,LX-6476F601BDF1,否,否,
queue_type,number,否,,2,,"调整类型,可用值:1",queue_type,LX-6476F601BDF1,否,否,
assessYear,int,是,,2024,,目标年份【只允许去年、今年、明年】,assessYear,LX-65E684431831,否,否,
sids,array,是,,"[135,102]",,需要删除的店铺id列表 ，对应[查询亚马逊店铺列表](docs/BasicData/SellerLists)接口对应字段【sid】,sids,LX-65E684431831,否,否,店铺
length,int,否,15,15,,分页长度，默认15，上限200,length,LX-66894A74C546,是,否,
offset,int,否,0,0,,分页偏移量，默认0,offset,LX-66894A74C546,是,否,
report_id,string,否,,MI7cc13c6a4f7d8769629e807e8263fc87,,报告id 【时间范围 与 报告id 二选一必填】,report_id,LX-66894A74C546,否,是,
store_id,array,是,,"[110000000018008000,110000000018008001]",,店铺id,store_id,LX-66894A74C546,否,否,店铺
transaction_posted_timestamp_end,string,否,,2023-05-20,,结束时间，格式：Y-m-d 【时间范围 与 报告id 二选一必填】,transaction_posted_timestamp_end,LX-66894A74C546,否,是,
transaction_posted_timestamp_start,string,否,,2023-05-01,,开始时间，格式：Y-m-d 【时间范围 与 报告id 二选一必填】,transaction_posted_timestamp_start,LX-66894A74C546,否,是,
currencyCode,string,否,,CNY,,币种code,currencyCode,LX-69B7BDB30BF3,否,否,
endDate,string,是,,2023-10-20,,结束时间【结算时间，双闭区间】 按天：开始结束时间间隔最长不能跨度 31 天，格式：Y-m-d 按月：开始结束时间年月相同，格式：Y-m,endDate,LX-69B7BDB30BF3,否,是,
mids,array,否,,[2],,站点id,mids,LX-69B7BDB30BF3,否,否,
monthlyQuery,boolean,否,】,false,,是否按月查询： false 按天【默认值】 true 按月,monthlyQuery,LX-69B7BDB30BF3,否,否,
orderStatus,string,否,】,"""Disbursed""",,交易状态 Deferred 已推迟 Disbursed 已发放【默认】 DisbursedAndPreSettled 已发放（含预结算） All 全部,orderStatus,LX-69B7BDB30BF3,否,否,订单号
sids,array,否,,[110],,店铺id ，对应[查询亚马逊店铺列表](docs/BasicData/SellerLists)接口对应字段【sid】,sids,LX-69B7BDB30BF3,否,否,店铺
startDate,string,是,,2023-09-21,,开始时间【结算时间，双闭区间】 按天：开始结束时间间隔最长不能跨度 31 天，格式：Y-m-d 按月：开始结束时间年月相同，格式：Y-m,startDate,LX-69B7BDB30BF3,否,是,
adGroupIds,array,否,,"[123456789,987654321]",,广告组ID列表，Long数组，按广告组ID筛选,adGroupIds,LX-6D6235392322,否,否,
advertiserIds,array,是,,"[123456789012345,987654321098765]",,广告账号ID列表，BigInteger数组，必填，必须至少选择一个店铺,advertiserIds,LX-6D6235392322,否,否,"店铺, 广告账号"
campaignIds,array,否,,"[123456789,987654321]",,广告活动ID列表，Long数组，按广告活动ID筛选,campaignIds,LX-6D6235392322,否,否,
campaignType,array,是,,"[""sba""]","sponsoredProducts-manual(SP手动), sponsoredProducts-auto(SP自动), sba(SB品牌广告), video(SV视频广告)","广告活动类型列表，String数组，必填，枚举值：sponsoredProducts-manual(SP手动), sponsoredProducts-auto(SP自动), sba(SB品牌广告), video(SV视频广告)。注意：查询SB广告报告必须且只能携带sba",campaignType,LX-6D6235392322,否,否,
day,int,否,14天,14,"3, 14, 30，默认14天","归因天数，数据归因天数，枚举值：3, 14, 30，默认14天",day,LX-6D6235392322,否,否,
endDate,string,是,,2024-12-31,,结束日期，必填，格式：yyyy-MM-dd，且 startDate 和 endDate 间隔不能超过31天,endDate,LX-6D6235392322,否,是,
orderField,string,否,按广告花费倒序,adSpend,,排序字段，支持对查询结果中的任意字段进行排序（驼峰命名）。包括：基础指标(numAdsShown/numAdsClicks/adSpend)、销售指标(attributedSales/attributedOrders/attributedUnits/advertisedSkuSales/advertisedSkuUnits)、关联指标(otherSkuSales/otherSkuUnits)、品牌新买家指标(ntbOrders/ntbRevenue/ntbUnits)、计算指标(cpc/ctr/cvr/acos/roas/aov/cpa)、时间字段(startDate/endDate/entityCreateAt)等所有返回的报表字段。不传时默认按广告花费倒序,orderField,LX-6D6235392322,否,是,"SKU, 订单号"
orderType,string,否,ASC,DESC,"ASC-升序, DESC-降序，不传时默认ASC","排序类型，枚举值：ASC-升序, DESC-降序，不传时默认ASC",orderType,LX-6D6235392322,否,否,订单号
pageNum,int,否,,1,,页码，分页时的页码，从1开始,pageNum,LX-6D6235392322,是,否,
pageSize,int,否,,20,,每页大小，分页时每页显示的记录数，最大200,pageSize,LX-6D6235392322,是,否,
pageType,array,否,,"[""item"",""search""]","browse-浏览, item-商品, search-搜索, topic-主题, category-分类, homepage-首页, other-其他","页面类型列表，String数组，枚举值：browse-浏览, item-商品, search-搜索, topic-主题, category-分类, homepage-首页, other-其他",pageType,LX-6D6235392322,是,否,
paging,boolean,否,为true,1,,是否分页，默认为true,paging,LX-6D6235392322,是,否,
searchText,string,否,,双十一促销活动,,搜索文本，模糊搜索广告活动名称（campaign_name）,searchText,LX-6D6235392322,否,否,
searchType,string,否,,,,搜索类型，目前不用传,searchType,LX-6D6235392322,否,否,
startDate,string,是,,2024-01-01,,开始日期，必填，格式：yyyy-MM-dd，且 startDate 和 endDate 间隔不能超过31天,startDate,LX-6D6235392322,否,是,
status,array,否,,"[""enabled"",""live""]","enabled-启用, paused-暂停, scheduled-已安排, rescheduled-重新安排, live-运行中, proposal-提议, completed-已完成","广告活动状态列表，String数组，枚举值：enabled-启用, paused-暂停, scheduled-已安排, rescheduled-重新安排, live-运行中, proposal-提议, completed-已完成",status,LX-6D6235392322,否,否,
numbers,array,是,,"[""FY231009000001""]",,费用单号，上限200,numbers,LX-6EA203F42077,否,否,
endDate,string,是,,2024-12-31,,结束日期,endDate,LX-6EFCDB06A626,否,是,
pageNum,int,否,,1,,页码,pageNum,LX-6EFCDB06A626,是,否,
pageSize,int,否,,20,,每页大小,pageSize,LX-6EFCDB06A626,是,否,
ratings,array,否,,"[1,2,3,4,5]",,评分列表,ratings,LX-6EFCDB06A626,否,否,
searchDateField,string,否,,commentDate,,搜索日期字段,searchDateField,LX-6EFCDB06A626,否,是,
searchField,string,否,,msku,,搜索字段,searchField,LX-6EFCDB06A626,否,否,
searchValue,array,否,,"[""value1"",""value2""]",,搜索值列表,searchValue,LX-6EFCDB06A626,否,否,
startDate,string,是,,2024-01-01,,开始日期,startDate,LX-6EFCDB06A626,否,是,
storeIds,array,否,,"[""123"",""456""]",,店铺ID列表,storeIds,LX-6EFCDB06A626,否,否,店铺
end_date,string,否,,2024-07-29,,操作结束时间，格式：Y-m-d，开区间，联合开始时间使用,end_date,LX-6F8ABDE7B566,否,是,
length,int,否,20,20,,分页长度，默认20,length,LX-6F8ABDE7B566,是,否,
offset,int,否,0,0,,分页偏移量，默认0,offset,LX-6F8ABDE7B566,是,否,
start_date,string,否,,2024-07-29,,操作开始时间，格式：Y-m-d，闭区间，联合结束时间使用,start_date,LX-6F8ABDE7B566,否,是,
type,string,否,全部类型】,100,【多个流水类型用英文逗号分隔，不填默认全部类型】 1 其他入库 2 采购入库 3 调拨入库 10 其它入库（已撤销） 11 其他出库 12 FBA出库 13 调拨出库 14 退货出库 15 FBM退货 16 换标入库 17 加工入库 18 拆分入库 20 采购入库（已撤销） 21 库存调整 23 委外入库 25 盘盈入库 32 委外出库 33 盘亏出库 34 换标出库 35 加工出库 36 拆分出库 43 FBM出库 50 成本补录 110 其它出库（已撤销） 120 FBA出库（已撤销） 130 调拨出库（已撤销） 140 退货出库（已撤销） 210 库存调整（已撤销） 500 成本补录（已,流水类型：【多个流水类型用英文逗号分隔，不填默认全部类型】 1 其他入库 2 采购入库 3 调拨入库 10 其它入库（已撤销） 11 其他出库 12 FBA出库 13 调拨出库 14 退货出库 15 FBM退货 16 换标入库 17 加工入库 18 拆分入库 20 采购入库（已撤销） 21 库存调整 23 委外入库 25 盘盈入库 32 委外出库 33 盘亏出库 34 换标出库 35 加工出库 36 拆分出库 43 FBM出库 50 成本补录 110 其它出库（已撤销） 120 FBA出库（已撤销） 130 调拨出库（已撤销） 140 退货出库（已撤销） 210 库存调整（已撤销） 500 成本补录（已撤销）,type,LX-6F8ABDE7B566,否,否,
wid,string,否,所有仓库,"1,5,18",,仓库ID，多个仓库ID用英文逗号分隔，不填默认所有仓库,wid,LX-6F8ABDE7B566,否,否,仓库
businessId,long,是,,1234567890,,businessId，对应[查询本地产品列表](docs/Product/ProductLists.md)data>>id字段,businessId,LX-6F96FE519F29,否,否,店铺
endTime,string,是,,示例值,,结束时间,endTime,LX-6F96FE519F29,否,是,
page,int,否,,1,,页码,page,LX-6F96FE519F29,是,否,
size,int,否,,20,,每页大小,size,LX-6F96FE519F29,是,否,
startTime,string,是,,示例值,,开始时间,startTime,LX-6F96FE519F29,否,是,
invoice_id,string,是,,TRF6K4FJN-1,,广告发票编号,invoice_id,LX-7106755764A4,否,否,
sid,int,是,,136,,店铺id ，对应[查询亚马逊店铺列表](docs/BasicData/SellerLists)接口对应字段【sid】,sid,LX-7106755764A4,否,否,店铺
length,int,否,20,20,,分页长度，默认20，上限200,length,LX-71422945ADAC,是,否,
offset,int,否,0,0,,分页偏移量，默认0,offset,LX-71422945ADAC,是,否,
search_field,string,否,,tag_name,tag_name 标签名称,搜索类型：tag_name 标签名称,search_field,LX-71422945ADAC,否,否,
search_value,string,否,,特殊Listing,,搜索值,search_value,LX-71422945ADAC,否,否,
order_number,string,否,,,,系统单号 与销售出库单二选一,order_number,LX-715956D8FA89,否,否,订单号
pkg_real_weight,string,是,,,,重量,pkg_real_weight,LX-715956D8FA89,否,否,
pkg_real_weight_unit,string,是,,,,"单位 支持 g,kg,oz,lb",pkg_real_weight_unit,LX-715956D8FA89,否,否,
sync_product_gross_weight,string,否,否,,,"一单一件同步重量到产品模块 0:否,1:是 默认否",sync_product_gross_weight,LX-715956D8FA89,否,否,
wo_number,string,否,,,,销售出库单 与系统单号二选一,wo_number,LX-715956D8FA89,否,否,
search,object,是,,,,搜索参数对象,search,LX-725F26FDC523,否,否,
enabled,int,否,启用,1,"0-禁用, 1-启用，默认启用","启用状态，枚举值：0-禁用, 1-启用，默认启用",search.enabled,LX-725F26FDC523,否,否,
isAuth,int,否,是,1,"0-否, 1-是，默认是","是否api对接，枚举值：0-否, 1-是，默认是",search.isAuth,LX-725F26FDC523,否,否,
length,int,是,,20,,分页长度，每页显示的记录数,search.length,LX-725F26FDC523,是,否,
page,int,是,,1,,页码，从1开始,search.page,LX-725F26FDC523,是,否,
payMethod,int,否,现结,1,"1-现结, 2-月结，默认现结","结算方式，枚举值：1-现结, 2-月结，默认现结",search.payMethod,LX-725F26FDC523,否,否,
searchField,string,否,物流商,name,,搜索字段，指定搜索的目标字段名称，code 代码 ，name 物流商，默认物流商,search.searchField,LX-725F26FDC523,否,否,
searchValue,string,否,,顺丰,,搜索值，用于模糊搜索物流商名称、编码等,search.searchValue,LX-725F26FDC523,否,否,
amountTypes,array,否,,"[""Commission""]",,金额类型数组,amountTypes,LX-727003CFF7B4,否,否,
currencyCode,string,否,,USD,,目标货币代码,currencyCode,LX-727003CFF7B4,否,否,
endDate,string,否,,2026-01-31,,结束时间，格式：yyyy-MM-dd,endDate,LX-727003CFF7B4,否,是,
fulfillmentTypes,array,否,,"[""WFS""]",,发货类型数组,fulfillmentTypes,LX-727003CFF7B4,否,否,
length,int,是,20,20,,分页大小，默认 20，最大 200,length,LX-727003CFF7B4,是,否,
offset,int,是,0,0,,分页偏移量，默认 0,offset,LX-727003CFF7B4,是,否,
searchExactly,Boolean,否,,false,,是否精确匹配,searchExactly,LX-727003CFF7B4,否,否,
searchMultiValue,array,否,,"[""PO-10001""]",,多个搜索值，精确匹配时使用,searchMultiValue,LX-727003CFF7B4,否,否,
searchSingleValue,string,否,,PO-10001,,单个搜索值,searchSingleValue,LX-727003CFF7B4,否,否,
searchType,int,否,,1,,搜索类型 1：平台单号 2：客户单号 3：MSKU 4：GTIN 5：商品标题 6：账期ID,searchType,LX-727003CFF7B4,否,否,"平台, MSKU, SKU"
sids,array,否,,[123456],,店铺ID数组,sids,LX-727003CFF7B4,否,否,店铺
sortField,string,否,,transactionDate,,排序字段,sortField,LX-727003CFF7B4,否,否,
sortType,string,否,,0,,排序方向 1：升序 0：降序,sortType,LX-727003CFF7B4,否,否,
startDate,string,否,,2026-01-01,,开始时间，格式：yyyy-MM-dd,startDate,LX-727003CFF7B4,否,是,
transactionDescriptions,array,否,,"[""Item Sale""]",,交易描述数组,transactionDescriptions,LX-727003CFF7B4,否,否,
transactionTypes,array,否,,"[""Sale""]",,交易类型数组 Sale Refund Campaigns Adjustment Service Fee Customer Fee Misc Adjustment Dispute Settlement Prepaid Prepaid Recouped Rewards Other,transactionTypes,LX-727003CFF7B4,否,否,
itemList,array,是,,"[{""promotionId"":""04e2ce6b-c5b6-4244-8100-68b6502d90be"",""storeId"":""31"",""orderPageNum"":1,""orderPageSize"":20,""listingPageNum"":2,""listingPageSize"":1}]",,批量请求详情itemList个数最小为1最大为20,itemList,LX-72966FDD4C29,否,否,
listingPageNum,number,是,,2,,活动listing分页页数，最小为1,itemList[].listingPageNum,LX-72966FDD4C29,是,否,
listingPageSize,number,是,,1,,"活动listing分页大小，最小为1,最大为200",itemList[].listingPageSize,LX-72966FDD4C29,是,否,
orderPageNum,number,是,,1,,活动订单分页页数，最小为1,itemList[].orderPageNum,LX-72966FDD4C29,是,否,订单号
orderPageSize,number,是,,20,,"活动订单分页大小，最小为1,最大为200",itemList[].orderPageSize,LX-72966FDD4C29,是,否,订单号
promotionId,string,是,,04e2ce6b-c5b6-4244-8100-68b6502d90be,,活动id,itemList[].promotionId,LX-72966FDD4C29,否,否,
storeId,string,是,,31,,店铺id,itemList[].storeId,LX-72966FDD4C29,否,否,店铺
id,string,是,,200498,,WFS货件id，[查询WFS货件列表](docs/MultiPlatform/V2/QueryWFSCargoPage) 接口对应字段【id】,id,LX-72F91B3597A5,是,否,平台
ids,array,否,,"1,2,3",,分类ID,data.ids,LX-75F4963569A6,否,否,
length,int,否,1000,1000,,分页长度，默认1000，上限1000,length,LX-75F4963569A6,是,否,
offset,int,否,0,0,,分页偏移量，默认0,offset,LX-75F4963569A6,是,否,
end_date,string,否,,2023-08-30,,结束日期【时间间隔最长不得超过90天】，闭区间，格式：Y-m-d,end_date,LX-766F8D291DF3,否,是,
length,int,否,20,20,,分页长度，默认20，上限200,length,LX-766F8D291DF3,是,否,
offset,int,否,0,0,,分页偏移量，默认0,offset,LX-766F8D291DF3,是,否,
product_type,array,否,,"[1,2,3]",1 普通产品 2 组合产品 3 辅料,产品类型： 1 普通产品 2 组合产品 3 辅料,product_type,LX-766F8D291DF3,否,否,
search_field,string,否,,order_no,,搜索字段名： order_no 单据号,search_field,LX-766F8D291DF3,否,否,订单号
search_value,string,否,,1,,搜索值,search_value,LX-766F8D291DF3,否,否,
start_date,string,否,,2023-06-01,,开始日期【时间间隔最长不得超过90天】，闭区间，格式：Y-m-d,start_date,LX-766F8D291DF3,否,是,
time_type,int,否,,2,1 下单时间 2 到货时间,时间类型： 1 下单时间 2 到货时间,time_type,LX-766F8D291DF3,否,是,
content,array,是,,,,B2B售价,content,LX-76CFCB697A50,否,否,
asin,string,是,,B085254D,,ASIN,content[].asin,LX-76CFCB697A50,否,否,ASIN
b2b_price,string,是,,1.00,,B2B价格,content[].b2b_price,LX-76CFCB697A50,否,否,
msku,string,是,,MSKU_XSXS_001,,MSKU,content[].msku,LX-76CFCB697A50,否,否,"MSKU, SKU"
sid,int,是,,1,,店铺id ，对应[查询亚马逊店铺列表](docs/BasicData/SellerLists)接口对应字段【sid】,content[].sid,LX-76CFCB697A50,否,否,店铺
create_time_from,string,否,,2024-07-25,,查询开始日期，格式：Y-m-d 当筛选更新时间时，支持Y-m-d或Y-m-d H:i:s,create_time_from,LX-7773B7A1FDF9,否,是,
create_time_to,string,否,,2024-07-31,,查询结束日期，格式：Y-m-d 当筛选更新时间时，支持Y-m-d或Y-m-d H:i:s,create_time_to,LX-7773B7A1FDF9,否,是,
date_type,string,否,create_time】,create_time,【默认create_time】 delivery_time 发货时间 create_time 创建时间 receive_time 收货时间 update_time 更新时间,备货单时间查询类型：【默认create_time】 delivery_time 发货时间 create_time 创建时间 receive_time 收货时间 update_time 更新时间,date_type,LX-7773B7A1FDF9,否,是,
is_delete,int,否,】,0,,订单是否删除： 0 未删除【默认】 1 已删除 2 全部,is_delete,LX-7773B7A1FDF9,否,否,订单号
overseas_order_no,string,否,,OWS240730001,,备货单号,overseas_order_no,LX-7773B7A1FDF9,否,否,订单号
page,int,否,1,1,,当前页码，默认1,page,LX-7773B7A1FDF9,是,否,
page_size,int,否,20,20,,分页数量，最大50，默认20,page_size,LX-7773B7A1FDF9,是,否,
r_wid,array,否,,9,,收货仓库id,r_wid,LX-7773B7A1FDF9,否,否,仓库
s_wid,array,否,,53,,发货仓库id,s_wid,LX-7773B7A1FDF9,否,否,仓库
status,int,否,,60,,状态： 10 待审核 20 已驳回 30 待配货 40 待发货 50 待收货 51 已撤销 60 已完成,status,LX-7773B7A1FDF9,否,否,
sub_status,int,否,,,,子状态：【仅在待收货状态下生效】 0 全部 1 未收货 2 部分收货,sub_status,LX-7773B7A1FDF9,否,否,
currencyCode,string,否,,USD,,币种code： 原币种 USD EUR GBP CNY,currencyCode,LX-77BF3BD27008,否,否,
endDate,string,是,,2024-09-30,,结束时间【结算日期】，闭区间，格式：Y-m-d,endDate,LX-77BF3BD27008,否,是,
length,number,是,1000,100,,分页长度，默认1000,length,LX-77BF3BD27008,是,否,
mids,string,否,,"NA,MX,BR,US,CA",,国家id，多个使用英文逗号分隔,mids,LX-77BF3BD27008,否,否,
offset,number,是,0,0,,分页偏移量，默认0,offset,LX-77BF3BD27008,是,否,
platformCodeS,array,否,,"[""10024""]",,平台id： 10002 Shopify 10003 eBay 10005 AliExpress 10006 Shopee 10008 walmart 10011 Tiktok 10021 Shein平台模式 10022 Temu全托 10024 Temu半托 10028 Shein半托管,platformCodeS,LX-77BF3BD27008,否,否,平台
sids,string,否,,110424575139430912,,店铺id，多个使用英文逗号分隔 ，对应[查询多平台店铺信息](docs/MultiPlatform/V2/StoreInfoV2)接口对应字段【store_id】,sids,LX-77BF3BD27008,否,否,"店铺, 平台"
startDate,string,是,,2024-09-01,,开始时间【结算日期】，闭区间，格式：Y-m-d,startDate,LX-77BF3BD27008,否,是,
plan_sn,array,是,,"[""PP2203103920"",""PP2203103918""]",,计划编号,plan_sn,LX-78F82D8A146C,否,否,
reason,string,是,,12,,作废原因,reason,LX-78F82D8A146C,否,否,
dataEndTime,string,是,,,,报告结束时间，格式：yyyy-MM-dd HH:mm:ss,dataEndTime,LX-7A8CF9DA594A,否,是,
dataStartTime,string,是,,,,报告开始时间，格式：yyyy-MM-dd HH:mm:ss,dataStartTime,LX-7A8CF9DA594A,否,是,
mids,array,否,,,,站点id,mids,LX-7A8CF9DA594A,否,否,
reportOptions,object,是,,,,报告参数，按json对象传，[参考](docs/Statistics/CreateReport?id=附加说明),reportOptions,LX-7A8CF9DA594A,否,否,
reportType,int,是,,,,报告类型，1-亚马逊订单；2-产品表现；,reportType,LX-7A8CF9DA594A,否,否,订单号
sids,array,是,,,,店铺id，对应[查询亚马逊店铺列表](docs/BasicData/SellerLists)接口对应字段【sid】,sids,LX-7A8CF9DA594A,否,否,店铺
advertiserIds,array,是,,"[123456789012345,987654321098765]",,广告账号ID列表，BigInteger数组，必填，必须至少选择一个店铺,advertiserIds,LX-7C855BFAF5AA,否,否,"店铺, 广告账号"
campaignIds,array,否,,"[123456789,987654321]",,广告活动ID列表，Long数组，按广告活动ID筛选广告组,campaignIds,LX-7C855BFAF5AA,否,否,
campaignType,array,是,,"[""sba""]","sponsoredProducts-manual(SP手动), sponsoredProducts-auto(SP自动), sba(SB品牌广告), video(SV视频广告)","广告活动类型列表，String数组，必填，枚举值：sponsoredProducts-manual(SP手动), sponsoredProducts-auto(SP自动), sba(SB品牌广告), video(SV视频广告)。注意：查询SB广告报告必须且只能携带sba",campaignType,LX-7C855BFAF5AA,否,否,
day,int,否,14天,14,"3, 14, 30，默认14天","归因天数，数据归因天数，枚举值：3, 14, 30，默认14天",day,LX-7C855BFAF5AA,否,否,
endDate,string,是,,2024-12-31,,结束日期，必填，格式：yyyy-MM-dd，且 startDate 和 endDate 间隔不能超过31天,endDate,LX-7C855BFAF5AA,否,是,
orderField,string,否,按广告花费倒序,adSpend,,排序字段，支持对查询结果中的任意字段进行排序（驼峰命名）。包括：基础指标(numAdsShown/numAdsClicks/adSpend)、销售指标(attributedSales/attributedOrders/attributedUnits/advertisedSkuSales/advertisedSkuUnits)、关联指标(otherSkuSales/otherSkuUnits)、品牌新买家指标(ntbOrders/ntbRevenue/ntbUnits)、计算指标(cpc/ctr/cvr/acos/roas/aov/cpa)、时间字段(startDate/endDate/entityCreateAt)等所有返回的报表字段。不传时默认按广告花费倒序,orderField,LX-7C855BFAF5AA,否,是,"SKU, 订单号"
orderType,string,否,ASC,DESC,"ASC-升序, DESC-降序，不传时默认ASC","排序类型，枚举值：ASC-升序, DESC-降序，不传时默认ASC",orderType,LX-7C855BFAF5AA,否,否,订单号
pageNum,int,否,,1,,页码，分页时的页码，从1开始,pageNum,LX-7C855BFAF5AA,是,否,
pageSize,int,否,,20,,每页大小，分页时每页显示的记录数，最大200,pageSize,LX-7C855BFAF5AA,是,否,
paging,boolean,否,为true,1,,是否分页，默认为true,paging,LX-7C855BFAF5AA,是,否,
searchText,string,否,,高转化广告组,,搜索文本，模糊搜索广告组名称（ad_group_name）,searchText,LX-7C855BFAF5AA,否,否,
searchType,string,否,,,,搜索类型，目前不用传,searchType,LX-7C855BFAF5AA,否,否,
startDate,string,是,,2024-01-01,,开始日期，必填，格式：yyyy-MM-dd，且 startDate 和 endDate 间隔不能超过31天,startDate,LX-7C855BFAF5AA,否,是,
status,array,否,,"[""enabled"",""disabled""]","enabled-启用, disabled-禁用，delete-归档","广告组状态列表，String数组，枚举值：enabled-启用, disabled-禁用，delete-归档",status,LX-7C855BFAF5AA,否,否,
amazonOrderId,string,是,,249-6838153-6838402,,订单id,amazonOrderId,LX-7D621DDB5AD5,否,否,订单号
remark,string,是,,,,备注,remark,LX-7D621DDB5AD5,否,否,
sid,int,是,,12,,店铺id，对应[查询亚马逊店铺列表](docs/BasicData/SellerLists)接口对应字段【sid】,sid,LX-7D621DDB5AD5,否,否,店铺
apportion_rule,int,是,,1,,分摊规则： 0 无 1 按销售额 2 按销量 3 店铺均摊后按销售额占比分摊 4 店铺均摊后按销量占比分摊,apportion_rule,LX-7ED46019A235,否,否,店铺
dimension,int,是,,2,,分摊维度： 1 msku 2 asin 3 店铺 4 父asin 5 sku 6 企业,dimension,LX-7ED46019A235,否,否,"店铺, MSKU, ASIN, SKU"
fee_items,array,是,,,,费用明细项,fee_items,LX-7ED46019A235,否,否,
currency_code,string,是,,CNY,,币种代码,fee_items[].currency_code,LX-7ED46019A235,否,否,
date,string,是,,2023-02,,分摊日期，格式：Y-m-d 或 Y-m,fee_items[].date,LX-7ED46019A235,否,是,
dimension_value,string,是,,B0ABCD001,,纬度值，例如ASIN值,fee_items[].dimension_value,LX-7ED46019A235,否,否,ASIN
fee,number,是,,-100,,金额,fee_items[].fee,LX-7ED46019A235,否,否,
other_fee_type_id,number,是,,1000014,,费用类型id，[查询费用类型列表](docs/Finance/feeManagementType) 接口对应字段【id】,fee_items[].other_fee_type_id,LX-7ED46019A235,否,否,
remark,string,是,,费用子项备注,,费用子项备注,fee_items[].remark,LX-7ED46019A235,否,否,
sids,array,是,,"[1,2]",,店铺id： 单选店铺传店铺id 全部店铺传[99999999] 企业费用传[88888888] 多选店铺传[77777777] ，对应[查询亚马逊店铺列表](docs/BasicData/SellerLists)接口对应字段【sid】,fee_items[].sids,LX-7ED46019A235,否,否,店铺
is_request_pool,int,是,,0,,是否请款：0 否，1 是,is_request_pool,LX-7ED46019A235,否,否,
remark,string,是,,备注,,费用单备注,remark,LX-7ED46019A235,否,否,
submit_type,int,是,,2,1 暂存，2 提交,提交类型：1 暂存，2 提交,submit_type,LX-7ED46019A235,否,否,
bind_detail,array,是,,,,listing数据，上限100,bind_detail,LX-80C0100C2D4F,否,否,
relation_id,string,是,,HOLDER001,,msku，[查询亚马逊Listing](docs/Sale/Listing) 接口对应字段【seller_sku】,bind_detail[].relation_id,LX-80C0100C2D4F,否,否,"店铺, MSKU, SKU"
sid,int,是,,17,,店铺id ，对应[查询亚马逊店铺列表](docs/BasicData/SellerLists)接口对应字段【sid】,bind_detail[].sid,LX-80C0100C2D4F,否,否,店铺
end_date,string,是,,2024-08-05,,结束时间，格式：Y-m-d,end_date,LX-8116408E9FBA,否,是,
length,int,是,15,15,,分页长度，默认15,length,LX-8116408E9FBA,是,否,
offset,int,是,1,1,,页码，默认1,offset,LX-8116408E9FBA,是,否,
start_date,string,是,,2022-01-01,,开始时间，格式：Y-m-d,start_date,LX-8116408E9FBA,否,是,
sys_wid,string,否,,"14,870,1695",,系统仓库id，多个以英文逗号分隔,sys_wid,LX-8116408E9FBA,否,否,仓库
is_matched,int,否,,1,,是否配对：【空表示都返回】 0 未配对 1 配对,is_matched,LX-814E67414272,否,否,
length,int,否,20,20,,分页长度，默认20,length,LX-814E67414272,是,否,
offset,int,否,,0,,分页偏移量,offset,LX-814E67414272,是,否,
wid,string,是,,"1,578,765",,仓库id，多个用英文逗号分隔,wid,LX-814E67414272,否,否,仓库
assessType,int,是,,1,,考核指标：1 销售额，2 销量,assessType,LX-81721F0D55C3,否,否,
assessYear,int,是,,2022,,目标年份(只允许去年、今年、明年),assessYear,LX-81721F0D55C3,否,否,
currencyCode,string,是,,USD,,币种【仅支持USD、EUR、GBP、CNY、JPY】,currencyCode,LX-81721F0D55C3,否,否,
operateType,int,是,,1,1 覆盖 2 更新,操作类型： 1 覆盖 2 更新,operateType,LX-81721F0D55C3,否,否,
userGoalList,array,是,,,,用户目标集合,userGoalList,LX-81721F0D55C3,否,否,
uid,int,是,,1001,,用户id,userGoalList[].uid,LX-81721F0D55C3,否,否,
value1,number,是,,100,,1月目标,userGoalList[].value1,LX-81721F0D55C3,否,否,
value10,number,是,,100,,10月目标,userGoalList[].value10,LX-81721F0D55C3,否,否,
value11,number,是,,100,,11月目标,userGoalList[].value11,LX-81721F0D55C3,否,否,
value12,number,是,,100,,12月目标,userGoalList[].value12,LX-81721F0D55C3,否,否,
value2,number,是,,100,,2月目标,userGoalList[].value2,LX-81721F0D55C3,否,否,
value3,number,是,,100,,3月目标,userGoalList[].value3,LX-81721F0D55C3,否,否,
value4,number,是,,100,,4月目标,userGoalList[].value4,LX-81721F0D55C3,否,否,
value5,number,是,,100,,5月目标,userGoalList[].value5,LX-81721F0D55C3,否,否,
value6,number,是,,100,,6月目标,userGoalList[].value6,LX-81721F0D55C3,否,否,
value7,number,是,,100,,7月目标,userGoalList[].value7,LX-81721F0D55C3,否,否,
value8,number,是,,100,,8月目标,userGoalList[].value8,LX-81721F0D55C3,否,否,
value9,number,是,,100,,9月目标,userGoalList[].value9,LX-81721F0D55C3,否,否,
length,int,否,1000,100,,分页长度，默认1000，上限1000,length,LX-82FF3AF996D2,是,否,
offset,int,否,0,0,,分页偏移量，默认0,offset,LX-82FF3AF996D2,是,否,
adGroupIds,array,否,,"[123456789,987654321]",,广告组ID列表，Long数组，按广告组ID筛选,adGroupIds,LX-83BBCE9FCB0E,否,否,
advertiserIds,array,是,,"[123456789012345,987654321098765]",,广告账号ID列表，BigInteger数组，必填，必须至少选择一个店铺,advertiserIds,LX-83BBCE9FCB0E,否,否,"店铺, 广告账号"
campaignIds,array,否,,"[123456789,987654321]",,广告活动ID列表，Long数组，按广告活动ID筛选,campaignIds,LX-83BBCE9FCB0E,否,否,
campaignType,array,是,,"[""video""]","sponsoredProducts-manual(SP手动), sponsoredProducts-auto(SP自动), sba(SB品牌广告), video(SV视频广告)","广告活动类型列表，String数组，必填，枚举值：sponsoredProducts-manual(SP手动), sponsoredProducts-auto(SP自动), sba(SB品牌广告), video(SV视频广告)。注意：查询SV广告报告必须且只能携带video",campaignType,LX-83BBCE9FCB0E,否,否,
companyId,int,否,,123456,,公司ID,companyId,LX-83BBCE9FCB0E,否,否,
day,int,否,14天,14,"3, 14, 30，默认14天","归因天数，数据归因天数，枚举值：3, 14, 30，默认14天",day,LX-83BBCE9FCB0E,否,否,
endDate,string,是,,2024-12-31,,结束日期，必填，格式：yyyy-MM-dd，且 startDate 和 endDate 间隔不能超过31天,endDate,LX-83BBCE9FCB0E,否,是,
operationSourceType,string,否,网页操作,web,,操作来源，默认网页操作,operationSourceType,LX-83BBCE9FCB0E,否,否,
orderField,string,否,按广告花费倒序,adSpend,,排序字段，支持对查询结果中的任意字段进行排序（驼峰命名）。包括：基础指标(numAdsShown/numAdsClicks/adSpend)、销售指标(attributedSales/attributedOrders/attributedUnits/advertisedSkuSales/advertisedSkuUnits)、关联指标(otherSkuSales/otherSkuUnits)、品牌新买家指标(ntbOrders/ntbRevenue/ntbUnits)、计算指标(cpc/ctr/cvr/acos/roas/aov/cpa)、时间字段(startDate/endDate/entityCreateAt)等所有返回的报表字段。不传时默认按广告花费倒序,orderField,LX-83BBCE9FCB0E,否,是,"SKU, 订单号"
orderType,string,否,ASC,DESC,"ASC-升序, DESC-降序，不传时默认ASC","排序类型，枚举值：ASC-升序, DESC-降序，不传时默认ASC",orderType,LX-83BBCE9FCB0E,否,否,订单号
pageNum,int,否,,1,,页码，分页时的页码，从1开始,pageNum,LX-83BBCE9FCB0E,是,否,
pageSize,int,否,,20,,每页大小，分页时每页显示的记录数，最大200,pageSize,LX-83BBCE9FCB0E,是,否,
pageType,array,否,,"[""search"",""item""]","browse-浏览, item-商品, search-搜索, topic-主题, category-分类, homepage-首页, other-其他","页面类型列表，String数组，枚举值：browse-浏览, item-商品, search-搜索, topic-主题, category-分类, homepage-首页, other-其他",pageType,LX-83BBCE9FCB0E,是,否,
paging,boolean,否,为true,1,,是否分页，默认为true,paging,LX-83BBCE9FCB0E,是,否,
searchText,string,否,,春季促销活动,,搜索文本，模糊搜索广告活动名称（campaign_name）,searchText,LX-83BBCE9FCB0E,否,否,
searchType,string,否,,,,搜索类型，目前不用传,searchType,LX-83BBCE9FCB0E,否,否,
startDate,string,是,,2024-01-01,,开始日期，必填，格式：yyyy-MM-dd，且 startDate 和 endDate 间隔不能超过31天,startDate,LX-83BBCE9FCB0E,否,是,
status,array,否,,"[""enabled"",""live""]","enabled-启用, paused-暂停, scheduled-已安排, rescheduled-重新安排, live-运行中, proposal-提议, completed-已完成","广告活动状态列表，String数组，枚举值：enabled-启用, paused-暂停, scheduled-已安排, rescheduled-重新安排, live-运行中, proposal-提议, completed-已完成",status,LX-83BBCE9FCB0E,否,否,
end_date,string,否,,2024-08-02,,结束时间，格式：Y-m-d，双闭区间 当筛选更新时间时，支持Y-m-d或Y-m-d H:i:s,end_date,LX-853A6501F0BF,否,是,
length,int,是,,20,,分页长度，上限500,length,LX-853A6501F0BF,是,否,
offset,int,是,,0,,分页偏移量,offset,LX-853A6501F0BF,是,否,
search_field_time,string,否,】,create_time,,时间搜索维度： create_time 创建时间【默认值】 last_time 更新时间,search_field_time,LX-853A6501F0BF,否,是,
start_date,string,否,,2024-08-02,,开始时间，格式：Y-m-d，双闭区间 当筛选更新时间时，支持Y-m-d或Y-m-d H:i:s,start_date,LX-853A6501F0BF,否,是,
status,array,否,,"[10, 20]",,状态： 121 待审批 122 已驳回 124 已作废（审批作废） 10 已处理 20 已作废（单据作废） 5 待退货,status,LX-853A6501F0BF,否,否,
advertiserIds,array,是,,[123456789012345],,广告账号ID列表，BigInteger数组，必填，必须至少选择一个店铺,advertiserIds,LX-86309AAB2BAC,否,否,"店铺, 广告账号"
campaignIds,array,否,,"[10001,10002]",,广告活动ID列表，Long数组，指定查询的广告活动ID，支持批量查询,campaignIds,LX-86309AAB2BAC,否,否,
campaignType,array,是,,"[""video""]","sponsoredProducts-manual(SP手动), sponsoredProducts-auto(SP自动), sba(SB品牌广告), video(SV视频广告)","广告活动类型列表，String数组，必填，枚举值：sponsoredProducts-manual(SP手动), sponsoredProducts-auto(SP自动), sba(SB品牌广告), video(SV视频广告)。注意：查询SV广告报告必须且只能携带video",campaignType,LX-86309AAB2BAC,否,否,
day,int,是,,14,"3, 14, 30","归因天数，必填，数据归因天数，枚举值：3, 14, 30",day,LX-86309AAB2BAC,否,否,
endDate,string,是,,2024-11-12,,结束日期，必填，格式：yyyy-MM-dd，且 startDate 和 endDate 间隔不能超过31天,endDate,LX-86309AAB2BAC,否,是,
operationSourceType,string,是,,gateway,,操作来源，必填，openapi调用必传gateway，前端传web,operationSourceType,LX-86309AAB2BAC,否,否,
orderField,string,否,按广告花费倒序,adSpend,,排序字段，支持对查询结果中的任意字段进行排序（驼峰命名）。包括但不限于: 基础指标(numAdsShown/numAdsClicks/adSpend)、销售指标(attributedSales/attributedOrders/attributedUnits/advertisedSkuSales/advertisedSkuUnits)、关联指标(otherSkuSales/otherSkuUnits)、品牌新买家指标(ntbOrders/ntbRevenue/ntbUnits)、计算指标(cpc/ctr/cvr/acos/roas/aov/cpa)、时间字段(startDate/endDate/entityCreateAt)等所有返回的报表字段。不传时默认按广告花费倒序,orderField,LX-86309AAB2BAC,否,是,"SKU, 订单号"
orderType,string,否,ASC,DESC,"ASC-升序, DESC-降序，不传时默认ASC","排序类型，枚举值：ASC-升序, DESC-降序，不传时默认ASC",orderType,LX-86309AAB2BAC,否,否,订单号
pageNum,int,是,,1,,页码，必填，分页时的页码，从1开始,pageNum,LX-86309AAB2BAC,是,否,
pageSize,int,是,,20,,每页大小，必填，openapi必传且小于2000,pageSize,LX-86309AAB2BAC,是,否,
paging,boolean,是,,1,,是否分页，必填，openapi必填true,paging,LX-86309AAB2BAC,是,否,
searchText,string,否,,Black Friday Campaign,,搜索文本，模糊搜索广告活动名称,searchText,LX-86309AAB2BAC,否,否,
startDate,string,是,,2024-11-01,,开始日期，必填，格式：yyyy-MM-dd，且 startDate 和 endDate 间隔不能超过31天,startDate,LX-86309AAB2BAC,否,是,
status,array,否,,"[""enabled"",""live""]","enabled-启用, paused-暂停, scheduled-已安排, rescheduled-重新安排, live-运行中, proposal-提议, completed-已完成","广告活动状态列表，String数组，枚举值：enabled-启用, paused-暂停, scheduled-已安排, rescheduled-重新安排, live-运行中, proposal-提议, completed-已完成",status,LX-86309AAB2BAC,否,否,
overseas_order_no,string,是,,OWS240724004,,备货单号,overseas_order_no,LX-87182E99B1B7,否,否,订单号
product_list,array,是,,,,产品信息,product_list,LX-87182E99B1B7,否,否,
current_receive_num,int,是,,10,,收货数量,product_list[].current_receive_num,LX-87182E99B1B7,否,否,
fnsku,string,否,,FN7DB7A81,,fnsku【备货单中对应有值则必填】,product_list[].fnsku,LX-87182E99B1B7,否,否,SKU
product_code,string,否,,00015214,,第三方仓sku【备货单中对应有值则必填】,product_list[].product_code,LX-87182E99B1B7,否,否,SKU
product_id,int,是,,33055,,本地产品id,product_list[].product_id,LX-87182E99B1B7,否,否,
sid,int,否,,0,,店铺id【备货单中对应有值则必填】 ，对应[查询亚马逊店铺列表](docs/BasicData/SellerLists)接口对应字段【sid】,product_list[].sid,LX-87182E99B1B7,否,否,店铺
isMatched,int,否,,,,是否配对，0否，1是,isMatched,LX-87EAA59FF5C7,否,否,
keyword,string,否,,,,关键词，搜索sku / 品名 / 第三方产品名 / 产品编码,keyword,LX-87EAA59FF5C7,否,否,SKU
length,int,否,20,,,分页大小，默认20，上限200,length,LX-87EAA59FF5C7,是,否,
offset,int,否,0,,,分页偏移量，默认0,offset,LX-87EAA59FF5C7,是,否,
twIds,string,否,,"123,124",,三方仓id，多个之间用逗号隔开,twIds,LX-87EAA59FF5C7,否,否,仓库
wpId,int,是,,1666,,三方服务商id,wpId,LX-87EAA59FF5C7,否,否,
pkg_height,string,是,,1.2,,包裹高,pkg_height,LX-890B84A34002,否,否,
pkg_length,string,是,,1.8,,包裹长,pkg_length,LX-890B84A34002,是,否,
pkg_width,string,是,,1.4,,包裹宽,pkg_width,LX-890B84A34002,否,否,仓库
wo_number,string,是,,WO103703789643006464,,销售出库单号，对应[查询销售出库单列表](docs/Warehouse/WmsOrderList)data>>wo_number字段,wo_number,LX-890B84A34002,否,否,"订单号, 仓库"
ptId,long,否,,1234567890,,装箱任务id，未填时 taskSn 必填,ptId,LX-8C46310BDBDA,否,否,
taskSn,string,否,,PL260423001,,装箱任务单号，未填时 ptId 必填,taskSn,LX-8C46310BDBDA,否,否,
end_date,string,是,,2024-08-05,,结束日期【提醒时间】，闭区间，格式：Y-m-d，时间间隔最长不超过90天,end_date,LX-8DD1FB86D648,否,是,
length,int,否,50,50,,分页长度，默认50，上限200,length,LX-8DD1FB86D648,是,否,
model_id_list,array,否,,"[1,2]",,预警模型： 1 Listing调价预警 2 FBA费变更预警 3 Listing下架预警 6 FBA费异常预警 7 折扣异常预警 18 业务指标预警 20 折扣叠加预警 21 buybox丢失预警 26 父ASIN变更预警,model_id_list,LX-8DD1FB86D648,否,否,ASIN
offset,int,否,,0,,分页偏移量,offset,LX-8DD1FB86D648,是,否,
search_field,string,否,,asin,rule_name 规则名称 asin ASIN msku MSKU,搜索类型： rule_name 规则名称 asin ASIN msku MSKU,search_field,LX-8DD1FB86D648,否,否,"MSKU, ASIN, SKU"
search_value,string,否,,B0CWS8MNW1,,搜索值,search_value,LX-8DD1FB86D648,否,否,
show_status,int,是,,1,,处理状态： 0 待处理 1 全部,show_status,LX-8DD1FB86D648,否,否,
sids,array,否,,"[1,136]",,店铺id ，对应[查询亚马逊店铺列表](docs/BasicData/SellerLists)接口对应字段【sid】,sids,LX-8DD1FB86D648,否,否,店铺
start_date,string,是,,2024-06-05,,开始日期【提醒时间】，闭区间，格式：Y-m-d，时间间隔最长不超过90天,start_date,LX-8DD1FB86D648,否,是,
bin_type_list,string,否,,5,【多个类型用逗号分隔】 1 待检暂存 2 可用暂存 3 次品暂存 4 拣货暂存 5 可用 6 次品,仓位类型：【多个类型用逗号分隔】 1 待检暂存 2 可用暂存 3 次品暂存 4 拣货暂存 5 可用 6 次品,bin_type_list,LX-8DE4E360B561,否,否,
end_date,string,否,,2024-06-01,,操作结束时间，Y-m-d，开区间，联合开始时间使用,end_date,LX-8DE4E360B561,否,是,
length,int,否,20,20,,分页长度，默认20,length,LX-8DE4E360B561,是,否,
offset,int,否,0,0,,分页偏移量，默认0,offset,LX-8DE4E360B561,是,否,
start_date,string,否,,2022-01-30,,操作开始时间，Y-m-d，闭区间，联合结束时间使用,start_date,LX-8DE4E360B561,否,是,
type,string,否,全部类型】,19,【多个流水类型用英文逗号分隔，不填默认全部类型】 16 换标入库 17 加工入库 18 拆分入库 19 其他入库 22 采购入库 23 委外入库 24 调拨入库 25 盘盈入库 26 退货入库 27 移除入库 28 采购质检 29 委外质检 32 委外出库 33 盘亏出库 34 换标出库 35 加工出库 36 拆分出库 37 FBA出库 38 FBM出库 39 退货出库 41 调拨出库 42 其他出库 65 WFS出库 71 采购上架 72 委外上架 100 库存调整 200 成本补录 30001 已撤销,流水类型：【多个流水类型用英文逗号分隔，不填默认全部类型】 16 换标入库 17 加工入库 18 拆分入库 19 其他入库 22 采购入库 23 委外入库 24 调拨入库 25 盘盈入库 26 退货入库 27 移除入库 28 采购质检 29 委外质检 32 委外出库 33 盘亏出库 34 换标出库 35 加工出库 36 拆分出库 37 FBA出库 38 FBM出库 39 退货出库 41 调拨出库 42 其他出库 65 WFS出库 71 采购上架 72 委外上架 100 库存调整 200 成本补录 30001 已撤销,type,LX-8DE4E360B561,否,否,
wid,string,否,所有仓库,"1,578,765",,"仓库ID，多个仓库ID用英文逗号,分隔，传或者传空则默认所有仓库",wid,LX-8DE4E360B561,否,否,仓库
bin_type,int,否,1】,2,,出库仓位方式：【默认1】 1 系统自定选择 2 指定出库仓位,bin_type,LX-8F4BA5E003C6,否,否,
product_list,array,是,,,,调整的产品明细数据,product_list,LX-8F4BA5E003C6,否,否,
adjustment_valid_num,int,是,,1,,调整量,product_list[].adjustment_valid_num,LX-8F4BA5E003C6,否,否,
fnsku,string,否,为空,XXX111,,原FNSKU，默认为空,product_list[].fnsku,LX-8F4BA5E003C6,否,否,SKU
in_available_bin,array,否,可用暂存,,,入库仓位列表，默认可用暂存,product_list[].in_available_bin,LX-8F4BA5E003C6,否,否,
num,int,否,,1,,入库数量，当填写入库仓位时，该字段必填 【in_available_bin>>num 之和 等于 adjustment_valid_num】,product_list[].in_available_bin.num,LX-8F4BA5E003C6,否,否,
whb_code,string,否,,T-2,,入库仓位,product_list[].in_available_bin.whb_code,LX-8F4BA5E003C6,否,否,
out_available_bin,array,否,可用暂存【仅当bin_type,,,出库仓位列表，默认可用暂存【仅当bin_type = 2 生效】,product_list[].out_available_bin,LX-8F4BA5E003C6,否,否,
num,int,否,按ERP页面逻辑出库,1,,出库数量，默认按ERP页面逻辑出库 【out_available_bin>>num 之和 等于 adjustment_valid_num】,product_list[].out_available_bin.num,LX-8F4BA5E003C6,否,否,
whb_code,string,否,,T-1,,出库仓位,product_list[].out_available_bin.whb_code,LX-8F4BA5E003C6,否,否,
product_id,int,是,,1,,产品id,product_list[].product_id,LX-8F4BA5E003C6,否,否,
product_remark,string,否,,产品备注,,产品备注,product_list[].product_remark,LX-8F4BA5E003C6,否,否,
seller_id,string,否,为0,1,,"原店铺id，默认为0 ,对应[查询亚马逊店铺列表](docs/BasicData/SellerLists)接口对应字段【seller_id】",product_list[].seller_id,LX-8F4BA5E003C6,否,否,店铺
to_fnsku,string,否,空,XXX222,,新FNSKU，默认空,product_list[].to_fnsku,LX-8F4BA5E003C6,否,否,SKU
to_product_id,string,是,,,,新产品id,product_list[].to_product_id,LX-8F4BA5E003C6,否,否,
to_seller_id,int,否,为0,2,,新店铺id，默认为0,product_list[].to_seller_id,LX-8F4BA5E003C6,否,否,店铺
remark,string,否,,单据备注,,单据备注,remark,LX-8F4BA5E003C6,否,否,
wid,int,是,,1,,系统仓库id,wid,LX-8F4BA5E003C6,否,否,仓库
end_date,string,是,,2023-10-31,,结束时间，格式：yyyy-mm-dd,end_date,LX-8F98CEB43A6D,否,是,
length,number,否,为200,40,,分页长度，默认为200,length,LX-8F98CEB43A6D,是,否,
mids,array,否,,"[""1"",""2""]",,国家列表,mids,LX-8F98CEB43A6D,否,否,
offset,number,否,为20,0,,分页偏移量，默认为20,offset,LX-8F98CEB43A6D,是,否,
search_field,string,否,】,msku,,搜索条件： asin ASIN parent_asin 父ASIN msku MSKU【默认】,search_field,LX-8F98CEB43A6D,否,否,"MSKU, ASIN, SKU"
search_value,array,否,,"[""1234123""]",,搜索值,search_value,LX-8F98CEB43A6D,否,否,
sids,array,否,,"[""123""]",,店铺列表,sids,LX-8F98CEB43A6D,否,否,店铺
start_date,string,是,,2023-10-01,,开始时间，格式：yyyy-mm-dd,start_date,LX-8F98CEB43A6D,否,是,
summary_type,string,是,,asin,,日志维度： asin ASIN parent_asin 父ASIN msku MSKU,summary_type,LX-8F98CEB43A6D,否,否,"MSKU, ASIN, SKU"
end_date,string,是,,2024-08-05,,结束日期【提醒时间】，闭区间，格式：Y-m-d，时间间隔最长不超过90天,end_date,LX-8F9A0C4E13C0,否,是,
length,int,否,50,50,,分页长度，默认50，上限200,length,LX-8F9A0C4E13C0,是,否,
model_id_list,array,否,,"[5,22]",,预警模型： 4 本地库存预警 5 亚马逊库存预警 22 本地库龄预警 23 亚马逊库龄预警,model_id_list,LX-8F9A0C4E13C0,否,否,
offset,int,否,,0,,分页偏移量,offset,LX-8F9A0C4E13C0,是,否,
product_type_list,array,否,,"[2,3]",2 MSKU 3 SKU+仓库+店铺+FNSKU,产品类型： 2 MSKU 3 SKU+仓库+店铺+FNSKU,product_type_list,LX-8F9A0C4E13C0,否,否,"店铺, MSKU, SKU, 仓库"
show_status,int,是,,1,,处理状态： 0 待处理 1 全部,show_status,LX-8F9A0C4E13C0,否,否,
start_date,string,是,,2024-06-05,,开始日期【提醒时间】，闭区间，格式：Y-m-d，时间间隔最长不超过90天,start_date,LX-8F9A0C4E13C0,否,是,
base64File,string,是,,,,PDF/PNG/JPG/JPEG格式文件 Base64编码,base64File,LX-8FB1CC9572F0,否,否,
fileName,string,是,,aa,,面单文件名,fileName,LX-8FB1CC9572F0,否,否,
trackingNo,string,是,,B09JK94H12,,运单号,trackingNo,LX-8FB1CC9572F0,否,否,
waybillNo,string,是,,15165615,,跟踪号,waybillNo,LX-8FB1CC9572F0,否,否,
woId,int,是,,1234,,出库单id，对应[查询销售出库单列表](/docs/Warehouse/WmsOrderList),woId,LX-8FB1CC9572F0,否,否,"订单号, 仓库"
batch_status,string,是,,Enable,,状态: Enable 启用 Disable 禁用,batch_status,LX-90CFB48DDD46,否,否,
product_ids,array,否,,"[10290,10289,10288]",,产品id,product_ids,LX-90CFB48DDD46,否,否,
appId,string,是,,,,AppID，在ERP开放接口菜单中获取,appId,LX-9118DDA102D0,否,否,
appSecret,string,是,,,,App Secret，在ERP开放接口菜单中获取,appSecret,LX-9118DDA102D0,否,否,
fulfillment_types,array,否,,[0],,发货方式： 0 WFS Eligible 1 Walmart Fulfilled 2 Seller Fulfilled,fulfillment_types,LX-9212623D77EA,否,否,店铺
length,int,否,20,20,,分页长度，默认20，上限200,length,LX-9212623D77EA,是,否,
listing_end_time,string,否,,2024-09-11,,结束日期，Y-m-d，闭区间【开始结束时间不超过31天】,listing_end_time,LX-9212623D77EA,否,是,
listing_start_time,string,否,,2024-08-12,,开始日期，Y-m-d，闭区间【开始结束时间不超过31天】,listing_start_time,LX-9212623D77EA,否,是,
listing_time_field,int,否,,1,1 创建时间 2 更新时间,搜索时间类型： 1 创建时间 2 更新时间,listing_time_field,LX-9212623D77EA,否,是,
offset,int,否,0,0,,分页偏移量，默认0,offset,LX-9212623D77EA,是,否,
principalUids,array,否,,"[10001,10002]",,负责人用户ID列表,principalUids,LX-9212623D77EA,否,否,
search_field,int,否,,1,1 MSKU 2 商品ID 3 SKU 4 标题,搜索字段类型： 1 MSKU 2 商品ID 3 SKU 4 标题,search_field,LX-9212623D77EA,否,否,"MSKU, SKU"
search_single_value,string,否,,114,,"搜索值(字符串,单个模糊搜索)",search_single_value,LX-9212623D77EA,否,否,
status,array,否,,[0],,状态： 0 PUBLISHED 1 READY TO PUBLISH 2 IN PROGRESS 3 UNPUBLISHED 4 STAGE 5 SYSTEM PROBLEM,status,LX-9212623D77EA,否,否,
store_ids,array,否,,"[""11084132377317376""]",,店铺id,store_ids,LX-9212623D77EA,否,否,店铺
picture_list,array,是,,,,产品图片信息,picture_list,LX-927D66FB6D5A,否,否,
is_primary,int,是,,1,,是否产品主图：0 否，1 是,picture_list[].is_primary,LX-927D66FB6D5A,否,否,
pic_url,string,是,,http://www.news.cn/xx/1129400412e0h.jpg,,产品图片链接,picture_list[].pic_url,LX-927D66FB6D5A,否,否,
sku,string,是,,skuAdd,,本地产品SKU,sku,LX-927D66FB6D5A,否,否,SKU
end_time,string,否,,2024-07-25,,结束时间【时间间隔最长不得超过90天】，闭区间，格式：Y-m-d,end_time,LX-92FE8988B86C,否,是,
length,int,否,20,20,,分页长度，默认20，上限200,length,LX-92FE8988B86C,是,否,
offset,int,否,0,0,,分页偏移量，默认0,offset,LX-92FE8988B86C,是,否,
pay_status,string,否,,"0,1",,支付状态【多个使用英文逗号分隔】： 0 未申请 1 已申请 2 部分付款 3 已付清,pay_status,LX-92FE8988B86C,否,否,
search_field,string,否,,order_sn,sku SKU order_sn 采购单号,搜索类型： sku SKU order_sn 采购单号,search_field,LX-92FE8988B86C,否,否,"SKU, 订单号"
search_value,string,否,,PO240725048,,查询值,search_value,LX-92FE8988B86C,否,否,
start_time,string,否,,2024-07-25,,开始时间【时间间隔最长不得超过90天】，闭区间，格式：Y-m-d,start_time,LX-92FE8988B86C,否,是,
time_field,string,否,,create_time,create_time 创建时间,时间搜索类型： create_time 创建时间,time_field,LX-92FE8988B86C,否,是,
date_type,string,是,,1,1 日 2 周 3 月,时间类型： 1 日 2 周 3 月,date_type,LX-93C1FB831AAA,否,是,
end_date,string,是,,2024-08-05,,结束时间，闭区间，格式：Y-m-d,end_date,LX-93C1FB831AAA,否,是,
search_field,string,是,,asin,asin ASIN parent_asin 父ASIN msku MSKU,搜索类型： asin ASIN parent_asin 父ASIN msku MSKU,search_field,LX-93C1FB831AAA,否,否,"MSKU, ASIN, SKU"
search_value,string,是,,B085NNMFH7,,搜索值,search_value,LX-93C1FB831AAA,否,否,
sids,array,是,,"[""109,136""]",,店铺id ，对应[查询亚马逊店铺列表](docs/BasicData/SellerLists)接口对应字段【sid】,sids,LX-93C1FB831AAA,否,否,店铺
start_date,string,是,,2022-01-01,,开始时间，闭区间，格式：Y-m-d,start_date,LX-93C1FB831AAA,否,是,
end_date,string,否,,2024-08-01,,结束日期【时间间隔最长不得超过90天】，闭区间，格式：Y-m-d,end_date,LX-95A42DA552D3,否,是,
length,int,否,20,20,,分页长度，默认20，上限200,length,LX-95A42DA552D3,是,否,
offset,int,否,0,0,,分页偏移量，默认0,offset,LX-95A42DA552D3,是,否,
search_field,string,否,,sku,,搜索字段名： product_name 品名 sku SKU msku MSKU fnsku FNSKU spu_name 款名 spu SPU,search_field,LX-95A42DA552D3,否,否,"MSKU, SKU"
search_value,string,否,,01,,搜索值,search_value,LX-95A42DA552D3,否,否,
sids,string,否,,"109,136",,店铺id，多个使用英文逗号分隔 ，对应[查询亚马逊店铺列表](docs/BasicData/SellerLists)接口对应字段【sid】,sids,LX-95A42DA552D3,否,否,店铺
start_date,string,否,,2024-05-05,,开始日期【时间间隔最长不得超过90天】，闭区间，格式：Y-m-d,start_date,LX-95A42DA552D3,否,是,
time_type,int,否,,1,1 下单时间，2 到货时间,时间类型：1 下单时间，2 到货时间,time_type,LX-95A42DA552D3,否,是,
currency_type,number,否,,0,,币种，0=原币种，1=CNY，2=USD,currency_type,LX-95DD19D356E9,否,否,
date_field,string,否,,first_purchase_date,,时间筛选查询类型，1：首次购买时间 ，2：最近购买时间,date_field,LX-95DD19D356E9,否,是,
end_date,string,否,,2021-03-02,,筛选结束时间,end_date,LX-95DD19D356E9,否,是,
length,number,否,20,20,,分页长度 ，默认20 ，上限200,length,LX-95DD19D356E9,是,否,
offset,number,否,,0,,偏移量,offset,LX-95DD19D356E9,是,否,
search_field,string,否,,buyer_email,,支持搜索的字段 buyer_email、buyer_name,search_field,LX-95DD19D356E9,否,否,
search_value,string,否,,t83lnqt83k5317b@marketplace.amazon.com,,搜索值,search_value,LX-95DD19D356E9,否,否,
sids,string,否,,17,,店铺id ，对应[查询亚马逊店铺列表](docs/BasicData/SellerLists)接口对应字段【sid】,sids,LX-95DD19D356E9,否,否,店铺
sort_field,string,否,,order_items,,结果按字段排序,sort_field,LX-95DD19D356E9,否,否,
sort_type,string,否,,desc,,desc=倒序，asc=升序,sort_type,LX-95DD19D356E9,否,否,
start_date,string,否,,2021-01-31,,筛选开始时间,start_date,LX-95DD19D356E9,否,是,
length,int,是,20,20,,单页数据条数，默认20，最大200,length,LX-96F32A1090F0,是,否,
lock_status,string,否,,1,,锁定状态：1-未锁定 2-部分锁定 3-全部锁定,lock_status,LX-96F32A1090F0,否,否,
offset,int,是,0,0,,查询数据偏移，默认0,offset,LX-96F32A1090F0,是,否,
processing_step,string,否,,1,,加工状态：1-未开始 2-部分加工 3-全部加工,processing_step,LX-96F32A1090F0,否,否,
search_key,string,否,,sku,,搜索键：ptp_sn-加工计划号 sku-组合品SKU,search_key,LX-96F32A1090F0,否,否,SKU
search_time_end,string,否,,2021-12-01,,结束时间，格式yyyy-MM-dd,search_time_end,LX-96F32A1090F0,否,是,
search_time_key,string,否,,gmt_create,gmt_create-创建时间 expect_process_time-期望加工时间,搜索时间类型：gmt_create-创建时间 expect_process_time-期望加工时间,search_time_key,LX-96F32A1090F0,否,是,
search_time_start,string,否,,2021-01-02,,开始时间，格式yyyy-MM-dd,search_time_start,LX-96F32A1090F0,否,是,
search_value,string,否,,ff,,搜索值,search_value,LX-96F32A1090F0,否,否,
senior_search_list,array,否,,,,高级搜索条件,senior_search_list,LX-96F32A1090F0,否,否,
search_field,string,条件必填,,ptp_sn,,搜索字段：ptp_sn-加工计划号 sku-SKU,senior_search_list[].search_field,LX-96F32A1090F0,否,否,SKU
search_value,array,否,,"[""PTP211006055""]",,搜索值，支持多个,senior_search_list[].search_value,LX-96F32A1090F0,否,否,
adjust_status,int,否,,20,,单据状态： 5 待提交 10 待调整 20 已完成 30 已删除 121 待审批 122 已驳回,adjust_status,LX-9909117FD1E7,否,否,
end_date,string,否,,2024-07-30,,结束日期，格式：Y-m-d,end_date,LX-9909117FD1E7,否,是,
order_sn,string,否,,AD240730002,,调整单号，多个使用英文逗号分隔,order_sn,LX-9909117FD1E7,否,否,订单号
page,int,否,1,1,,当前页码，默认1,page,LX-9909117FD1E7,是,否,
page_size,int,否,20,20,,分页条数，默认20,page_size,LX-9909117FD1E7,是,否,
search_date_type,int,否,,1,1 创建时间 2 调整时间 3 更新时间,时间类型： 1 创建时间 2 调整时间 3 更新时间,search_date_type,LX-9909117FD1E7,否,是,
start_date,string,否,,2024-07-30,,开始日期，格式：Y-m-d,start_date,LX-9909117FD1E7,否,是,
type,int,否,,0,0 数量调整 1 换标调整 2 sku调整,调整类型： 0 数量调整 1 换标调整 2 sku调整,type,LX-9909117FD1E7,否,否,SKU
wid,string,否,,1469,,系统仓库id，多个使用英文逗号分隔,wid,LX-9909117FD1E7,否,否,仓库
code,string,是,,CNY,,币种，[查询汇率列表](docs/BasicData/Currency) 接口对应字段【code】,code,LX-99132180876E,否,否,
date,string,是,,2021-08,,汇率年月，[查询汇率列表](docs/BasicData/Currency) 接口对应字段【date】,date,LX-99132180876E,否,是,
my_rate,string,是,,1.0000,,我的汇率【小数位数最多10位】，[查询汇率列表](docs/BasicData/Currency) 接口对应字段【my_rate】,my_rate,LX-99132180876E,否,否,
pair_multi_platform_list,array,是,,,,配对数据，上限为5000条,pair_multi_platform_list,LX-9A6E1D56E418,否,否,平台
msku,string,是,,231428567,,msku，Temu商品配对时传msku_id,pair_multi_platform_list[].msku,LX-9A6E1D56E418,否,否,"MSKU, SKU"
sku,string,是,,wjc10_sku,,sku,pair_multi_platform_list[].sku,LX-9A6E1D56E418,否,否,SKU
store_id,string,是,,110000000018010004,,店铺id,pair_multi_platform_list[].store_id,LX-9A6E1D56E418,否,否,店铺
overseas_order_nos,array,是,,"[""OWS210923003"",""OWS210923008""]",,备货单单号，对应[获取备货单号](docs/Warehouse/listOrderNos)接口字段【overseas_order_no】,overseas_order_nos,LX-9AE1466FB085,否,否,"订单号, 仓库"
flag,int,是,,1,,1完成装箱 0为暂存,flag,LX-9B0AEF588990,否,否,
list,array,是,,,,装箱信息,list,LX-9B0AEF588990,否,否,
boxHeight,string,是,,20.00,,箱子高（CM）,list[].boxHeight,LX-9B0AEF588990,否,否,
boxLength,string,是,,10.00,,箱子长（CM）,list[].boxLength,LX-9B0AEF588990,是,否,
boxNum,int,是,,1,,箱数,list[].boxNum,LX-9B0AEF588990,否,否,
boxProduct,array,是,,,,箱内产品,list[].boxProduct,LX-9B0AEF588990,否,否,
fnsku,string,是,,abc-1,,fnsku ，字段必须传，如商品里是空则传空,list[].boxProduct.fnsku,LX-9B0AEF588990,否,否,SKU
ptpiId,string,是,,250693129738747904,,装箱任务商品自增ID,list[].boxProduct.ptpiId,LX-9B0AEF588990,否,否,
quantityInCase,int,是,,2,,单箱数量,list[].boxProduct.quantityInCase,LX-9B0AEF588990,否,否,
boxWeight,string,是,,5.00,,箱子重（KG）,list[].boxWeight,LX-9B0AEF588990,否,否,
boxWidth,string,是,,10.00,,箱子宽（CM）,list[].boxWidth,LX-9B0AEF588990,否,否,仓库
customBoxId,string,是,,BOX001,,"箱子编号，多个用,分隔",list[].customBoxId,LX-9B0AEF588990,否,否,
ptbId,string,是,,250693132348194816,,箱子自增ID,list[].ptbId,LX-9B0AEF588990,否,否,
snValue,string,是,,PL260423001,,任务单号、关联单号,snValue,LX-9B0AEF588990,否,否,
end_date,string,否,,2024-08-02,,结束日期（闭区间）,end_date,LX-9BF4536568D4,否,是,
length,int,是,,500,,分页长度，上限500,length,LX-9BF4536568D4,是,否,
offset,int,是,,0,,分页偏移量,offset,LX-9BF4536568D4,是,否,
search_field_time,string,否,,create_time,,日期搜索类型 create_time:创建日期 expect_arrive_time:结束日期,search_field_time,LX-9BF4536568D4,否,是,
start_date,string,否,,2024-08-02,,开始日期（闭区间）,start_date,LX-9BF4536568D4,否,是,
end_time,string,否,,2024-07-25,,结束时间【时间间隔最长不得超过90天】，闭区间，格式：Y-m-d,end_time,LX-9C950113F6EA,否,是,
length,int,否,20,20,,分页长度，默认20，上限200,length,LX-9C950113F6EA,是,否,
offset,int,否,0,0,,分页偏移量，默认0,offset,LX-9C950113F6EA,是,否,
pay_status,string,否,,3,,支付状态： 0 未申请 1 已申请 2 部分付款 3 已付清,pay_status,LX-9C950113F6EA,否,否,
search_field,string,否,,order_sn,purchase_order_sn 采购单号 order_sn 预付款单号,搜索类型： purchase_order_sn 采购单号 order_sn 预付款单号,search_field,LX-9C950113F6EA,否,否,订单号
search_value,string,否,,PRE240724001,,搜索值,search_value,LX-9C950113F6EA,否,否,
start_time,string,否,,2024-07-23,,开始时间【时间间隔最长不得超过90天】，闭区间，格式：Y-m-d,start_time,LX-9C950113F6EA,否,是,
time_field,string,否,,create_time,create_time 创建时间,时间搜索类型： create_time 创建时间,time_field,LX-9C950113F6EA,否,是,
endTime,string,否,,2024-05-31,,结束时间,endTime,LX-9D5A176AC470,否,是,
isDelete,int,否,）,0,,是否删除 0 未删除（默认） 1 已删除,isDelete,LX-9D5A176AC470,否,否,
length,int,否,,50,,分页长度,length,LX-9D5A176AC470,是,否,
offset,int,否,,0,,分页偏移量,offset,LX-9D5A176AC470,是,否,
pickingStatus,string,否,,,,拣货状态 1 已拣货 0 待拣货,pickingStatus,LX-9D5A176AC470,否,否,
platformCodes,array,是,,"[""10008"",""10027""]",,平台代码 Walmart 10008 TikTok 10011 Temu 10022 Shein 10027,platformCodes,LX-9D5A176AC470,否,否,平台
searchField,int,否,,8,,搜索维度 1 MSKU 2 发货单号 7 货件单号 8 商品条码,searchField,LX-9D5A176AC470,否,否,"MSKU, SKU"
searchSingleValue,string,否,,sMM24042281198971,,模糊搜索值,searchSingleValue,LX-9D5A176AC470,否,否,
shippingListStatus,int,否,,,,发货单状态 0 待配货 1 待发货 2 已发货 3 已作废,shippingListStatus,LX-9D5A176AC470,否,否,
startTime,string,否,,2024-05-26,,开始时间,startTime,LX-9D5A176AC470,否,是,
storeIds,array,否,,"[""110000000018027003""]",,店铺id列表，对应[查询多平台店铺信息](docs/MultiPlatform/V2/StoreInfoV2)接口对应字段【store_id】,storeIds,LX-9D5A176AC470,否,否,"店铺, 平台"
timeField,int,否,,1,,时间维度 1 创建时间 2 发货时间 3 开船时间 4 预计到港时间 5 实际妥投时间 6 实际发货时间,timeField,LX-9D5A176AC470,否,是,
updateEndTime,string,否,,2024-01-01 12:00:00,,修改结束时间,updateEndTime,LX-9D5A176AC470,否,是,
updateStartTime,string,否,,2024-01-01 12:00:00,,修改开始时间,updateStartTime,LX-9D5A176AC470,否,是,
warehouseIds,array,否,,"[-1, 1001]",,仓库ID列表 传入数组 warehouseIds -1-筛选多仓发货单 正数仓库ID-按主单 warehouse_id 过滤，并与用户仓库权限取交集,warehouseIds,LX-9D5A176AC470,否,否,仓库
bin_type,int,否,1】,2,,出库仓位方式：【默认1】 1 系统自定选择 2 指定出库仓位,bin_type,LX-A054BADFE10F,否,否,
product_list,array,是,,,,调整的产品明细数据,product_list,LX-A054BADFE10F,否,否,
adjustment_valid_num,int,是,,1,,调整量,product_list[].adjustment_valid_num,LX-A054BADFE10F,否,否,
fnsku,string,否,为空,XXX111,,原FNSKU，默认为空,product_list[].fnsku,LX-A054BADFE10F,否,否,SKU
in_available_bin,array,否,可用暂存,,,入库仓位列表，默认可用暂存,product_list[].in_available_bin,LX-A054BADFE10F,否,否,
num,int,否,,1,,入库数量，当填写入库仓位时，该字段必填 【in_available_bin>>num 之和 等于 adjustment_valid_num】,product_list[].in_available_bin.num,LX-A054BADFE10F,否,否,
whb_code,string,否,,T-2,,入库仓位,product_list[].in_available_bin.whb_code,LX-A054BADFE10F,否,否,
out_available_bin,array,否,可用暂存【仅当bin_type,,,出库仓位列表，默认可用暂存【仅当bin_type = 2 生效】,product_list[].out_available_bin,LX-A054BADFE10F,否,否,
num,int,否,按ERP页面逻辑出库,1,,出库数量，默认按ERP页面逻辑出库 【out_available_bin>>num 之和 等于 adjustment_valid_num】,product_list[].out_available_bin.num,LX-A054BADFE10F,否,否,
whb_code,string,否,,T-1,,出库仓位,product_list[].out_available_bin.whb_code,LX-A054BADFE10F,否,否,
product_id,int,是,,1,,产品id,product_list[].product_id,LX-A054BADFE10F,否,否,
product_remark,string,否,,产品备注,,产品备注,product_list[].product_remark,LX-A054BADFE10F,否,否,
seller_id,string,否,为0,1,,"原店铺id，默认为0 ,对应[查询亚马逊店铺列表](docs/BasicData/SellerLists)接口对应字段【seller_id】",product_list[].seller_id,LX-A054BADFE10F,否,否,店铺
to_fnsku,string,否,空,XXX222,,新FNSKU，默认空,product_list[].to_fnsku,LX-A054BADFE10F,否,否,SKU
to_seller_id,int,否,为0,2,,新店铺id，默认为0,product_list[].to_seller_id,LX-A054BADFE10F,否,否,店铺
remark,string,否,,单据备注,,单据备注,remark,LX-A054BADFE10F,否,否,
wid,int,是,,1,,系统仓库id,wid,LX-A054BADFE10F,否,否,仓库
file_id,string,是,,123121211,,附件文件id(订单详情接口中附件id字段),file_id,LX-A07E627F7B70,否,否,订单号
end_time,string,否,,2024-07-25,,结束时间【时间间隔最长不得超过90天】，闭区间，格式：Y-m-d,end_time,LX-A095838ED68E,否,是,
length,int,否,20,20,,分页长度，默认20，上限200,length,LX-A095838ED68E,是,否,
offset,int,否,0,0,,分页偏移量，默认0,offset,LX-A095838ED68E,是,否,
search_field,string,否,,order_sn,order_sn 发货单号 logistics_center_code 物流中心编码,搜索类型： order_sn 发货单号 logistics_center_code 物流中心编码,search_field,LX-A095838ED68E,否,否,订单号
search_field_time,string,否,,create_time,create_time 费用录入时间 delivery_create_time 发货单创建时间 shipment_time 发货时间 close_time 付清时间,时间搜索类型： create_time 费用录入时间 delivery_create_time 发货单创建时间 shipment_time 发货时间 close_time 付清时间,search_field_time,LX-A095838ED68E,否,是,
search_value,string,否,,SP240719005,,搜索值,search_value,LX-A095838ED68E,否,否,
start_time,string,否,,2024-07-23,,开始时间【时间间隔最长不得超过90天】，闭区间，格式：Y-m-d,start_time,LX-A095838ED68E,否,是,
endTime,string,是,,2021-06-28,,活动结束时间,endTime,LX-A404B2104669,否,是,
pageNum,number,是,,1,,分页页码,pageNum,LX-A404B2104669,是,否,
pageSize,number,是,,20,,分页大小,pageSize,LX-A404B2104669,是,否,
promotionType,array,否,,[],,促销类型,promotionType,LX-A404B2104669,否,否,
sellerSku,string,是,,09-CJWX-DFQH,,sellerSku,sellerSku,LX-A404B2104669,否,否,"店铺, SKU"
sortField,string,是,,startTime,,"排序项（""cost"", ""drawQuantity"", ""exchangeQuantity"", ""exchangeRate"",""startTime"",""salesVolume"",""salesAmount"",""startTime""）",sortField,LX-A404B2104669,否,是,
sortType,string,是,,desc,,排序类型 asc desc,sortType,LX-A404B2104669,否,否,
startTime,string,是,,2021-06-21,,活动开始时间,startTime,LX-A404B2104669,否,是,
status,array,否,,[],,促销状态,status,LX-A404B2104669,否,否,
storeId,string,是,,31,,店铺id,storeId,LX-A404B2104669,否,否,店铺
currencyCode,string,否,,CNY,,币种code,currencyCode,LX-A453FAE8A107,否,否,
endDate,string,是,,2023-10-20,,结束时间【结算时间，双闭区间】 按天：开始结束时间间隔最长不能跨度 31 天，格式：Y-m-d 按月：开始结束时间年月相同，格式：Y-m,endDate,LX-A453FAE8A107,否,是,
length,int,否,,1000,,分页长度，上限10000,length,LX-A453FAE8A107,是,否,
mids,array,否,,[2],,站点id,mids,LX-A453FAE8A107,否,否,
monthlyQuery,boolean,否,】,false,,是否按月查询： false 按天【默认值】 true 按月,monthlyQuery,LX-A453FAE8A107,否,否,
offset,int,否,,0,,分页偏移量,offset,LX-A453FAE8A107,是,否,
orderStatus,string,否,】,"""Disbursed""",,交易状态 Deferred 已推迟 Disbursed 已发放【默认】 DisbursedAndPreSettled 已发放（含预结算） All 全部,orderStatus,LX-A453FAE8A107,否,否,订单号
searchField,string,否,,local_sku,,搜索值类型，local_sku,searchField,LX-A453FAE8A107,否,否,SKU
searchValue,array,否,,"[""#""]",,搜索的值,searchValue,LX-A453FAE8A107,否,否,
sids,array,否,,[110],,店铺id ，对应[查询亚马逊店铺列表](docs/BasicData/SellerLists)接口对应字段【sid】,sids,LX-A453FAE8A107,否,否,店铺
startDate,string,是,,2023-09-21,,开始时间【结算时间，双闭区间】 按天：开始结束时间间隔最长不能跨度 31 天，格式：Y-m-d 按月：开始结束时间年月相同，格式：Y-m,startDate,LX-A453FAE8A107,否,是,
summaryEnabled,boolean,否,true,false,,是否按sku汇总返回： false 默认值 true,summaryEnabled,LX-A453FAE8A107,否,否,SKU
length,int,是,,20,,分页长度，上限200,length,LX-A4D3F436FF1F,是,否,
offset,int,是,,0,,分页偏移量,offset,LX-A4D3F436FF1F,是,否,
custom_fields,array,否,,,,表头自定义字段,custom_fields,LX-A4E9258A3B23,否,否,
character,string,否,,CNY,,字段额外属性，如单位/币种；无则传空字符串,custom_fields[].character,LX-A4E9258A3B23,否,否,
id,string,是,,field_001,,自定义字段 ID,custom_fields[].id,LX-A4E9258A3B23,否,否,
val,string,否,,100,,字段值,custom_fields[].val,LX-A4E9258A3B23,否,否,
data,array,是,,,,产品信息,data,LX-A4E9258A3B23,否,否,
cg_uid,int,否,,12,,采购员id,data[].cg_uid,LX-A4E9258A3B23,否,否,
expect_arrive_time,string,否,,2021-10-01,,期望到货时间，格式：Y-m-d,data[].expect_arrive_time,LX-A4E9258A3B23,否,是,
fnsku,string,否,,FNSKU001,,fnsku,data[].fnsku,LX-A4E9258A3B23,否,否,SKU
options,object,否,,,,可选参数,data[].options,LX-A4E9258A3B23,否,否,
is_auto_fill_fnsku,int,否,0】,1,,是否自动FNSKU：【默认0】 0 否，1 是,data[].options.is_auto_fill_fnsku,LX-A4E9258A3B23,否,否,SKU
is_auto_fill_store,int,否,0】,1,,是否自动填充店铺：【默认0】 0 否，1 是,data[].options.is_auto_fill_store,LX-A4E9258A3B23,否,否,店铺
purchaser_id,int,否,,1,,采购方id,data[].purchaser_id,LX-A4E9258A3B23,否,否,
quantity_plan,int,是,,100,,计划采购量,data[].quantity_plan,LX-A4E9258A3B23,否,否,
remark,string,否,,xxxx,,产品备注,data[].remark,LX-A4E9258A3B23,否,否,
sid,string,否,,1,,店铺id ，对应[查询亚马逊店铺列表](docs/BasicData/SellerLists)接口对应字段【sid】,data[].sid,LX-A4E9258A3B23,否,否,店铺
sku,string,是,,SKU001,,sku,data[].sku,LX-A4E9258A3B23,否,否,SKU
supplier_id,int,否,,1,,供应商id,data[].supplier_id,LX-A4E9258A3B23,否,否,
wid,int,否,,1,,仓库id,data[].wid,LX-A4E9258A3B23,否,否,仓库
remark,string,否,,备注,,计划备注,remark,LX-A4E9258A3B23,否,否,
data_type,string,是,,4,,统计数据维度： 1 ASIN 2 父体 3 MSKU 4 SKU 5 SPU 6 店铺,data_type,LX-A4FD6B748623,否,否,"店铺, MSKU, ASIN, SKU"
date_unit,string,是,,4,,统计时间指标： 1 年 2 月 3 周 4 日,date_unit,LX-A4FD6B748623,否,是,
end_date,string,是,,2022-12-23,,结束日期【下单时间】，格式：Y-m-d，时间间隔最长不超过90天,end_date,LX-A4FD6B748623,否,是,
length,int,否,20,20,,分页大小，默认20,length,LX-A4FD6B748623,是,否,
page,int,否,1,1,,分页页码，默认1,page,LX-A4FD6B748623,是,否,
result_type,string,是,,2,1 销量 2 订单量 3 销售额,汇总类型： 1 销量 2 订单量 3 销售额,result_type,LX-A4FD6B748623,否,否,订单号
sids,array,否,,"[""123"",""35""]",,店铺id，多个使用英文逗号分隔。 如果id属于亚马逊店铺id，则对应[查询亚马逊店铺列表](docs/BasicData/SellerLists)接口对应字段【sid】 如果id属于多平台店铺id，则对应[查询多平台店铺信息](docs/MultiPlatform/V2/StoreInfoV2)接口对应字段【store_id】,sids,LX-A4FD6B748623,否,否,"店铺, 平台"
start_date,string,是,,2022-10-03,,开始日期【下单时间】，格式：Y-m-d，时间间隔最长不超过90天,start_date,LX-A4FD6B748623,否,是,
end_date,string,是,,2024-08-05,,结束时间,end_date,LX-A5CE884A505B,否,是,
start_date,string,是,,2022-01-01,,开始时间,start_date,LX-A5CE884A505B,否,是,
sys_wid,int,否,,"259,111",,领星仓库id，多个用英文逗号分隔,sys_wid,LX-A5CE884A505B,否,否,仓库
currencyCode,string,否,,CNY,,币种code,currencyCode,LX-A5F6A7E6639A,否,否,
endDate,string,是,,2022-09-25,,结束时间，双闭区间【开始结束时间间隔最长不能跨度7天】,endDate,LX-A5F6A7E6639A,否,是,
length,int,否,,1000,,分页长度，上限10000,length,LX-A5F6A7E6639A,是,否,
mids,array,否,,[2],,站点id,mids,LX-A5F6A7E6639A,否,否,
offset,int,否,,0,,分页偏移量,offset,LX-A5F6A7E6639A,是,否,
sids,array,否,,[17],,店铺id ，对应[查询亚马逊店铺列表](docs/BasicData/SellerLists)接口对应字段【sid】,sids,LX-A5F6A7E6639A,否,否,店铺
startDate,string,是,,2022-09-21,,开始时间，双闭区间【开始结束时间间隔最长不能跨度7天】,startDate,LX-A5F6A7E6639A,否,是,
apportion_status,array,否,,"[1,2,3,4]",,分摊状态【未设置新利润报表启用月使用该入参】： 1 未分摊 2 已分摊-新 3 已分摊-旧 4 已分摊,apportion_status,LX-A623F7D01F1B,否,否,
date_type,string,是,,gmt_create,gmt_create 创建日期，date 分摊日期,时间类型：gmt_create 创建日期，date 分摊日期,date_type,LX-A623F7D01F1B,否,是,
dimensions,array,否,,"[1,2,3,4]",,分摊维度id： 1 msku 2 asin 3 店铺 4 父asin 5 sku 6 企业,dimensions,LX-A623F7D01F1B,否,否,"店铺, MSKU, ASIN, SKU"
end_date,string,是,,2023-12-01,,结束时间，格式：Y-m-d,end_date,LX-A623F7D01F1B,否,是,
length,int,是,20,20,,分页长度，默认20,length,LX-A623F7D01F1B,是,否,
offset,int,是,0,0,,分页偏移量，默认0,offset,LX-A623F7D01F1B,是,否,
other_fee_type_ids,array,否,,"[1232,1246]",,费用类型id,other_fee_type_ids,LX-A623F7D01F1B,否,否,
search_field,string,否,,create_name,number 单据编号 msku MSKU asin ASIN create_name 创建人 remark_order 单据备注 remark_item 明细备注,搜索类型： number 单据编号 msku MSKU asin ASIN create_name 创建人 remark_order 单据备注 remark_item 明细备注,search_field,LX-A623F7D01F1B,否,否,"MSKU, ASIN, SKU, 订单号"
search_value,string,否,,何芳,,搜索值,search_value,LX-A623F7D01F1B,否,否,
sids,array,否,,"[100,113]",,店铺id ，对应[查询亚马逊店铺列表](docs/BasicData/SellerLists)接口对应字段【sid】,sids,LX-A623F7D01F1B,否,否,店铺
start_date,string,是,,2022-12-01,,开始时间，格式：Y-m-d,start_date,LX-A623F7D01F1B,否,是,
status_merge,int,否,,2,,分摊状态【已设置新利润报表启用月使用该入参】： 1 未分摊 2 已分摊,status_merge,LX-A623F7D01F1B,否,否,
status_order,int,否,,3,,单据状态： 1 待提交 2 待审批 3 已处理 4 已驳回 5 已作废,status_order,LX-A623F7D01F1B,否,否,订单号
orderSnMany,string,是,,"TF220425001,TF220419001",,调拨单号，支持多个，英文逗号分隔,orderSnMany,LX-A6E36DA67F9C,否,否,订单号
end_date,string,否,,2024-07-30,,日期查询结束时间，格式：Y-m-d 当筛选更新时间时，支持Y-m-d或Y-m-d H:i:s,end_date,LX-A78D6BB9DC24,否,是,
inbound_idempotent_code,string,否,,IB240730005,,客户参考单号，多个使用英文逗号分隔,inbound_idempotent_code,LX-A78D6BB9DC24,否,否,
length,int,否,20,20,,分页长度，默认20，上限200,length,LX-A78D6BB9DC24,是,否,
offset,int,否,0,0,,分页偏移量，默认0,offset,LX-A78D6BB9DC24,是,否,
order_sn,string,否,,IB240730005,,入库单单号，多个使用英文逗号分隔,order_sn,LX-A78D6BB9DC24,否,否,订单号
search_field_time,string,否,,create_time,创建时间 create_time 入库时间 opt_time 更新时间 increment_time,日期筛选类型： 创建时间 create_time 入库时间 opt_time 更新时间 increment_time,search_field_time,LX-A78D6BB9DC24,否,是,
start_date,string,否,,2024-07-30,,日期查询开始时间，格式：Y-m-d 当筛选更新时间时，支持Y-m-d或Y-m-d H:i:s,start_date,LX-A78D6BB9DC24,否,是,
status,int,否,,40,,入库单状态： 10 待提交 20 待入库 40 已完成 50 已撤销 121 待审批 122 已驳回,status,LX-A78D6BB9DC24,否,否,
type,int,否,,2,-1 其他入库（含所有自定义类型） 1 其他入库（非自定义类型） 2 采购入库 3 调拨入库 4 赠品入库 26 退货入库 27 移除入库,入库类型： -1 其他入库（含所有自定义类型） 1 其他入库（非自定义类型） 2 采购入库 3 调拨入库 4 赠品入库 26 退货入库 27 移除入库,type,LX-A78D6BB9DC24,否,否,
wid,int,否,,1,,系统仓库id,wid,LX-A78D6BB9DC24,否,否,仓库
status,int,是,,1,,仓位状态：0 禁用，1 启用,status,LX-A78F75179F06,否,否,
whbCode,string,是,,xx,,仓位名称,whbCode,LX-A78F75179F06,否,否,
wid,string,是,,1,,仓库id,wid,LX-A78F75179F06,否,否,仓库
asin_principal,string,否,,,,ASIN负责人UID列表，使用逗号分隔 * 0、负责人为空,asin_principal,LX-A791179C9A78,否,否,ASIN
attribute,int,否,,,,属性值,attribute,LX-A791179C9A78,否,否,
bid,string,否,,,,品牌ID列表，使用逗号分隔,bid,LX-A791179C9A78,否,否,
cid,string,否,,,,分类ID列表，使用逗号分隔,cid,LX-A791179C9A78,否,否,
is_hide_zero_stock,number,否,,1,,是否隐藏零库存 * 0、不隐藏 * 1、隐藏,is_hide_zero_stock,LX-A791179C9A78,否,否,
length，上限200,number,否,,20,,分页长度,length，上限200,LX-A791179C9A78,是,否,
offset,number,否,,0,,分页偏移量,offset,LX-A791179C9A78,是,否,
search_field,string,是,,sku,,搜索字段，指定进行搜索的列 * sku * product_name * seller_sku * fnsku * asin * parent_asin * spu * spu_name,search_field,LX-A791179C9A78,否,否,"店铺, ASIN, SKU"
search_value,string,否,,asdkpasdk,,搜索值,search_value,LX-A791179C9A78,否,否,
status,string,否,,,,状态列表，使用逗号分隔 * 0、停售 * 1、在售,status,LX-A791179C9A78,否,否,
wids,string,否,,,,仓库ID列表，使用逗号分隔,wids,LX-A791179C9A78,否,否,仓库
endTime,string,是,,2024-04-10,,创建或完成时间（开始），精确到年月日，无默认,endTime,LX-A8485DB1E3D3,否,是,
pageNum,number,是,,1,,页码,pageNum,LX-A8485DB1E3D3,是,否,
pageSize,number,是,,20,,每页数量,pageSize,LX-A8485DB1E3D3,是,否,
searchField,string,是,,msku,,搜索字段：msku，asin，sku,searchField,LX-A8485DB1E3D3,否,否,"MSKU, ASIN, SKU"
searchTimeFiled,string,是,,operationTime,1创建时间 2.操作时间 createTime operationTime,搜索时间类型：1创建时间 2.操作时间 createTime operationTime,searchTimeFiled,LX-A8485DB1E3D3,否,是,
searchValue,array,是,,"[""PEE-618""]",,搜索值，msku和asin支持多个搜索，数组,searchValue,LX-A8485DB1E3D3,否,否,"MSKU, ASIN, SKU"
sid,array,是,,"[114,115]",,店铺id，支持多选，数组,sid,LX-A8485DB1E3D3,否,否,店铺
sortColumn,string,是,,operationTime,,排序字段,sortColumn,LX-A8485DB1E3D3,否,否,
sortType,string,是,,desc,,排序方式,sortType,LX-A8485DB1E3D3,否,否,
startTime,string,是,,2024-04-10,,创建或完成时间（开始），精确到年月日，无默认,startTime,LX-A8485DB1E3D3,否,是,
logistics_freight,string,否,,100,,物流运费,logistics_freight,LX-A8841B7061A1,否,否,
logistics_freight_currency_code,string,否,,CNY,,物流运费币种： CNY USD EUR JPY AUD CAD MXN GBP INR AED SGD SAR BRL SEK PLN TRY HKD,logistics_freight_currency_code,LX-A8841B7061A1,否,否,
pkg_fee_weight,string,否,,10,,计费重,pkg_fee_weight,LX-A8841B7061A1,否,否,
pkg_fee_weight_unit,string,否,,g,,计费重单位： g kg,pkg_fee_weight_unit,LX-A8841B7061A1,否,否,
tracking_no,string,否,,S1245224552,,跟踪号,tracking_no,LX-A8841B7061A1,否,否,
waybill_no,string,是,,DXSXS412566,,运单号,waybill_no,LX-A8841B7061A1,否,否,
wo_number,string,是,,WO103247958556684288,,销售出库单号,wo_number,LX-A8841B7061A1,否,否,
ads_type,array,否,,"[""SPONSORED PRODUCTS""，""SPONSORED DISPLAY""]",SPONSORED PRODUCTS SPONSORED DISPLAY SPONSORED BRANDS SPONSORED BRANDS VIDEO,广告类型： SPONSORED PRODUCTS SPONSORED DISPLAY SPONSORED BRANDS SPONSORED BRANDS VIDEO,ads_type,LX-A8A460011763,否,否,
invoice_id,string,是,,CDLPWKJPR-21,,广告发票编号,invoice_id,LX-A8A460011763,否,否,
length,int,否,20,20,,分页大小，默认20,length,LX-A8A460011763,是,否,
offset,int,否,0,0,,分页偏移量，默认值0,offset,LX-A8A460011763,是,否,
search_type,string,否,,ads_campaign,ads_campaign【对应页面广告活动】 item【对应页面承担商品】,搜索类型： ads_campaign【对应页面广告活动】 item【对应页面承担商品】,search_type,LX-A8A460011763,否,否,
search_value,string,否,,CD3433L1,,搜索值,search_value,LX-A8A460011763,否,否,
sid,int,是,,109,,店铺id ，对应[查询亚马逊店铺列表](docs/BasicData/SellerLists)接口对应字段【sid】,sid,LX-A8A460011763,否,否,店铺
remarkContent,string,是,,"""this is test remark and that is the goal2""",,备注内容,remarkContent,LX-A8AF20B777AE,否,否,
shippingListCode,string,是,,"""SP202504020010076""",,平台单号,shippingListCode,LX-A8AF20B777AE,否,否,平台
data,array,是,,,,请求数据,data,LX-A8BA6E5445AA,否,否,
category_code,string,是,,Bo135152,,分类简码,data[].category_code,LX-A8BA6E5445AA,否,否,
id,int,否,,1,,为空时新增，不为空时编辑，[查询本地产品分类列表](docs/Product/Category)对应cid字段,data[].id,LX-A8BA6E5445AA,否,否,
parent_cid,int,否,,0,,父级分类id,data[].parent_cid,LX-A8BA6E5445AA,否,否,
title,string,是,,衣服,,分类名称,data[].title,LX-A8BA6E5445AA,否,否,
pricing_params,array,是,,,,参数数组，支持多个listing批量调价,pricing_params,LX-A96852EA632C,否,否,
end_date,string,否,,2023-02-11,,优惠价结束日期，格式：Y-m-d,pricing_params[].end_date,LX-A96852EA632C,否,是,
msku,string,是,,MSKU679E6BF,,seller_sku，卖家sku,pricing_params[].msku,LX-A96852EA632C,否,否,"店铺, MSKU, SKU"
sale_price,number,否,,11.99,,价格优惠价,pricing_params[].sale_price,LX-A96852EA632C,否,否,
sid,int,是,,1,,店铺sid，对应[查询亚马逊店铺列表](docs/BasicData/SellerLists)接口对应字段【sid】,pricing_params[].sid,LX-A96852EA632C,否,否,店铺
standard_price,number,是,,16.99,,价格原价,pricing_params[].standard_price,LX-A96852EA632C,否,否,
start_date,string,否,,2023-02-10,,优惠价开始日期，格式：Y-m-d,pricing_params[].start_date,LX-A96852EA632C,否,是,
list,array,是,,,,收货数据，支持批量,list,LX-AA0068524F96,否,否,
business_order_sn,string,是,,PO211105076,,业务单号,list[].business_order_sn,LX-AA0068524F96,否,否,订单号
expect_arrival_time,string,是,,2021-11-12,,期望收货时间,list[].expect_arrival_time,LX-AA0068524F96,否,是,
item_list,array,是,,,,收货明细,list[].item_list,LX-AA0068524F96,否,否,
notice_num_total,int,是,,10,,通知收货量,list[].item_list.notice_num_total,LX-AA0068524F96,否,否,
order_item_id,int,是,,14062,,采购单子项id，[查询采购单列表](docs/Purchase/PurchaseOrderList)接口对应字段【id】,list[].item_list.order_item_id,LX-AA0068524F96,否,否,订单号
remark,string,是,,我是备注,,备注,list[].item_list.remark,LX-AA0068524F96,否,否,
logistics_company,string,是,,物流商,,物流商,list[].logistics_company,LX-AA0068524F96,否,否,
logistics_list,array,否,,"[{""logistics_order_no"":""1"",""logistics_company"":""1"",""type"":""0""}]",,物流信息列表，非必填；传入时子字段必填,list[].logistics_list,LX-AA0068524F96,否,否,
logistics_company,string,是,,1,,物流商,list[].logistics_list.logistics_company,LX-AA0068524F96,否,否,
logistics_order_no,string,是,,1,,物流单号,list[].logistics_list.logistics_order_no,LX-AA0068524F96,否,否,订单号
type,string,是,,必传0,,业务type,list[].logistics_list.type,LX-AA0068524F96,否,否,
logistics_order_no,string,是,,物流单号,,物流单号,list[].logistics_order_no,LX-AA0068524F96,否,否,订单号
order_type,int,是,,1,1 采购单，2 委外订单,订单类型：1 采购单，2 委外订单,list[].order_type,LX-AA0068524F96,否,否,订单号
other_fee,number,是,,0,,其他费用,list[].other_fee,LX-AA0068524F96,否,否,
remark,string,是,,备注一下,,备注,list[].remark,LX-AA0068524F96,否,否,
shipping_cost,number,是,,0,,物流费用,list[].shipping_cost,LX-AA0068524F96,否,否,
wid,int,是,,1,,仓库id,list[].wid,LX-AA0068524F96,否,否,仓库
overseas_order_no,string,是,,,,备货单号,overseas_order_no,LX-AAFAE3E2B6D6,否,否,订单号
product_ids,string,否,,,,当备货单下面的商品超过50个，则需要指定商品id打印标签，不能超过50个(三方商品id)，如果传了商品id，优先打印指定商品的标签,product_ids,LX-AAFAE3E2B6D6,否,否,
size,int,是,,,,尺寸说明： 1=西邮尺寸专属 2=谷仓A4 3=谷仓100x30 4=谷仓70x30 21=易仓100x100 22=易仓100x30 23=易仓100x60 24=易仓50x30 25=易仓70x30 26=易仓A4(3) 27=易仓A4(4) 28=易仓90x30 29=易仓A4(3x9new) 30=易仓A4(3x8) 31=易仓US_Letter(3) 32=易仓US_Letter(4),size,LX-AAFAE3E2B6D6,否,否,
fee_part_type,int,是,,,,分摊方式，0：不分摊 1：按金额 2：按数量,fee_part_type,LX-AB7E08BE0696,否,否,
item_list,array,是,,,,退货产品,item_list,LX-AB7E08BE0696,否,否,
deduction_amount,number,否,,,,退货金额，退货方式为退货扣款时必填，填写值不可大于扣款数量*含税单价,item_list[].deduction_amount,LX-AB7E08BE0696,否,否,
expect_arrive_time,string,否,,,,预计到货时间，退货补货可设置该字段,item_list[].expect_arrive_time,LX-AB7E08BE0696,否,是,
purchase_order_item_id,int,是,,,,采购单子项id,item_list[].purchase_order_item_id,LX-AB7E08BE0696,否,否,订单号
remark,string,否,,,,备注,item_list[].remark,LX-AB7E08BE0696,否,否,
return_bad_num,int,否,,,,次品退货量，良品退货量和次品退货量不可同时为空,item_list[].return_bad_num,LX-AB7E08BE0696,否,否,
return_good_num,int,否,,,,良品退货量，良品退货量和次品退货量不可同时为空,item_list[].return_good_num,LX-AB7E08BE0696,否,否,
other_currency,string,是,,,,其他费用币种，支持CNY、USD，当源单币种为CNY时，其他费用币种只能为CNY,other_currency,LX-AB7E08BE0696,否,否,
other_fee,number,否,,,,其他费用,other_fee,LX-AB7E08BE0696,否,否,
purchase_order_sn,string,是,,,,采购单号,purchase_order_sn,LX-AB7E08BE0696,否,否,订单号
remark,string,否,,,,单据备注,remark,LX-AB7E08BE0696,否,否,
replenish_method,int,否,,,,补货方式，1：源单补货【退货方式为2时必填】,replenish_method,LX-AB7E08BE0696,否,否,
return_method,int,是,,,,退货方式，1：退货扣款 2：退货补货,return_method,LX-AB7E08BE0696,否,否,
return_reason,string,否,,,,退货原因,return_reason,LX-AB7E08BE0696,否,否,
shipping_currency,string,是,,,,退货运费币种，支持CNY、USD，当源单币种为CNY时，运费币种只能为CNY,shipping_currency,LX-AB7E08BE0696,否,否,
shipping_price,number,否,,,,退货运费,shipping_price,LX-AB7E08BE0696,否,否,
end_date,string,否,,2023-12-11,,收货结束时间，开区间，格式：Y-m-d,end_date,LX-ACB0219BB470,否,是,
length,int,否,500,500,,分页长度，默认500,length,LX-ACB0219BB470,是,否,
offset,int,否,0,0,,分页偏移量，默认0,offset,LX-ACB0219BB470,是,否,
overseas_order_no,string,否,,OWS230314002,,备货单单号【不支持批量】,overseas_order_no,LX-ACB0219BB470,否,否,订单号
start_date,string,否,,2023-10-12,,收货开始时间，闭区间，格式：Y-m-d,start_date,LX-ACB0219BB470,否,是,
channelsData,array,是,,,,头程物流方式数据，每次请求限制20条,channelsData,LX-AF600FDF4D6E,否,否,
billing,string,否,,,,"运费信息，格式：【注意逗号使用英文逗号，多条运费以竖线分隔】 重量范围开始(kg),重量范围结束(kg),价格(元/kg)",channelsData[].billing,LX-AF600FDF4D6E,否,否,
billing_type,int,否,,,0 重量，1 体积,计费类型：0 重量，1 体积,channelsData[].billing_type,LX-AF600FDF4D6E,否,否,
channel_name,string,否,,,,头程物流方式名称,channelsData[].channel_name,LX-AF600FDF4D6E,否,否,
logistics_provider_id,string,否,,,,所属头程物流商id,channelsData[].logistics_provider_id,LX-AF600FDF4D6E,否,否,
remark,string,是,,,,备注,channelsData[].remark,LX-AF600FDF4D6E,否,否,
valid_period,string,是,,,,时效天数,channelsData[].valid_period,LX-AF600FDF4D6E,否,否,
volume_calc_param,string,否,,,,材积计算参数,channelsData[].volume_calc_param,LX-AF600FDF4D6E,否,否,
zip_code,int,是,,,,邮编,channelsData[].zip_code,LX-AF600FDF4D6E,否,否,
package,array,是,,,,出库包裹信息，最多1000个订单,package,LX-B1D5E5BD6509,否,否,订单号
fee_weight,string,否,,123,,包裹计费重,package[].fee_weight,LX-B1D5E5BD6509,否,否,
global_order_no,string,是,,103256450214985728,,系统单号,package[].global_order_no,LX-B1D5E5BD6509,否,否,订单号
height,string,否,,123,,包裹尺寸高,package[].height,LX-B1D5E5BD6509,否,否,
length,string,否,,123,,包裹尺寸长,package[].length,LX-B1D5E5BD6509,是,否,
logistics_freight,string,否,,123,,物流运费,package[].logistics_freight,LX-B1D5E5BD6509,否,否,
logistics_freight_currency_code,string,否,CNY,CNY,,物流运费币种代码，默认 CNY,package[].logistics_freight_currency_code,LX-B1D5E5BD6509,否,否,
logistics_type_id,string,是,,123-123,,物流商ID-物流方式ID， 物流商ID对应 [查询已启用的自发货物流方式](docs/Logistics/listUsedLogisticsType) 接口字段【logistics_provider_id】 物流方式ID对应 [查询已启用的自发货物流方式](docs/Logistics/listUsedLogisticsType) 接口字段【type_id】,package[].logistics_type_id,LX-B1D5E5BD6509,否,否,
real_weight,string,否,,123,,包裹重量,package[].real_weight,LX-B1D5E5BD6509,否,否,
size_unit,string,否,cm,cm,,尺寸单位，可选mm、cm，默认cm,package[].size_unit,LX-B1D5E5BD6509,否,否,
tracking_no,string,否,,123,,跟踪号,package[].tracking_no,LX-B1D5E5BD6509,否,否,
waybill_no,string,是,,123,,运单号,package[].waybill_no,LX-B1D5E5BD6509,否,否,
weight_unit,string,否,g,123,,重量单位，可选g、kg，默认g,package[].weight_unit,LX-B1D5E5BD6509,否,否,
wid,number,是,,123,,出库仓库ID，可通过查询本地仓库接口获得,package[].wid,LX-B1D5E5BD6509,否,否,仓库
width,string,否,,123,,包裹尺寸宽,package[].width,LX-B1D5E5BD6509,否,否,仓库
currencyCode,string,是,,CNY,,币种code,currencyCode,LX-B30E9E6803D0,否,否,
length,int,否,20,200,,分页长度，默认20,length,LX-B30E9E6803D0,是,否,
offset,int,否,,0,,偏移量,offset,LX-B30E9E6803D0,是,否,
searchField,string,否,,fid,fid 结算编号 settlementId settlementId sellerSku Msku localSku sku localName 品名 abstractName 摘要,搜索值类型： fid 结算编号 settlementId settlementId sellerSku Msku localSku sku localName 品名 abstractName 摘要,searchField,LX-B30E9E6803D0,否,否,"店铺, MSKU, SKU"
searchValue,string,否,,UNOFZ3UMA1DZ,,搜索值,searchValue,LX-B30E9E6803D0,否,否,
settleMonth,string,是,,2023-01,,结算月,settleMonth,LX-B30E9E6803D0,否,否,
sid,int,是,,6,,店铺id ，对应[查询亚马逊店铺列表](docs/BasicData/SellerLists)接口对应字段【sid】,sid,LX-B30E9E6803D0,否,否,店铺
end_date,string,否,,2024-08-02,,结束时间,end_date,LX-B31DFDC39206,否,是,
length,int,是,,20,,分页长度,length,LX-B31DFDC39206,是,否,
multi_search_field,string,否,,purchase_order_sn,,搜索单号字段，变更单号：order_sn；采购单号：purchase_order_sn,multi_search_field,LX-B31DFDC39206,否,否,订单号
multi_search_value,array,否,,"[""test-01"",""test-02""]",,批量搜索的单号值,multi_search_value,LX-B31DFDC39206,否,否,
offset,int,是,,0,,分页偏移量,offset,LX-B31DFDC39206,是,否,
search_field_time,string,否,创建时间,create_time,,"筛选时间类型，创建时间:create_time, 更新时间：update_time，不填时默认创建时间",search_field_time,LX-B31DFDC39206,否,是,
start_date,string,否,,2024-08-02,,开始时间,start_date,LX-B31DFDC39206,否,是,
asinType,string,是,,msku,"msku, asin, parentAsin, sku, spu（注意：不支持sid、country、category、band）","维度类型，枚举值：msku, asin, parentAsin, sku, spu（注意：不支持sid、country、category、band）",asinType,LX-B5184BA8522B,否,否,"店铺, MSKU, ASIN, SKU"
dateType,int,是,,0,"0-退货时间, 1-下单时间","时间类型，枚举值：0-退货时间, 1-下单时间",dateType,LX-B5184BA8522B,否,是,
endDate,string,是,,2024-11-12,,结束日期，格式：yyyy-MM-dd，与startDate配合使用，最多支持366天范围,endDate,LX-B5184BA8522B,否,是,
length,int,是,,20,,分页长度，每页数据条数,length,LX-B5184BA8522B,是,否,
mids,array,否,,"[1,2,3]",,国家ID列表（mid）,mids,LX-B5184BA8522B,否,否,
offset,int,是,,0,,分页偏移量，当前页码,offset,LX-B5184BA8522B,是,否,
principalUid,array,否,,"[1234567890,9876543210]",,负责人ID列表,principalUid,LX-B5184BA8522B,否,否,
searchField,string,否,,msku,"msku-MSKU, asin-ASIN, parentAsin-父ASIN, localSku-SKU, localName-品名, spu-SPU, spuName-款名","搜索字段类型，枚举值：msku-MSKU, asin-ASIN, parentAsin-父ASIN, localSku-SKU, localName-品名, spu-SPU, spuName-款名",searchField,LX-B5184BA8522B,否,否,"MSKU, ASIN, SKU"
searchValue,array,否,,"[""TEST-SKU-001"",""TEST-SKU-002""]",,搜索值列表，与searchField配合使用,searchValue,LX-B5184BA8522B,否,否,
sortField,string,否,,curReturnGoodsCount,"curReturnGoodsCount-退货量, returnGoodsCountRatio-退货量环比, curVolume-销量, curReturnGoodsVolumeRatio-退货率, returnGoodsVolumeRatioDiff-退货率环比差异","排序字段，枚举值：curReturnGoodsCount-退货量, returnGoodsCountRatio-退货量环比, curVolume-销量, curReturnGoodsVolumeRatio-退货率, returnGoodsVolumeRatioDiff-退货率环比差异",sortField,LX-B5184BA8522B,否,否,
sortType,string,否,,DESC,"ASC-升序, DESC-降序","排序类型，枚举值：ASC-升序, DESC-降序",sortType,LX-B5184BA8522B,否,否,
startDate,string,是,,2024-11-01,,开始日期，格式：yyyy-MM-dd，与endDate配合使用，最多支持366天范围,startDate,LX-B5184BA8522B,否,是,
storeId,array,否,,[123456789012345],,店铺ID列表,storeId,LX-B5184BA8522B,否,否,店铺
fee_part_type,int,否,,2,,费用分配方式: 0 不分摊 1 按金额 2 按数量,fee_part_type,LX-B6250EFFD833,否,否,
inbound_idempotent_code,string,否,,,,"（入库单）客户参考号, 该字段校验唯一不可重复",inbound_idempotent_code,LX-B6250EFFD833,否,否,
inbound_time,string,否,,2022-12-02,,自定义入库时间，格式：Y-m-d,inbound_time,LX-B6250EFFD833,否,是,
is_shelf,int,否,0,1,,采购单快捷入库是否进入【上架暂存仓位】，1：进入，默认0,is_shelf,LX-B6250EFFD833,否,否,
order_sn,string,否,,PO220118001,,采购单号【对此采购单执行快捷入库】，不支持自定义采购单号,order_sn,LX-B6250EFFD833,否,否,订单号
other_fee,string,否,,5,,其它费用,other_fee,LX-B6250EFFD833,否,否,
product_list,array,是,,,,产品明细,product_list,LX-B6250EFFD833,否,否,
bad_num,int,是,,,,次品数量,product_list[].bad_num,LX-B6250EFFD833,否,否,
bad_whb_code,string,否,,次品暂存,,次品仓位,product_list[].bad_whb_code,LX-B6250EFFD833,否,否,
fnsku,string,是,,FN206265A,,fnsku【存在fnsku时店铺id必填，没有时传空字符串】,product_list[].fnsku,LX-B6250EFFD833,否,否,"店铺, SKU"
good_num,int,是,,10,,良品数量,product_list[].good_num,LX-B6250EFFD833,否,否,
good_whb_code,string,否,,A-1-1,,可用仓位,product_list[].good_whb_code,LX-B6250EFFD833,否,否,
price,string,是,,8.66,,单价,product_list[].price,LX-B6250EFFD833,否,否,
seller_id,int,是,,21,,店铺id【没有店铺时传0】 亚马逊店铺对应[查询亚马逊店铺信息](docs/BasicData/SellerLists)字段【sid】 多平台店铺对应[查询多平台店铺信息](docs/MultiPlatform/V2/StoreInfoV2)字段【store_id】,product_list[].seller_id,LX-B6250EFFD833,否,否,"店铺, 平台"
sku,string,是,,MDR-ZX110,,sku,product_list[].sku,LX-B6250EFFD833,否,否,SKU
remark,string,否,,备注,,单据备注,remark,LX-B6250EFFD833,否,否,
ship_fee,string,否,,1.22,,运费,ship_fee,LX-B6250EFFD833,否,否,
supplier_id,string,否,,S1929,,自定义供应商id【supplier_id、sys_supplier_id 二选一必填，都填优先取supplier_id】,supplier_id,LX-B6250EFFD833,否,否,
sys_supplier_id,int,否,,125,,系统供应商id【supplier_id、sys_supplier_id 二选一必填，都填优先取supplier_id】,sys_supplier_id,LX-B6250EFFD833,否,否,
sys_wid,int,是,,1,,系统仓库id，wid和sys_wid其中一项必填，都填则优先wid,sys_wid,LX-B6250EFFD833,否,否,仓库
type,int,是,,1,1 其他入库 2 采购入库 26 退货入库 27 移除入库,单据类型： 1 其他入库 2 采购入库 26 退货入库 27 移除入库,type,LX-B6250EFFD833,否,否,
wid,string,否,,CUSTOM-id-1,,自定义仓库id，wid和sys_wid其中一项必填，都填则优先wid,wid,LX-B6250EFFD833,否,否,仓库
order_list,array,是,,"[""103318651460264448"",""103318391748825088""]",,系统单号,order_list,LX-B6C99BAA3905,否,否,订单号
platform_code,string,是,,10002,,平台code【不支持10007 Lazada、10011 TikTok、10012 MERCADO】,platform_code,LX-B6C99BAA3905,否,否,平台
length,int,否,1000,1000,,分页长度，默认1000,length,LX-B70161F2CA8D,是,否,
offset,int,否,0,0,,分页偏移量，默认0,offset,LX-B70161F2CA8D,是,否,
end_date,string,是,,2024-08-05,,结束时间【时间间隔不超过1年】，格式：Y-m-d,end_date,LX-B75C246341A6,否,是,
length,int,否,20,20,,分页长度，默认20,length,LX-B75C246341A6,是,否,
offset,int,否,0,0,,分页偏移量，默认0,offset,LX-B75C246341A6,是,否,
start_date,string,是,,2024-01-01,,开始时间【时间间隔不超过1年】，格式：Y-m-d,start_date,LX-B75C246341A6,否,是,
new_report,int,是,,1,,是否查询最新的报告：1 是，2 否,new_report,LX-B7DA9DE52C6A,否,否,
store_id,array,是,,[110000000018008000],,店铺id,store_id,LX-B7DA9DE52C6A,否,否,店铺
productIds,array,否,,"[""10001"",""10002""]",,产品id，上限100个【产品id 、 产品sku 、SKU识别码 三选一必填】,productIds,LX-BB8D0DF598AF,否,否,SKU
sku_identifiers,array,否,,"[""ceshi001"",""测试002""]",,SKU识别码，上限100个上限100个【产品id 、 产品sku 、SKU识别码 三选一必填】,sku_identifiers,LX-BB8D0DF598AF,否,否,SKU
skus,array,否,,"[""ceshi001"",""测试002""]",,产品SKU，上限100个【产品id 、 产品sku 、SKU识别码 三选一必填】,skus,LX-BB8D0DF598AF,否,否,SKU
end_date,string,否,,2024-07-29,,结束日期，格式：Y-m-d,end_date,LX-BCB9BCE2437F,否,是,
length,int,否,20,20,,分页长度，默认20，上限400,length,LX-BCB9BCE2437F,是,否,
offset,int,否,0,0,,分页偏移量，默认0,offset,LX-BCB9BCE2437F,是,否,
search_field,string,否,,order_sn,,搜索字段： sku SKU msku MSKU fnsku FNSKU product_name 品名 purchase_plan 采购计划 purchase_order 采购单 receipt_order 收货单 order_sn 单据号 batch_number 批次号 source_batch_number 源头批次号,search_field,LX-BCB9BCE2437F,否,否,"MSKU, SKU, 订单号"
search_value,string,否,,IB240725061,,搜索值,search_value,LX-BCB9BCE2437F,否,否,
start_date,string,否,,2024-07-29,,开始日期，格式：Y-m-d,start_date,LX-BCB9BCE2437F,否,是,
statement_type_list,string,否,,19,,批次流水主类型id，多个使用英文逗号分隔： 19 其他入库 22 采购入库 24 调拨入库 23 委外入库 25 盘盈入库 16 换标入库 17 加工入库 18 拆分入库 47 VC-PO出库 48 VC-DF出库 49 Temu出库 42 其他出库 41 调拨出库 32 委外出库 33 盘亏出库 34 换标出库 35 加工出库 36 拆分出库 37 FBA出库 38 FBM出库 39 退货出库 26 退货入库 27 移除入库 28 采购质检 29 委外质检 71 采购上架 72 委外上架 65 WFS出库 45 赠品入库 46 赠品质检入库 73 赠品上架 201 期初成本调整 202 尾差成本调整,statement_type_list,LX-BCB9BCE2437F,否,否,
time_filter_field,string,否,,operate_time,,时间筛选字段： operate_time 操作时间 update_time 更新时间,time_filter_field,LX-BCB9BCE2437F,否,是,
wid_list,string,否,,"123,245",,仓库id，多个使用英文逗号分隔,wid_list,LX-BCB9BCE2437F,否,否,仓库
length,int,否,1000,20,,分页长度，默认1000，上限1000,length,LX-BD16C6D25A0D,是,否,
offset,int,否,0,0,,分页偏移量，默认0,offset,LX-BD16C6D25A0D,是,否,
reqs,array,是,,,,,reqs,LX-BE1057CB168C,否,否,
itemReqs,array,是,,,,,reqs[].itemReqs,LX-BE1057CB168C,否,否,
availableQuantity,number,是,,2,,可用量,reqs[].itemReqs.availableQuantity,LX-BE1057CB168C,否,否,
availableWhbCode,string,是,,ts_valid,,可用仓位编码,reqs[].itemReqs.availableWhbCode,LX-BE1057CB168C,否,否,
defectiveQuantity,number,是,,0,,次品量,reqs[].itemReqs.defectiveQuantity,LX-BE1057CB168C,否,否,
defectiveWhbCode,string,是,,ts_bad,,次品仓位编码,reqs[].itemReqs.defectiveWhbCode,LX-BE1057CB168C,否,否,
destroyedQuantity,number,是,,0,,销毁量,reqs[].itemReqs.destroyedQuantity,LX-BE1057CB168C,否,否,
id,string,是,,1933404623618236417,,退货商品行id,reqs[].itemReqs.id,LX-BE1057CB168C,否,否,
picIds,array,否,,"[{""accessUrl"":"""",""fileName"":"""",""mappingKey"":""""}]",,售后图片,reqs[].itemReqs.picIds,LX-BE1057CB168C,否,否,
accessUrl,string,否,,,,访问地址,reqs[].itemReqs.picIds.accessUrl,LX-BE1057CB168C,否,否,
fileName,string,否,,,,图片名,reqs[].itemReqs.picIds.fileName,LX-BE1057CB168C,否,否,
mappingKey,string,否,,,,映射键,reqs[].itemReqs.picIds.mappingKey,LX-BE1057CB168C,否,否,
rmaOrderNo,string,是,,RT901582009478087168,,退货单号,reqs[].rmaOrderNo,LX-BE1057CB168C,否,否,订单号
storeId,string,是,,110556144355708928,,店铺ID,reqs[].storeId,LX-BE1057CB168C,否,否,店铺
wid,string,是,,1,,退货仓库,reqs[].wid,LX-BE1057CB168C,否,否,仓库
overseas_order_no,string,是,,,,备货单号,overseas_order_no,LX-BED54283FB2B,否,否,订单号
size,int,是,,,,尺寸映射： 1=西邮尺寸专属 2=谷仓A4 3=谷仓100x100 4=谷仓100x150 5=谷仓100x60 11=易仓A4(按SKU) 12=易仓A4(按箱) 13=易仓100x100(无产品名称) 14=易仓100x150(无产品名称) 15=易仓100x100(有产品名称) 16=易仓100x150(有产品名称) 17=易仓100x100(二维码) 18=易仓70x30(显示条码) 19=易仓70x30(无条码),size,LX-BED54283FB2B,否,否,SKU
end_date,string,是,,2024-08-05 00:00:00,,结束时间【时间间隔不超过1年】,end_date,LX-BFDF4705FFBD,否,是,
sid,int,是,,1,,店铺id ，对应[查询亚马逊店铺列表](docs/BasicData/SellerLists)接口对应字段【sid】,sid,LX-BFDF4705FFBD,否,否,店铺
start_date,string,是,,2024-01-01 00:00:00,,开始时间【时间间隔不超过1年】,start_date,LX-BFDF4705FFBD,否,是,
order_sn,string,是,,"""OB241012002""",,出库单号 对应[查询出库单列表](docs/Warehouse/outboundgetOrders)data>>order_sn字段,order_sn,LX-C0FCAFE34051,否,否,"订单号, 仓库"
currency_type,int,是,,1,,币种 : 1 CNY 2 USD 3 EUR 4 JPY 5 AUD 6 CAD 7 MXN 8 GBP 9 INR 10 AED 11 SGD 12 SAR 13 BRL 14 SEK 15 PLN 16 TRY,currency_type,LX-C158E1CD652D,否,否,
length,int,是,20,20,,分页长度，默认20,length,LX-C158E1CD652D,是,否,
month,string,是,,2021-05,,月份,month,LX-C158E1CD652D,否,否,
offset,int,是,0,0,,分页偏移量，默认0,offset,LX-C158E1CD652D,是,否,
sids,string,是,,"1,2,3,4,5,6",,店铺id，多个使用英文逗号分隔 ，对应[查询亚马逊店铺列表](docs/BasicData/SellerLists)接口对应字段【sid】,sids,LX-C158E1CD652D,否,否,店铺
end_date,string,是,,2024-08-05,,结束时间,end_date,LX-C1830CE93E50,否,是,
length,int,否,100,100,,每页条数，默认100,length,LX-C1830CE93E50,是,否,
offset,int,否,1,1,,页码，默认1,offset,LX-C1830CE93E50,是,否,
sids,array,否,,"[1,136,115]",,店铺id ，对应[查询亚马逊店铺列表](docs/BasicData/SellerLists)接口对应字段【sid】,sids,LX-C1830CE93E50,否,否,店铺
start_date,string,是,,2024-01-01,,开始时间,start_date,LX-C1830CE93E50,否,是,
time_search_type,int,是,,1,1 首次购买时间 2 最近购买时间,时间筛选查询类型： 1 首次购买时间 2 最近购买时间,time_search_type,LX-C1830CE93E50,否,是,
cancel_reason,string,是,,"""33""",,作废原因,cancel_reason,LX-C3A80433378D,否,否,
order_sn,array,是,,"[""PR240605003""]",,采购/委外退货单号,order_sn,LX-C3A80433378D,否,否,订单号
assessYear,string,是,,2024,,目标年份,assessYear,LX-C3C3157EC484,否,否,
dateType,int,是,,,,时间类型 0.平台数据变动时间 1.订购时间 2.订购时间-北京 3.支付时间 4.支付时间-北京 5.发货时间 6.发货时间-北京,dateType,LX-C4DB859443E2,否,是,平台
deliveryTypeList,array,否,,,0-自发货 1-平台发货 2-部分自发货,发货类型: 0-自发货 1-平台发货 2-部分自发货,deliveryTypeList,LX-C4DB859443E2,否,否,平台
endDate,string,是,,,,结束时间，闭区间 格式：2025-10-22 20:00:01,endDate,LX-C4DB859443E2,否,是,
pageNum,int,否,,,,查询起始位置 pageNum必须大于0,pageNum,LX-C4DB859443E2,是,否,
pageSize,int,否,,,,分页大小 必须大于等于10或小于等于500,pageSize,LX-C4DB859443E2,是,否,
platformCodeList,array,否,,,,平台CODE，目前仅支持 TikTok、TEMU 半托管、Line Shopping、Lazada、Shopee、Shopify、Walmart、Wayfair、eBay、SHEIN 半托管平台,platformCodeList,LX-C4DB859443E2,否,否,平台
searchMultiValue,array,否,,,,多个精确搜索查询值,searchMultiValue,LX-C4DB859443E2,否,否,
searchSingleValue,string,否,,,,单个模糊搜索查询值,searchSingleValue,LX-C4DB859443E2,否,否,
searchType,int,否,,,1：sku，2：品名，3：msku 4.商品id 5.平台单号 6.参考号 7.商品标题,搜索查询类型：1：sku，2：品名，3：msku 4.商品id 5.平台单号 6.参考号 7.商品标题,searchType,LX-C4DB859443E2,否,否,"平台, MSKU, SKU"
siteCodeList,array,否,,,,站点列表,siteCodeList,LX-C4DB859443E2,否,否,
sortField,string,否,,,,"排序字段列表字段支持：purchaseTime，paymentTime，platformOrderModifiedTime,deliveryTime",sortField,LX-C4DB859443E2,否,是,"平台, 订单号"
sortType,string,否,,,,升降序 asc desc,sortType,LX-C4DB859443E2,否,否,
startDate,string,是,,,,开始时间，闭区间 格式：2025-10-22 00:00:01,startDate,LX-C4DB859443E2,否,是,
statusList,array,否,,,,平台单状态的编码 [平台订单状态枚举](docs/MultiPlatform/V2/newPlatformOrderStatusList),statusList,LX-C4DB859443E2,否,否,"平台, 订单号"
storeIdList,array,否,,,,店铺唯一标识,storeIdList,LX-C4DB859443E2,否,否,店铺
order_sn,string,是,,TF240727001,,调拨单单号,order_sn,LX-C59B5D5BB158,否,否,订单号
product_list,array,是,,,,本次收货的调拨单单据明细,product_list,LX-C59B5D5BB158,否,否,
fnsku,string,否,为空,abcdefg,,fnsku，不传则默认为空,product_list[].fnsku,LX-C59B5D5BB158,否,否,SKU
product_id,int,是,,10089,,产品id,product_list[].product_id,LX-C59B5D5BB158,否,否,
received_bad_num,int,否,,0,,本次收货次品收货量，和本次可用收货次品收货量其中一项必填且大于0,product_list[].received_bad_num,LX-C59B5D5BB158,否,否,
received_good_num,int,否,,0,,本次收货可用收货量，和本次次品收货次品收货量其中一项必填且大于0,product_list[].received_good_num,LX-C59B5D5BB158,否,否,
seller_id,string,否,为0,0,,"店铺id，不传或者传空则默认为0 ,对应[查询亚马逊店铺列表](docs/BasicData/SellerLists)接口对应字段【seller_id】",product_list[].seller_id,LX-C59B5D5BB158,否,否,店铺
marketplaceId,string,是,,xxxxxxxxxxxxxxxx,,市场ID,marketplaceId,LX-C76D747AD0DA,否,否,
productTypeOrigin,string,是,,ADVERTISEMENT_COLLECTIBLES,,商品原始类型,productTypeOrigin,LX-C76D747AD0DA,否,否,
bindDetail,array,是,,,,配对信息,bindDetail,LX-C79145A7BD7A,否,否,
relationId,string,是,,HOLDER001,,msku，[查询亚马逊Listing](https://apidoc.lingxing.com/#/docs/Sale/Listing) 接口对应字段【seller_sku】,bindDetail[].relationId,LX-C79145A7BD7A,否,否,"店铺, MSKU, SKU"
sid,int,是,,17,,店铺id ，对应[查询亚马逊店铺列表](https://apidoc.lingxing.com/#/docs/BasicData/SellerLists)接口对应字段【sid】,bindDetail[].sid,LX-C79145A7BD7A,否,否,店铺
tagIds,array,是,,,,标签id数组,tagIds,LX-C79145A7BD7A,否,否,
cargo_status_list,array,否,,"[1,2,3,4]",,货件平台状态： 0 PENDING_SHIPMENT_DETAILS 1 AWAITING_DELIVERY 2 RECEIVING_IN_PROGRESS 3 CLOSED 4 CANCELLED,cargo_status_list,LX-C95DBD64F2A9,否,否,平台
cargo_update_time_ge,string,否,,,,货件平台更新时间开始 格式:yyyy-MM-dd HH:mm:ss,cargo_update_time_ge,LX-C95DBD64F2A9,否,是,平台
cargo_update_time_le,string,否,,,,货件平台更新时间结束 格式:yyyy-MM-dd HH:mm:ss,cargo_update_time_le,LX-C95DBD64F2A9,否,是,平台
end_time,string,否,,2023-07-16,,结束时间【创建时间】，格式：Y-m-d，双闭区间,end_time,LX-C95DBD64F2A9,否,是,
inbound_order_id,string,否,,lkxxxxxx555,,入库订单编号,inbound_order_id,LX-C95DBD64F2A9,否,否,订单号
length,int,否,15,15,,分页长度，默认15，上限200,length,LX-C95DBD64F2A9,是,否,
offset,int,否,0,0,,分页偏移量，默认0,offset,LX-C95DBD64F2A9,是,否,
start_time,string,否,,2023-07-15,,开始时间【创建时间】，格式：Y-m-d，双闭区间,start_time,LX-C95DBD64F2A9,否,是,
store_id,array,否,,"[""110418202566107648"",""11098710969430528""]",,店铺id,store_id,LX-C95DBD64F2A9,否,否,店铺
update_time_ge,string,否,,,,货件更新开始时间，格式：yyyy-MM-dd HH:mm:SS,update_time_ge,LX-C95DBD64F2A9,否,是,
update_time_le,string,否,,,,货件更新结束时间，格式：yyyy-MM-dd HH:mm:SS,update_time_le,LX-C95DBD64F2A9,否,是,
cargo_code,string,否,,test0508001-shipment-2,,货件单号,cargo_code,LX-C99E2D00C76D,否,否,
end_time,string,否,,2023-07-08,,结束时间【创建时间】，格式：Y-m-d，双闭区间,end_time,LX-C99E2D00C76D,否,是,
length,int,否,15,15,,分页长度，默认15，上限200,length,LX-C99E2D00C76D,是,否,
offset,int,否,0,0,,分页偏移量，默认0,offset,LX-C99E2D00C76D,是,否,
shipping_list_codes,array,否,,"[""SP202307310010190""]",,发货单编号，上限100,shipping_list_codes,LX-C99E2D00C76D,否,否,
shipping_list_status,int,否,,1,,发货单状态： 0 待配货 1 待发货 2 已发货 3 已作废,shipping_list_status,LX-C99E2D00C76D,否,否,
start_time,string,否,,2023-07-08,,开始时间【创建时间】，格式：Y-m-d，双闭区间,start_time,LX-C99E2D00C76D,否,是,
store_id,array,否,,[110000000020008001],,店铺id,store_id,LX-C99E2D00C76D,否,否,店铺
endDate,string,否,,2025-09-10,,结束时间 YYYY-MM-DD,endDate,LX-CD351FB7F89D,否,是,
isRead,number,否,,1,,是否已读，-1 全部，0 未读，1 已读,isRead,LX-CD351FB7F89D,否,否,
length,number,否,,50,,分页长度,length,LX-CD351FB7F89D,是,否,
mailTagIds,array,否,,"[""288325866709888888""]",,邮件标签 id,mailTagIds,LX-CD351FB7F89D,否,否,
offset,number,否,,0,,偏移量,offset,LX-CD351FB7F89D,是,否,
searchField,string,否,,subject,,"搜索字段,subject 邮件主题,content 邮件内容",searchField,LX-CD351FB7F89D,否,否,
searchValue,string,否,,123,,搜索值,searchValue,LX-CD351FB7F89D,否,否,
sid,number,是,,121,,店铺id,sid,LX-CD351FB7F89D,否,否,店铺
startDate,string,否,,2025-09-11,,开始时间 YYYY-MM-DD,startDate,LX-CD351FB7F89D,否,是,
status,array,否,,"[0,1]",,处理状态：0（无），1（待处理），2（已处理），3（无需处理）,status,LX-CD351FB7F89D,否,否,
end_date,string,是,,2024-08-05,,结束时间，格式：Y-m-d,end_date,LX-CD4E8AC1BDC2,否,是,
start_date,string,是,,2022-01-01,,开始时间，格式：Y-m-d,start_date,LX-CD4E8AC1BDC2,否,是,
sys_wid,string,否,,11,,系统仓库id，多个用英文逗号分隔,sys_wid,LX-CD4E8AC1BDC2,否,否,仓库
countryCode,string,是,,AF,,国家编码，二字码,countryCode,LX-CDEC1BCCBD6A,否,否,
archiveStatus,int,否,,0,,对账状态 ： 1 已对账， 0 未对账,archiveStatus,LX-CEFCD4ABAF61,否,否,
currencyCode,string,否,,US,,币种code,currencyCode,LX-CEFCD4ABAF61,否,否,
length,int,否,20,20,,分页长度，默认20,length,LX-CEFCD4ABAF61,是,否,
mids,array,否,,[1],,国家id,mids,LX-CEFCD4ABAF61,否,否,
offset,int,否,0,0,,分页偏移量， 默认0,offset,LX-CEFCD4ABAF61,是,否,
receivedState,int,否,,1,,转账/到账金额: 0 不相符 1 相符,receivedState,LX-CEFCD4ABAF61,否,否,
settleMonth,string,是,,2023-01,,"结算月,格式：Y-m",settleMonth,LX-CEFCD4ABAF61,否,否,
sids,array,否,,"[109,123]",,店铺id ，对应[查询亚马逊店铺列表](docs/BasicData/SellerLists)接口对应字段【sid】,sids,LX-CEFCD4ABAF61,否,否,店铺
sortField,string,否,,beginningBalanceCurrencyAmount,,排序字段： beginningBalanceCurrencyAmount 期初余额 incomeAmount 收入 refundAmount 退款 spendAmount 支出 other 其他,sortField,LX-CEFCD4ABAF61,否,否,
sortType,string,否,,desc,,排序规则： asc 升序 desc 降序,sortType,LX-CEFCD4ABAF61,否,否,
assessType,int,是,,1,,考核指标：1 销售额，2 销量,assessType,LX-CEFFEEDBFB8D,否,否,
assessYear,int,是,,2024,,目标年份,assessYear,LX-CEFFEEDBFB8D,否,否,
list,array,是,,,,,list,LX-CF87F80AD608,否,否,
fnsku,string,是,,,,fnsku,list[].fnsku,LX-CF87F80AD608,否,否,SKU
productId,string,是,,,,产品id,list[].productId,LX-CF87F80AD608,否,否,
sid,string,否,,,,店铺id,list[].sid,LX-CF87F80AD608,否,否,店铺
wid,string,是,,,,仓库id,list[].wid,LX-CF87F80AD608,否,否,仓库
withHistory,boolean,否,否,,,是否查询历史仓位，false-否true-是;默认否,withHistory,LX-CF87F80AD608,否,否,
global_order_no,array,是,,"""global_order_no"": [""103584428644401152""]",,系统单号列表,global_order_no,LX-D0A92205A559,否,否,订单号
end_time,string,否,,2024-07-25,,结束时间【时间间隔最长不得超过90天】，闭区间，格式：Y-m-d,end_time,LX-D0E648500CCA,否,是,
length,int,否,20,20,,分页长度，默认20，上限200,length,LX-D0E648500CCA,是,否,
offset,int,否,0,0,,分页偏移量，默认0,offset,LX-D0E648500CCA,是,否,
pay_status,string,否,,3,,支付状态【多个状态用英文逗号分隔】： 0 未申请 1 已申请 2 部分付款 3 已付清,pay_status,LX-D0E648500CCA,否,否,
search_field,string,否,,business_sn,business_sn 费用单号 custom_fee_sn 其他应付单号,搜索类型： business_sn 费用单号 custom_fee_sn 其他应付单号,search_field,LX-D0E648500CCA,否,否,
search_field_time,string,否,,create_time,create_time 创建时间 close_time 付清时间,时间搜索类型： create_time 创建时间 close_time 付清时间,search_field_time,LX-D0E648500CCA,否,是,
search_value,string,否,,FY240703000001,,搜索值,search_value,LX-D0E648500CCA,否,否,
start_time,string,否,,2024-07-23,,开始时间【时间间隔最长不得超过90天】，闭区间，格式：Y-m-d,start_time,LX-D0E648500CCA,否,是,
account_name,string,否,,1,,户名,account_name,LX-D181D27E9336,否,否,
address,string,否,,shenzhen,,详细地址,address,LX-D181D27E9336,否,否,
bank_card_number,string,否,,123465,,银行卡号,bank_card_number,LX-D181D27E9336,否,否,
contact_number,string,是,,15700000000,,联系电话 备注：支持传空值,contact_number,LX-D181D27E9336,否,否,
contact_person,string,是,,小强,,联系人 备注：支持传空值,contact_person,LX-D181D27E9336,否,否,
credit_code,string,否,,,,统一社会信用代码,credit_code,LX-D181D27E9336,否,否,
email,string,否,,1111111111@qq.com,,email,email,LX-D181D27E9336,否,否,
employees,int,否,,1,,员工数： 1=>少于50人 2=>50-150人 3=>150-500人 4=>500-1000人 5 =>1000人以上,employees,LX-D181D27E9336,否,否,
fax,string,否,,123,,传真,fax,LX-D181D27E9336,否,否,
level,int,否,,1,,"级别： 1=>★ 2=>★★ 3=>★★★ 4=>★★★★ 5=>★★★★★,",level,LX-D181D27E9336,否,否,
open_bank,string,否,,lingxxx,,开户行,open_bank,LX-D181D27E9336,否,否,
payment_account_group,array,否,,,,收款账户列表,payment_account_group,LX-D181D27E9336,否,否,
account_id,string,是,,,,账号,payment_account_group[].account_id,LX-D181D27E9336,否,否,
account_name,string,是,,,,户名,payment_account_group[].account_name,LX-D181D27E9336,否,否,
bank_name,string,是,,,,开户行,payment_account_group[].bank_name,LX-D181D27E9336,否,否,
is_default,int,否,0=>否,,,是否默认 0=>否 1=>是,payment_account_group[].is_default,LX-D181D27E9336,否,否,
is_open,int,否,,,,是否开启 0=>否 1=>是,payment_account_group[].is_open,LX-D181D27E9336,否,否,
key,string,否,,,,编辑时必须,payment_account_group[].key,LX-D181D27E9336,否,否,
name,string,是,,,,账户名称,payment_account_group[].name,LX-D181D27E9336,否,否,
remark,string,否,,,,备注,payment_account_group[].remark,LX-D181D27E9336,否,否,
version,string,否,,,,编辑时必须,payment_account_group[].version,LX-D181D27E9336,否,否,
payment_method,int,否,,1,,支付方式： 1=>网银转账 2=>网上支付,payment_method,LX-D181D27E9336,否,否,
prepay_percent,string,否,,,,预付比例,prepay_percent,LX-D181D27E9336,否,否,
purchaser,array,否,,"[154,623]",,跟进人uid，最多支持10个,purchaser,LX-D181D27E9336,否,否,
qq,string,否,,1111111111,,QQ,qq,LX-D181D27E9336,否,否,
remark,string,否,,gogogo,,备注,remark,LX-D181D27E9336,否,否,
settlement_description,string,否,,go go go!!!,,结算描述,settlement_description,LX-D181D27E9336,否,否,
settlement_method,int,是,,7,,结算方式： 7 现结 8 月结,settlement_method,LX-D181D27E9336,否,否,
supplier_code,string,否,,114514,,供应商编码【供应商代码只支持数字、英文字母、英文句号、-】,supplier_code,LX-D181D27E9336,否,否,
supplier_id,string,否,,25,,"客户供应商id,为空或者对应的值不存在时，取sys_supplier_id【已停用】",supplier_id,LX-D181D27E9336,否,否,
supplier_name,string,是,,xxx,,供应商名称,supplier_name,LX-D181D27E9336,否,否,
sys_supplier_id,int,否,,,,系统供应商id，取该值且该值为空时，新增供应商,sys_supplier_id,LX-D181D27E9336,否,否,
url,string,否,,/xxxx/xxx,,供应商网址,url,LX-D181D27E9336,否,否,
end_time,string,否,,2023-04-18,,结束时间【活动时间】，双闭区间，格式：Y-m-d，时间间隔最长不超过90天,end_time,LX-D1E4B7906B42,否,是,
is_overlay,int,否,,1,,是否优惠叠加： 0 否 1 是,is_overlay,LX-D1E4B7906B42,否,否,
length,int,否,20,20,,分页长度，默认20，上限200,length,LX-D1E4B7906B42,是,否,
offset,int,否,0,0,,分页偏移量，默认0,offset,LX-D1E4B7906B42,是,否,
product_status,array,否,,"[0,1]",,商品状态： -1 已删除 0 停售 1 在售,product_status,LX-D1E4B7906B42,否,否,
promotion_category,array,否,,"[1,2]",1 优惠券 2 秒杀 3 管理促销 4 会员折扣,促销类型： 1 优惠券 2 秒杀 3 管理促销 4 会员折扣,promotion_category,LX-D1E4B7906B42,否,否,
sids,array,否,,[103],,店铺id ，对应[查询亚马逊店铺列表](docs/BasicData/SellerLists)接口对应字段【sid】,sids,LX-D1E4B7906B42,否,否,店铺
site_date,string,是,,2022-04-18,,站点时间，格式：Y-m-d,site_date,LX-D1E4B7906B42,否,是,
start_time,string,否,,2023-02-18,,开始时间【活动时间】，双闭区间，格式：Y-m-d，时间间隔最长不超过90天,start_time,LX-D1E4B7906B42,否,是,
status,array,否,,"[0,1]",,促销状态： 0 其他 1 进行中 2 已过期 3 未开始,status,LX-D1E4B7906B42,否,否,
firstOrderTime,string,否,,2026-08-06 12:00:00,,首单时间，onSaleTime、firstOrderTime、remark至少提交一个,firstOrderTime,LX-D2402601914F,否,是,订单号
onSaleTime,string,否,,2026-08-06 12:00:00,,开售时间，onSaleTime、firstOrderTime、remark至少提交一个,onSaleTime,LX-D2402601914F,否,是,订单号
remark,string,否,,测试备注,,备注，最长300字符，onSaleTime、firstOrderTime、remark至少提交一个,remark,LX-D2402601914F,否,是,订单号
sidMsku,array,否,,"[{""storeId"":134225003201380864,""msku"":""MSKU001""}]",,storeId和msku组合,sidMsku,LX-D2402601914F,否,否,"店铺, MSKU, SKU"
msku,string,是,,MSKU001,,在线商品SKU,sidMsku[].msku,LX-D2402601914F,否,否,"MSKU, SKU"
storeId,long,是,,134225003201380864,,店铺ID,sidMsku[].storeId,LX-D2402601914F,否,否,店铺
end_date,string,是,,2024-08-05,,评论结束日期，格式：Y-m-d,end_date,LX-D27EF46B3ADF,否,是,
length,int,是,20,20,,分页长度，默认20,length,LX-D27EF46B3ADF,是,否,
offset,int,是,0,0,,分页偏移量，默认0,offset,LX-D27EF46B3ADF,是,否,
sid,int,是,,1,,店铺id ，对应[查询亚马逊店铺列表](docs/BasicData/SellerLists)接口对应字段【sid】,sid,LX-D27EF46B3ADF,否,否,店铺
start_date,string,是,,2020-01-01,,评论开始日期，格式：Y-m-d,start_date,LX-D27EF46B3ADF,否,是,
custom_order_sn,array,否,,"[""PO240802012"",""PO240802011""]",,自定义采购单号，上限500,custom_order_sn,LX-D332F931885E,否,否,订单号
end_date,string,是,,2024-08-02,,结束时间，格式：Y-m-d，双闭区间 当筛选更新时间时，支持Y-m-d或Y-m-d H:i:s,end_date,LX-D332F931885E,否,是,
length,int,否,500,500,,分页长度，默认500，上限500,length,LX-D332F931885E,是,否,
offset,int,否,0,0,,分页偏移量，默认0,offset,LX-D332F931885E,是,否,
order_sn,array,否,,"[""PO240802012"",""PO240802011""]",,采购单号，上限500,order_sn,LX-D332F931885E,否,否,订单号
purchase_type,int,否,,1,,采购类型，1：普通采购，2:1688采购,purchase_type,LX-D332F931885E,否,否,
search_field_time,string,否,】,create_time,,时间搜索维度： create_time 创建时间【默认值】 expect_arrive_time 预计到货时间 update_time 更新时间,search_field_time,LX-D332F931885E,否,是,
start_date,string,是,,2024-05-30,,开始时间，格式：Y-m-d，双闭区间 当筛选更新时间时，支持Y-m-d或Y-m-d H:i:s,start_date,LX-D332F931885E,否,是,
assessType,int,是,,1,,考核指标：1 销售额，2 销量,assessType,LX-D4AEBED1B7C5,否,否,
assessYear,int,是,,2024,,目标年份【只允许去年、今年、明年】,assessYear,LX-D4AEBED1B7C5,否,否,
uidList,array,是,,"[1001,1002]",,用户id集合,uidList,LX-D4AEBED1B7C5,否,否,
check_type,string,否,,"1,2",,盘点类型，多个盘点类型用英文逗号分隔： 1 整仓盘点 2 SKU盘点 3 仓位盘点 4 SKU+仓位盘点,check_type,LX-D5353A465E6D,否,否,SKU
date_field,string,否,】,create_date,create_date 创建时间【默认值】 check_date 盘点时间,搜索时间类型： create_date 创建时间【默认值】 check_date 盘点时间,date_field,LX-D5353A465E6D,否,是,
end_date,string,否,,2024-07-31,,结束日期，格式：Y-m-d,end_date,LX-D5353A465E6D,否,是,
page,int,否,1,1,,分页页码，默认1,page,LX-D5353A465E6D,是,否,
page_size,int,否,20,20,,分页长度，默认20,page_size,LX-D5353A465E6D,是,否,
search_field,string,否,,order_sn,,搜索字段： order_sn 盘点单号 create_user 创建人 check_user 盘点人 remark 备注,search_field,LX-D5353A465E6D,否,否,订单号
search_value,string,否,,IC240726001,,搜索值,search_value,LX-D5353A465E6D,否,否,
start_date,string,否,,2024-07-20,,开始日期，格式：Y-m-d,start_date,LX-D5353A465E6D,否,是,
status,int,否,,,,盘点状态： 10 待盘点 20 预锁 30 盘点中 40 已盘点 121 待审核 122 已驳回 123 通过 124 作废,status,LX-D5353A465E6D,否,否,
wid,string,否,,42,,盘点仓库id，多个使用英文逗号分隔,wid,LX-D5353A465E6D,否,否,仓库
contact_number,string,否,,1345467576,,联系方式,contact_number,LX-D58D9CF7D14C,否,否,
contact_person,string,否,,张三,,联系人,contact_person,LX-D58D9CF7D14C,否,否,
fee_part_type,int,是,,1,,费用分配方式：0 不分配，1 按金额，2 按数量,fee_part_type,LX-D58D9CF7D14C,否,否,
is_tax,int,否,,1,,是否含税：0 否，1 是,is_tax,LX-D58D9CF7D14C,否,否,
new_product_list,array,否,,,,新增采购单子项,new_product_list,LX-D58D9CF7D14C,否,否,
cases_num,int,否,,1,,箱数,new_product_list[].cases_num,LX-D58D9CF7D14C,否,否,
fnsku,string,否,,FN002,,FNSKU,new_product_list[].fnsku,LX-D58D9CF7D14C,否,否,SKU
price,number,是,,200,,含税单价,new_product_list[].price,LX-D58D9CF7D14C,否,否,
product_id,int,是,,334,,本地产品id,new_product_list[].product_id,LX-D58D9CF7D14C,否,否,
quantity_per_case,int,否,,1,,单箱数量,new_product_list[].quantity_per_case,LX-D58D9CF7D14C,否,否,
quantity_real,int,是,,100,,实际采购量,new_product_list[].quantity_real,LX-D58D9CF7D14C,否,否,
remark,string,否,,,,备注,new_product_list[].remark,LX-D58D9CF7D14C,否,否,
sid,int,否,,2,,店铺 ，对应[查询亚马逊店铺列表](docs/BasicData/SellerLists)接口对应字段【sid】,new_product_list[].sid,LX-D58D9CF7D14C,否,否,店铺
tax_rate,number,否,,2,,税率,new_product_list[].tax_rate,LX-D58D9CF7D14C,否,否,
opt_uid,int,是,,21,,采购员U,opt_uid,LX-D58D9CF7D14C,否,否,
order_sn,string,是,,PO220714001,,采购单号,order_sn,LX-D58D9CF7D14C,否,否,订单号
other_currency,string,是,,CNY,,其他费用币种,other_currency,LX-D58D9CF7D14C,否,否,
other_fee,number,否,,20,,其他费用,other_fee,LX-D58D9CF7D14C,否,否,
payment_method,int,否,,1,,支付方式：1 网银转账，2 网上支付,payment_method,LX-D58D9CF7D14C,否,否,
prepay_percent,number,否,,1,,预付比例,prepay_percent,LX-D58D9CF7D14C,否,否,
product_list,array,是,,,,采购单子项,product_list,LX-D58D9CF7D14C,否,否,
cases_num,int,否,,1,,箱数,product_list[].cases_num,LX-D58D9CF7D14C,否,否,
expect_arrive_time,string,否,,,,"预计到货时间，格式：""Y-m-d""",product_list[].expect_arrive_time,LX-D58D9CF7D14C,否,是,
fnsku,string,否,,FN001,,FNSKU,product_list[].fnsku,LX-D58D9CF7D14C,否,否,SKU
id,int,是,,12,,采购单子项id,product_list[].id,LX-D58D9CF7D14C,否,否,
price,number,是,,100,,含税单价,product_list[].price,LX-D58D9CF7D14C,否,否,
product_id,int,是,,123,,产品,product_list[].product_id,LX-D58D9CF7D14C,否,否,
quantity_per_case,int,否,,1,,单箱数量,product_list[].quantity_per_case,LX-D58D9CF7D14C,否,否,
quantity_real,string,是,,100,,实际采购量,product_list[].quantity_real,LX-D58D9CF7D14C,否,否,
remark,string,否,,,,备注,product_list[].remark,LX-D58D9CF7D14C,否,否,
sid,int,否,,10,,店铺 ，对应[查询亚马逊店铺列表](docs/BasicData/SellerLists)接口对应字段【sid】,product_list[].sid,LX-D58D9CF7D14C,否,否,店铺
tax_rate,number,否,,1,,税率,product_list[].tax_rate,LX-D58D9CF7D14C,否,否,
purchase_currency,string,是,,CNY,,采购币种,purchase_currency,LX-D58D9CF7D14C,否,否,
rate,number,是,,1,,汇率,rate,LX-D58D9CF7D14C,否,否,
remark,string,否,,,,变更单备注,remark,LX-D58D9CF7D14C,否,否,
settlement_description,string,否,,现金结算,,结算描述,settlement_description,LX-D58D9CF7D14C,否,否,
settlement_method,int,是,,7,,结算方式：7 现结，8 月结,settlement_method,LX-D58D9CF7D14C,否,否,
shipping_currency,string,是,,CNY,,运费币种,shipping_currency,LX-D58D9CF7D14C,否,否,
shipping_price,number,否,,1.00,,运费,shipping_price,LX-D58D9CF7D14C,否,否,
supplier_id,int,是,,1,,系统供应商id,supplier_id,LX-D58D9CF7D14C,否,否,
wid,int,是,,1,,系统仓库id,wid,LX-D58D9CF7D14C,否,否,仓库
date_month,string,是,,2023-01,,重算月份，格式：yyyy-MM,date_month,LX-D797CA8C373A,否,是,
end_time,string,否,,2024-01-18 23:59:59,,结束时间,end_time,LX-D806EDEB25E4,否,是,
length,number,是,,20,,页长度，上限500,length,LX-D806EDEB25E4,是,否,
offset,number,是,,0,,偏移量,offset,LX-D806EDEB25E4,是,否,
processing_status,array,否,,[5],,调价状态，支持多选，数组 1待调价 2调价中 3调价成功 4调价失败 5审批中 6已驳回 7已作废,processing_status,LX-D806EDEB25E4,否,否,
search_field,string,否,,asin,,搜索字段：msku，asin,search_field,LX-D806EDEB25E4,否,否,"MSKU, ASIN, SKU"
search_value,array,否,,"[""B014I8SSD0""]",,搜索值，msku和asin支持多个搜索，数组,search_value,LX-D806EDEB25E4,否,否,"MSKU, ASIN, SKU"
sid,array,否,,[121],,搜索店铺id,sid,LX-D806EDEB25E4,否,否,店铺
start_time,string,否,,2024-01-18 00:00:00,,开始时间,start_time,LX-D806EDEB25E4,否,是,
tab_status,number,否,0,0,,tab状态栏 0全部 1待审批 2调价中 3成功 4失败 5已作废 默认0,tab_status,LX-D806EDEB25E4,否,否,
time_type,number,否,,1,1创建时间 2完成时间,搜索时间类型：1创建时间 2完成时间,time_type,LX-D806EDEB25E4,否,是,
box_count,int,是,,,,总箱数,box_count,LX-D8BC30F67A4B,否,否,
box_list,array,是,,,,装箱数据,box_list,LX-D8BC30F67A4B,否,否,
box_count,int,否,1,,,箱数，默认1,box_list[].box_count,LX-D8BC30F67A4B,否,否,
box_no,int,是,,,,箱号,box_list[].box_no,LX-D8BC30F67A4B,否,否,
box_nos,array,否,,,,自定义箱号数组，箱数大于1时必传,box_list[].box_nos,LX-D8BC30F67A4B,否,否,
height,number,是,,,,箱规-高（cm）,box_list[].height,LX-D8BC30F67A4B,否,否,
items,array,是,,,,商品详情,box_list[].items,LX-D8BC30F67A4B,否,否,
barcode,string,否,,,,万邑通SN码,box_list[].items.barcode,LX-D8BC30F67A4B,否,否,
fnsku,string,否,,,,fnsku,box_list[].items.fnsku,LX-D8BC30F67A4B,否,否,SKU
is_a_plus,int,否,,,,万邑通是否A+包裹：0-否，1-是,box_list[].items.is_a_plus,LX-D8BC30F67A4B,否,否,
match_num,int,是,1】：传,,,配对数量【默认1】：传 1 为单个配对，其他值均为整箱配对,box_list[].items.match_num,LX-D8BC30F67A4B,否,否,
oversea_product_code,int,否,,,,三方商品编码（收货仓库为三方海外仓，可不传product_id）,box_list[].items.oversea_product_code,LX-D8BC30F67A4B,否,否,仓库
product_id,int,是,,,,商品id,box_list[].items.product_id,LX-D8BC30F67A4B,否,否,
quantity_shipped,int,是,,,,装箱数：计算公式=备货数量/箱数,box_list[].items.quantity_shipped,LX-D8BC30F67A4B,否,否,
sid,int,是,,,,店铺id，库存中心过渡版本后有fnsku必填 ，对应[查询亚马逊店铺列表](docs/BasicData/SellerLists)接口对应字段【sid】,box_list[].items.sid,LX-D8BC30F67A4B,否,否,"店铺, SKU"
twp_id,int,否,,,,三方商品id，[查询系统产品与第三方海外仓产品映射列表](docs/Warehouse/matchSkuList)接口对应字段【twp_id】， 注：收货仓库是第三方仓时必填,box_list[].items.twp_id,LX-D8BC30F67A4B,否,否,"SKU, 仓库"
length,number,是,,,,箱规-长（cm）,box_list[].length,LX-D8BC30F67A4B,是,否,
weight,number,是,,,,箱子毛重（KG）,box_list[].weight,LX-D8BC30F67A4B,否,否,
width,number,是,,,,箱规-宽（cm）,box_list[].width,LX-D8BC30F67A4B,否,否,仓库
overseas_order_no,string,是,,,,备货单号,overseas_order_no,LX-D8BC30F67A4B,否,否,订单号
packaging_type,int,是,,,1 每箱多个sku，2 每箱一个sku,装箱类型：1 每箱多个sku，2 每箱一个sku,packaging_type,LX-D8BC30F67A4B,否,否,SKU
itemList,array,是,,,,批量请求详情itemList个数最小为1最大为20,itemList,LX-D92C9E37C544,否,否,
listingPageNum,number,是,,,,活动listing分页页数，最小1,itemList[].listingPageNum,LX-D92C9E37C544,是,否,
listingPageSize,number,是,,,,活动listing分页大小，最小为1，最大为200,itemList[].listingPageSize,LX-D92C9E37C544,是,否,
orderPageNum,number,是,,,,活动订单分页页数，最小1,itemList[].orderPageNum,LX-D92C9E37C544,是,否,订单号
orderPageSize,number,是,,,,活动订单分页大小，最小为1，最大为200,itemList[].orderPageSize,LX-D92C9E37C544,是,否,订单号
promotionId,string,是,,,,活动id,itemList[].promotionId,LX-D92C9E37C544,否,否,
storeId,string,是,,,,店铺id,itemList[].storeId,LX-D92C9E37C544,否,否,店铺
length,int,否,1000,20,,分页长度，默认1000，上限1000,length,LX-DA189364D1B7,是,否,
offset,int,否,0,0,,分页偏移量，默认0,offset,LX-DA189364D1B7,是,否,
list,array,是,,,,解除配对列表,list,LX-DA41D6369A41,否,否,
msku,string,是,,09-CJWX-DFQH,,msku,list[].msku,LX-DA41D6369A41,否,否,"MSKU, SKU"
storeId,int,是,,31,,对应[亚马逊店铺](/docs/BasicData/SellerLists)【sid】,list[].storeId,LX-DA41D6369A41,否,否,店铺
currencyCode,string,否,,USD,,币种code：原币种，USD，EUR，GBP，CNY,currencyCode,LX-DB6D62E9EE37,否,否,
endDate,string,是,,2024-09-30,,结束时间【结算日期】，闭区间，格式：Y-m-d,endDate,LX-DB6D62E9EE37,否,是,
length,number,是,200,20,,分页长度，默认200,length,LX-DB6D62E9EE37,是,否,
mids,string,否,,"NA,MX,BR,US,CA",,国家id，多个使用英文逗号分隔,mids,LX-DB6D62E9EE37,否,否,
offset,number,是,0,0,,分页偏移量，默认0,offset,LX-DB6D62E9EE37,是,否,
platformCodeS,array,否,,"[""10024""]",,平台id： 10002 Shopify 10003 eBay 10005 AliExpress 10006 Shopee 10007 Lazada 10008 walmart 10011 Tiktok 10021 Shein平台模式 10022 Temu全托 10024 Temu半托 10028 Shein半托管 10038 Line Shopping,platformCodeS,LX-DB6D62E9EE37,否,否,平台
searchDateType,string,否,】,2,,时间筛选方式：1 下单时间，2 结算日期【默认】，3 发货日期,searchDateType,LX-DB6D62E9EE37,否,是,
searchField,string,否,,local_sku,msku MSKU，local_sku SKU，product_name，品名，platform_order_no 平台单号,搜索值类型：msku MSKU，local_sku SKU，product_name，品名，platform_order_no 平台单号,searchField,LX-DB6D62E9EE37,否,否,"平台, MSKU, SKU, 订单号"
searchValue,string,否,,123,,搜索值,searchValue,LX-DB6D62E9EE37,否,否,
sids,string,否,,110424575139430912,,店铺id，多个使用英文逗号分隔 ，对应[查询多平台店铺信息](docs/MultiPlatform/V2/StoreInfoV2)接口对应字段【store_id】,sids,LX-DB6D62E9EE37,否,否,"店铺, 平台"
startDate,string,是,,2024-09-01,,开始时间【结算日期】，闭区间，格式：Y-m-d,startDate,LX-DB6D62E9EE37,否,是,
transactionTypeS,array,否,,"[0,4,6]",0 销售，2 退货，4 退款，5 补发，6 调整，7 其他,交易类型：0 销售，2 退货，4 退款，5 补发，6 调整，7 其他,transactionTypeS,LX-DB6D62E9EE37,否,否,
needUpdate,boolean,否,,false,,是否更新装箱量到发货量量（针对发货单生成的装箱任务）,needUpdate,LX-DBA03B840847,否,是,
snValue,string,是,,PL230810001,,装箱任务编号,snValue,LX-DBA03B840847,否,否,
attribute_skc_list,array,否,,,,skc列表,attribute_skc_list,LX-DC8F85A264F4,否,否,
pa_id,int,是,,,,属性id,attribute_skc_list[].pa_id,LX-DC8F85A264F4,否,否,
skc,string,是,,,,skc，新增时根据skc业务配置规则自动生成,attribute_skc_list[].skc,LX-DC8F85A264F4,否,否,
aux_relation_list,array,否,,,,辅料列表,aux_relation_list,LX-DC8F85A264F4,否,否,
aux_qty,string,是,,,,辅料比例（辅料）,aux_relation_list[].aux_qty,LX-DC8F85A264F4,否,否,
aux_sku,string,是,,,,辅料sku,aux_relation_list[].aux_sku,LX-DC8F85A264F4,否,否,SKU
sku_qty,string,是,,,,辅料比例（主料）,aux_relation_list[].sku_qty,LX-DC8F85A264F4,否,否,SKU
bid,int,否,,,,品牌id,bid,LX-DC8F85A264F4,否,否,
cid,int,否,,,,分类id,cid,LX-DC8F85A264F4,否,否,
create_uid,int,否,,,,创建人id,create_uid,LX-DC8F85A264F4,否,否,
description,string,否,,,,产品描述,description,LX-DC8F85A264F4,否,否,
developer_uid,int,否,,,,开发人id,developer_uid,LX-DC8F85A264F4,否,否,
logistics,object,否,,,,物流报关相关信息,logistics,LX-DC8F85A264F4,否,否,
base,object,否,,,,物流基础信息,logistics.base,LX-DC8F85A264F4,否,否,
bg_export_hs_code,string,否,,,,报关：HS Code（中国）,logistics.base.bg_export_hs_code,LX-DC8F85A264F4,否,否,
special_attr,array,否,,,,产品特殊属性：1 含电 2 纯电 3 液体 4 粉末 5 膏体 6 带磁,logistics.base.special_attr,LX-DC8F85A264F4,否,否,
clearance,object,否,,,,清关数据,logistics.clearance,LX-DC8F85A264F4,否,否,
allocation_remark,string,否,,,,清关：配货备注,logistics.clearance.allocation_remark,LX-DC8F85A264F4,否,否,
customs_clearance_brand_type,string,否,,,1 无品牌 2 境内自主品牌 3 境内收购品牌 4 境外品牌（贴牌生产） 5 境外品牌（其他）,清关：品牌类型： 1 无品牌 2 境内自主品牌 3 境内收购品牌 4 境外品牌（贴牌生产） 5 境外品牌（其他）,logistics.clearance.customs_clearance_brand_type,LX-DC8F85A264F4,否,否,
customs_clearance_internal_code,string,否,,,,清关：内部编码,logistics.clearance.customs_clearance_internal_code,LX-DC8F85A264F4,否,否,
customs_clearance_material,string,否,,,,清关：材质,logistics.clearance.customs_clearance_material,LX-DC8F85A264F4,否,否,
customs_clearance_pic_url,string,否,,,,清关：清关图片,logistics.clearance.customs_clearance_pic_url,LX-DC8F85A264F4,否,否,
customs_clearance_preferential,string,否,,,,清关：出口享惠情况： 1 不享惠 2 享惠 3 不确定享惠情况,logistics.clearance.customs_clearance_preferential,LX-DC8F85A264F4,否,否,
customs_clearance_product_pattern,string,否,,,,清关：产品型号,logistics.clearance.customs_clearance_product_pattern,LX-DC8F85A264F4,否,否,
customs_clearance_usage,string,否,,,,清关：用途,logistics.clearance.customs_clearance_usage,LX-DC8F85A264F4,否,否,
declaration,object,否,,,,报关数据,logistics.declaration,LX-DC8F85A264F4,否,否,
customs_declaration_exempt,string,否,,,,报关：征免,logistics.declaration.customs_declaration_exempt,LX-DC8F85A264F4,否,否,
customs_declaration_inlands_source,string,否,,,,报关：境内货源地,logistics.declaration.customs_declaration_inlands_source,LX-DC8F85A264F4,否,否,
customs_declaration_origin_produce,string,否,,,,报关：原厂国（地区）,logistics.declaration.customs_declaration_origin_produce,LX-DC8F85A264F4,否,否,
customs_declaration_spec,string,否,,,,规格型号,logistics.declaration.customs_declaration_spec,LX-DC8F85A264F4,否,否,
customs_declaration_unit,string,否,,,,报关单位,logistics.declaration.customs_declaration_unit,LX-DC8F85A264F4,否,否,
customs_export_name,string,否,,,,报关：申报品名（中文）,logistics.declaration.customs_export_name,LX-DC8F85A264F4,否,否,
customs_import_name,string,否,,,,报关：申报品名（英文）,logistics.declaration.customs_import_name,LX-DC8F85A264F4,否,否,
customs_import_price,number,否,,,,报关：申报单价,logistics.declaration.customs_import_price,LX-DC8F85A264F4,否,否,
customs_import_price_currency,string,否,,,,报关：申报单价的币种,logistics.declaration.customs_import_price_currency,LX-DC8F85A264F4,否,否,
fee,object,否,,,,头程费用，支持国家：US、CA、MX、JP、UK、DE、FR、ES、IT、NL、AU、SG、IN、AE、SA、BR、SE、PL、BE、TR、UA、HU、PK、LB、AT、CH、CZ、DK、IE、LU、NO、PT、SK、RU、KZ、BY、CL、KR,logistics.fee,LX-DC8F85A264F4,否,否,
国家简码_bg_import_hs_code,string,否,,,,HS Code,logistics.fee.国家简码_bg_import_hs_code,LX-DC8F85A264F4,否,否,
国家简码_bg_tax_rate,number,否,,,,税率,logistics.fee.国家简码_bg_tax_rate,LX-DC8F85A264F4,否,否,
国家简码_cg_transport_costs,number,否,头程费用（含税）,,,默认头程费用（含税）,logistics.fee.国家简码_cg_transport_costs,LX-DC8F85A264F4,否,否,
国家简码_clearance_price,number,否,,,,清关价格,logistics.fee.国家简码_clearance_price,LX-DC8F85A264F4,否,否,
国家简码_clearance_price_currency,string,否,,,,清关价格币种,logistics.fee.国家简码_clearance_price_currency,LX-DC8F85A264F4,否,否,
国家简码_currency,string,否,头程费用币种,,,默认头程费用币种,logistics.fee.国家简码_currency,LX-DC8F85A264F4,否,否,
model,string,否,,,,型号,model,LX-DC8F85A264F4,否,否,
product_duty_uids,array,否,,,,产品负责人id,product_duty_uids,LX-DC8F85A264F4,否,否,
purchase_info,object,否,,,,采购相关信息,purchase_info,LX-DC8F85A264F4,否,否,
cg_box_height,number,否,,,,采购：外箱规格-高（CM）,purchase_info.cg_box_height,LX-DC8F85A264F4,否,否,
cg_box_length,number,否,,,,采购：外箱规格-长（CM）,purchase_info.cg_box_length,LX-DC8F85A264F4,是,否,
cg_box_pcs,string,否,,,,采购：单箱数量（包装数量）,purchase_info.cg_box_pcs,LX-DC8F85A264F4,否,否,
cg_box_weight,number,否,,,,采购：单箱重量（KG）,purchase_info.cg_box_weight,LX-DC8F85A264F4,否,否,
cg_box_width,number,否,,,,采购：外箱规格-宽（CM）,purchase_info.cg_box_width,LX-DC8F85A264F4,否,否,仓库
cg_delivery,int,否,,,,采购：采购交期（天）,purchase_info.cg_delivery,LX-DC8F85A264F4,否,否,
cg_package_height,number,否,,,,采购：包装规格-高（CM）,purchase_info.cg_package_height,LX-DC8F85A264F4,否,否,
cg_package_length,number,否,,,,采购：包装规格-长（CM）,purchase_info.cg_package_length,LX-DC8F85A264F4,是,否,
cg_package_width,number,否,,,,采购：包装规格-宽（CM）,purchase_info.cg_package_width,LX-DC8F85A264F4,否,否,仓库
cg_product_gross_weight,number,否,,,,采购：单品毛重（G）,purchase_info.cg_product_gross_weight,LX-DC8F85A264F4,否,否,
cg_product_height,number,否,,,,采购：单品规格-高（CM）,purchase_info.cg_product_height,LX-DC8F85A264F4,否,否,
cg_product_length,number,否,,,,采购：单品规格-长（CM）,purchase_info.cg_product_length,LX-DC8F85A264F4,是,否,
cg_product_material,string,否,,,,采购：产品材质,purchase_info.cg_product_material,LX-DC8F85A264F4,否,否,
cg_product_net_weight,number,否,,,,采购：单品净重（G）,purchase_info.cg_product_net_weight,LX-DC8F85A264F4,否,否,
cg_product_width,number,否,,,,采购：单品规格-宽（CM）,purchase_info.cg_product_width,LX-DC8F85A264F4,否,否,仓库
cg_uid,int,否,,,,采购：采购员id,purchase_info.cg_uid,LX-DC8F85A264F4,否,否,
purchase_remark,string,否,,,,采购：采购备注,purchase_info.purchase_remark,LX-DC8F85A264F4,否,否,
pic_url,string,是,,,,产品图片链接,sku_lis.picture_list.pic_url,LX-DC8F85A264F4,否,否,
sku_list,array,是,,,,产品列表【提交的sku不存在时系统会自动创建】,sku_list,LX-DC8F85A264F4,否,否,SKU
attribute,array,是,,,,属性列表,sku_list[].attribute,LX-DC8F85A264F4,否,否,
pa_id,int,是,,,,属性id,sku_list[].attribute.pa_id,LX-DC8F85A264F4,否,否,
pai_id,int,是,,,,属性值id,sku_list[].attribute.pai_id,LX-DC8F85A264F4,否,否,
picture_list,array,否,,,,产品图片信息,sku_list[].picture_list,LX-DC8F85A264F4,否,否,
is_primary,int,是,,,,"是否产品主图:0否,1是",sku_list[].picture_list.is_primary,LX-DC8F85A264F4,否,否,
product_name,string,否,,,,产品名称【提交的sku不存在时为必填项】,sku_list[].product_name,LX-DC8F85A264F4,否,否,SKU
sku,string,是,,,,本地产品SKU,sku_list[].sku,LX-DC8F85A264F4,否,否,SKU
spu,string,是,,,,SPU（添加时必填）,spu,LX-DC8F85A264F4,否,否,
spu_name,string,是,,,,款名（添加时必填）,spu_name,LX-DC8F85A264F4,否,否,
status,int,否,1】：0,,,状态【默认1】：0 停售，1 在售，2 开发中，3 清仓,status,LX-DC8F85A264F4,否,否,
unit,string,否,,,,单位,unit,LX-DC8F85A264F4,否,否,
use_spu_template,int,否,,,,是否应用SPU信息至新生成的SKU：0 否，1 是,use_spu_template,LX-DC8F85A264F4,否,否,SKU
end_date,string,否,,2023-07-30,,结束日期【时间间隔最长不得超过90天】，闭区间，格式：Y-m-d,end_date,LX-DCA6FEF9EA75,否,是,
length,int,否,20,20,,分页长度，默认20，上限200,length,LX-DCA6FEF9EA75,是,否,
offset,int,否,0,0,,分页偏移量，默认0,offset,LX-DCA6FEF9EA75,是,否,
product_type,array,否,,"[1,2,3]",1 普通产品 2 组合产品 3 辅料,产品类型： 1 普通产品 2 组合产品 3 辅料,product_type,LX-DCA6FEF9EA75,否,否,
start_date,string,否,,2023-05-01,,开始日期【时间间隔最长不得超过90天】，闭区间，格式：Y-m-d,start_date,LX-DCA6FEF9EA75,否,是,
time_type,int,否,,1,1 下单时间，2 到货时间,时间类型：1 下单时间，2 到货时间,time_type,LX-DCA6FEF9EA75,否,是,
id,int,否,,10001,,产品id【产品id、 产品SKU 、SKU识别码 三选一必填】,id,LX-DCB0C142100B,否,否,SKU
sku,string,否,,ceshi001,,产品SKU【产品id、 产品SKU 、SKU识别码 三选一必填】,sku,LX-DCB0C142100B,否,否,SKU
sku_identifier,string,否,,ceshi001,,SKU识别码【产品id、 产品SKU 、SKU识别码 三选一必填】,sku_identifier,LX-DCB0C142100B,否,否,SKU
order_list,array,是,,,,订单列表,order_list,LX-DCEB8C231969,否,否,订单号
address_info,object,否,,,,收货信息,order_list[].address_info,LX-DCEB8C231969,否,否,
address_line1,string,否,,,,详细地址1,order_list[].address_info.address_line1,LX-DCEB8C231969,否,否,
address_line2,string,否,,,,详细地址2,order_list[].address_info.address_line2,LX-DCEB8C231969,否,否,
address_line3,string,否,,,,详细地址3,order_list[].address_info.address_line3,LX-DCEB8C231969,否,否,
city,string,否,,,,城市,order_list[].address_info.city,LX-DCEB8C231969,否,否,
district,string,否,,,,区/县,order_list[].address_info.district,LX-DCEB8C231969,否,否,
doorplate_no,string,否,,,,门牌号,order_list[].address_info.doorplate_no,LX-DCEB8C231969,否,否,
postal_code,string,否,,,,邮编,order_list[].address_info.postal_code,LX-DCEB8C231969,否,否,
receiver_company_name,string,否,,,,公司名,order_list[].address_info.receiver_company_name,LX-DCEB8C231969,否,否,
receiver_country_code,string,否,,,,国家/地区二字码,order_list[].address_info.receiver_country_code,LX-DCEB8C231969,否,否,
receiver_mobile,string,否,,,,手机,order_list[].address_info.receiver_mobile,LX-DCEB8C231969,否,否,
receiver_name,string,否,,,,收件人,order_list[].address_info.receiver_name,LX-DCEB8C231969,否,否,
receiver_tel,string,否,,,,电话,order_list[].address_info.receiver_tel,LX-DCEB8C231969,否,否,
state_or_region,string,否,,,,省/州,order_list[].address_info.state_or_region,LX-DCEB8C231969,否,否,
global_order_no,int,否,,,,全局系统单号,order_list[].global_order_no,LX-DCEB8C231969,否,否,订单号
logistics,object,否,,,,物流信息,order_list[].logistics,LX-DCEB8C231969,否,否,
cod_type,string,否,,,,是否COD订单（是 or 否）,order_list[].logistics.cod_type,LX-DCEB8C231969,否,否,订单号
sender_tax_no,string,否,,,,税号,order_list[].logistics.sender_tax_no,LX-DCEB8C231969,否,否,
sender_tax_type,string,否,,,,税号类型（VAT/CPF/IOSS/EORI/收件人税号）,order_list[].logistics.sender_tax_type,LX-DCEB8C231969,否,否,
order_item_list,array,是,,,,"商品信息 备注：【可以传空列表】,不传空列表时order_list>>order_item_list>>type必传",order_list[].order_item_list,LX-DCEB8C231969,否,否,订单号
id,string,否,,1,,系统订单商品ID,order_list[].order_item_list.id,LX-DCEB8C231969,否,否,订单号
mark,string,否,,,,商品备注,order_list[].order_item_list.mark,LX-DCEB8C231969,否,否,
msku,string,否,,,,msku,order_list[].order_item_list.msku,LX-DCEB8C231969,否,否,"MSKU, SKU"
platformOrderNo,string,否,,1,,平台单号，该字段在type=1 新增时生效,order_list[].order_item_list.platformOrderNo,LX-DCEB8C231969,否,否,"平台, 订单号"
price,int),否,,,,单价,order_list[].order_item_list.price,LX-DCEB8C231969,否,否,
quantity,int,否,,,,数量,order_list[].order_item_list.quantity,LX-DCEB8C231969,否,否,
sku,string,否,,,,sku,order_list[].order_item_list.sku,LX-DCEB8C231969,否,否,SKU
type,int,否,,1,1 新增 2 删除 3 覆盖,编辑类型： 1 新增 2 删除 3 覆盖,order_list[].order_item_list.type,LX-DCEB8C231969,否,否,
adGroupIds,array,否,,"[123456789,987654321]",,广告组ID列表，Integer数组，按广告组ID筛选,adGroupIds,LX-DD135F34D7C2,否,否,
advertiserIds,array,是,,"[123456789012345,987654321098765]",,广告账号ID列表，BigInteger数组，必填，必须至少选择一个店铺,advertiserIds,LX-DD135F34D7C2,否,否,"店铺, 广告账号"
campaignIds,array,否,,"[123456789,987654321]",,广告活动ID列表，Long数组，按广告活动ID筛选,campaignIds,LX-DD135F34D7C2,否,否,
campaignType,array,是,,"[""video""]","sponsoredProducts-manual(SP手动), sponsoredProducts-auto(SP自动), sba(SB品牌广告), video(SV视频广告)","广告活动类型列表，String数组，必填，枚举值：sponsoredProducts-manual(SP手动), sponsoredProducts-auto(SP自动), sba(SB品牌广告), video(SV视频广告)。注意：查询SV广告报告必须且只能携带video",campaignType,LX-DD135F34D7C2,否,否,
day,int,否,14天,14,"3, 14, 30，默认14天","归因天数，数据归因天数，枚举值：3, 14, 30，默认14天",day,LX-DD135F34D7C2,否,否,
endDate,string,是,,2024-12-31,,结束日期，必填，格式：yyyy-MM-dd，且 startDate 和 endDate 间隔不能超过31天,endDate,LX-DD135F34D7C2,否,是,
orderField,string,否,按广告花费倒序,adSpend,,排序字段，支持对查询结果中的任意字段进行排序（驼峰命名）。包括：基础指标(numAdsShown/numAdsClicks/adSpend)、销售指标(attributedSales/attributedOrders/attributedUnits/advertisedSkuSales/advertisedSkuUnits)、关联指标(otherSkuSales/otherSkuUnits)、品牌新买家指标(ntbOrders/ntbRevenue/ntbUnits)、计算指标(cpc/ctr/cvr/acos/roas/aov/cpa)、时间字段(startDate/endDate/entityCreateAt)等所有返回的报表字段。不传时默认按广告花费倒序,orderField,LX-DD135F34D7C2,否,是,"SKU, 订单号"
orderType,string,否,ASC,DESC,"ASC-升序, DESC-降序，不传时默认ASC","排序类型，枚举值：ASC-升序, DESC-降序，不传时默认ASC",orderType,LX-DD135F34D7C2,否,否,订单号
pageNum,int,否,,1,,页码，分页时的页码，从1开始,pageNum,LX-DD135F34D7C2,是,否,
pageSize,int,否,,20,,每页大小，分页时每页显示的记录数，最大200,pageSize,LX-DD135F34D7C2,是,否,
paging,boolean,否,为true,1,,是否分页，默认为true,paging,LX-DD135F34D7C2,是,否,
searchText,string,否,,手机壳,,搜索文本，模糊搜索关键词文本（keyword_text）,searchText,LX-DD135F34D7C2,否,否,
startDate,string,是,,2024-01-01,,开始日期，必填，格式：yyyy-MM-dd，且 startDate 和 endDate 间隔不能超过31天,startDate,LX-DD135F34D7C2,否,是,
status,array,否,,"[""enabled"",""paused""]","enabled-启用, paused-暂停","关键词状态列表，String数组，枚举值：enabled-启用, paused-暂停",status,LX-DD135F34D7C2,否,否,
end_date,string,否,,2022-10-10,,结束日期【发货日期，双闭区间】,end_date,LX-DE77858CC887,否,是,
length,int,否,20,20,,分页长度，默认20，上限1000,length,LX-DE77858CC887,是,否,
offset,int,否,0,0,,分页偏移量，默认0,offset,LX-DE77858CC887,是,否,
order_no,array,否,,"[""OWS231029001""]",,移除入库单号,order_no,LX-DE77858CC887,否,否,订单号
start_date,string,否,,2022-09-10,,开始日期【发货日期，双闭区间】,start_date,LX-DE77858CC887,否,是,
status,int,否,,1,,订单状态： 1 待提交-未提交 2 待提交-提交中 3 待提交-失败 4 待收货-未收货 5 待收货-异常 6 已完成 7 已作废,status,LX-DE77858CC887,否,否,订单号
bids,array,否,,[2],,品牌,bids,LX-DEF946C2CC04,否,否,
cids,array,否,,[14],,分类,cids,LX-DEF946C2CC04,否,否,
currencyCode,string,否,,USD,,币种code： 原币种 USD EUR GBP CNY,currencyCode,LX-DEF946C2CC04,否,否,
developers,array,否,,[128581],,开发人,developers,LX-DEF946C2CC04,否,否,
endDate,string,是,,2024-09-30,,结束时间【结算日期】，闭区间，格式：Y-m-d,endDate,LX-DEF946C2CC04,否,是,
length,number,是,20,100,,分页长度，默认20，最大200,length,LX-DEF946C2CC04,是,否,
mids,string,否,,"NA,MX,BR,US,CA",,国家id，多个使用英文逗号分隔,mids,LX-DEF946C2CC04,否,否,
offset,number,是,0,0,,分页偏移量，默认0,offset,LX-DEF946C2CC04,是,否,
platformCodeS,array,否,,"[""10024""]",,平台id： 10002 Shopify 10003 eBay 10005 AliExpress 10006 Shopee 10008 walmart 10011 Tiktok 10021 Shein平台模式 10022 Temu全托 10024 Temu半托 10028 Shein半托管,platformCodeS,LX-DEF946C2CC04,否,否,平台
searchField,string,否,,local_sku,msku MSKU local_sku SKU platform_order_no 平台单号,搜索值类型： msku MSKU local_sku SKU platform_order_no 平台单号,searchField,LX-DEF946C2CC04,否,否,"平台, MSKU, SKU, 订单号"
searchValue,string,否,,123,,搜索值,searchValue,LX-DEF946C2CC04,否,否,
sids,string,否,,110424575139430912,,店铺id，多个使用英文逗号分隔 ，对应[查询多平台店铺信息](docs/MultiPlatform/V2/StoreInfoV2)接口对应字段【store_id】,sids,LX-DEF946C2CC04,否,否,"店铺, 平台"
startDate,string,是,,2024-09-01,,开始时间【结算日期】，闭区间，格式：Y-m-d,startDate,LX-DEF946C2CC04,否,是,
businessIdList,array,是,,"[""202209020003""]",,售后工单业务ID列表,businessIdList,LX-E18C1FFEB32C,否,否,店铺
flowId,string,是,,,,审批流ID,flowId,LX-E18C1FFEB32C,否,否,仓库
shippingIdList,array,否,,"[1,2,36]",,发货单ID列表，对应[查询平台仓发货单列表v2](docs/MultiPlatform/V2/QueryShippingListV2)接口出参id,shippingIdList,LX-E4F62AF71863,否,否,平台
cg_price,number,否,,,,采购：采购成本（人民币）,cg_price,LX-E5135AAB2CB9,否,否,
cg_product_height,number,否,,,,采购：单品规格-高（CM）,cg_product_height,LX-E5135AAB2CB9,否,否,
cg_product_length,number,否,,,,采购：单品规格-长（CM）,cg_product_length,LX-E5135AAB2CB9,是,否,
cg_product_net_weight,number,否,,,,采购：单品净重（G）,cg_product_net_weight,LX-E5135AAB2CB9,否,否,
cg_product_width,number,否,,,,采购：单品规格-宽（CM）,cg_product_width,LX-E5135AAB2CB9,否,否,仓库
product_name,string,是,,,,品名,product_name,LX-E5135AAB2CB9,否,否,
remark,string,是,,,,辅料描述,remark,LX-E5135AAB2CB9,否,否,
sku,string,是,,,,SKU,sku,LX-E5135AAB2CB9,否,否,SKU
supplier_quote,array,否,,,,供应商报价信息（不传该参数则清空产品供应商报价）,supplier_quote,LX-E5135AAB2CB9,否,否,
erp_supplier_id,int,否,,,,领星ERP供应商id,supplier_quote[].erp_supplier_id,LX-E5135AAB2CB9,否,否,
is_primary,int,否,,,,是否首选供应商：0-否，1:是,supplier_quote[].is_primary,LX-E5135AAB2CB9,否,否,
quotes,array,否,,,,报价信息,supplier_quote[].quotes,LX-E5135AAB2CB9,否,否,
currency,string,否,,,,报价币种，目前只有CNY和USD,supplier_quote[].quotes.currency,LX-E5135AAB2CB9,否,否,
is_tax,int,否,,,,是否含税：0-否，1-是,supplier_quote[].quotes.is_tax,LX-E5135AAB2CB9,否,否,
step_prices,array,否,,,,阶梯价信息,supplier_quote[].quotes.step_prices,LX-E5135AAB2CB9,否,否,
moq,int,否,,,,最小起订量，最小值为1,supplier_quote[].quotes.step_prices.moq,LX-E5135AAB2CB9,否,否,
price_with_tax,number,否,,,,含税单价，4位小数,supplier_quote[].quotes.step_prices.price_with_tax,LX-E5135AAB2CB9,否,否,
tax_rate,int,否,,,,税率，为空则表示为0,supplier_quote[].quotes.tax_rate,LX-E5135AAB2CB9,否,否,
supplier_id,int,否,,,,客户系统供应商id，没有填这个值或者对应供应商不存在，则取erp_supplier_id,supplier_quote[].supplier_id,LX-E5135AAB2CB9,否,否,
supplier_product_url,array,否,,,,采购链接，字符串数组，最多20个，没有则传空数组,supplier_quote[].supplier_product_url,LX-E5135AAB2CB9,否,否,
overseas_order_no,string,是,,OWS210303001,,备货单号,overseas_order_no,LX-E5E2F516B966,否,否,订单号
product_list,array,是,,,,调整的产品明细数据,product_list,LX-E6238EC4E51A,否,否,
adjustment_available_bin,string,是,可用暂存,,,可用仓位编号，为空则默认可用暂存,product_list[].adjustment_available_bin,LX-E6238EC4E51A,否,否,
adjustment_bad_num,int,是,,,,次品调整数量，不调整则传0，但不能与可用调整数量同时为0,product_list[].adjustment_bad_num,LX-E6238EC4E51A,否,否,
adjustment_bad_sgn,string,是,,,,次品增加标志符号，增加时+ ，减少是-,product_list[].adjustment_bad_sgn,LX-E6238EC4E51A,否,否,
adjustment_inferior_bin,string,是,为次品暂存,,,次品仓位编号，为空则默认为次品暂存,product_list[].adjustment_inferior_bin,LX-E6238EC4E51A,否,否,
adjustment_valid_num,int,是,,,,可用调整数量，不调整则传0，但不能与次品调整数量同时为0,product_list[].adjustment_valid_num,LX-E6238EC4E51A,否,否,
adjustment_valid_sgn,string,是,,,,可用增加标志符号，增加时+ ，减少是-,product_list[].adjustment_valid_sgn,LX-E6238EC4E51A,否,否,
fnsku,string,是,,,,fnsku，没有可以为空,product_list[].fnsku,LX-E6238EC4E51A,否,否,SKU
product_id,int,是,,,,产品id,product_list[].product_id,LX-E6238EC4E51A,否,否,
seller_id,int,是,为0,,,"店铺id，默认为0 ,对应[查询亚马逊店铺列表](docs/BasicData/SellerLists)接口对应字段【seller_id】",product_list[].seller_id,LX-E6238EC4E51A,否,否,店铺
sku,string,是,,,,sku,product_list[].sku,LX-E6238EC4E51A,否,否,SKU
remark,string,否,,,,单据备注,remark,LX-E6238EC4E51A,否,否,
wid,int,是,,,,系统仓库id,wid,LX-E6238EC4E51A,否,否,仓库
amazonOrderId,string,是,,111-1111745-7011114,,亚马逊订单ID,amazonOrderId,LX-E6696C712FDB,否,否,订单号
data,array,否,,,,,data,LX-E6696C712FDB,否,否,
asin,string,是,,B01111RQCF,,asin,data[].asin,LX-E6696C712FDB,否,否,ASIN
asinUrl,string,否,,https://www.amazon.com/dp/B111111,,asinUrl,data[].asinUrl,LX-E6696C712FDB,否,否,ASIN
itemList,array,否,,,,退款费用项目列表,data[].itemList,LX-E6696C712FDB,否,否,
amount,number,否,,192.78,,金额,data[].itemList.amount,LX-E6696C712FDB,否,否,
currencyCode,string,是,,USD,,货币编码,data[].itemList.currencyCode,LX-E6696C712FDB,否,否,
icon,string,否,,$,,货币符号,data[].itemList.icon,LX-E6696C712FDB,否,否,
name,string,否,,商品,,费用名称,data[].itemList.name,LX-E6696C712FDB,否,否,
refundedPrice,string,否,,0.00,,已申请退款金额,data[].itemList.refundedPrice,LX-E6696C712FDB,否,否,
returnAmount,string,是,,1999,,本次申请退款金额,data[].itemList.returnAmount,LX-E6696C712FDB,否,否,
type,string,是,,Principal,,费用类型,data[].itemList.type,LX-E6696C712FDB,否,否,
itemRefundTotal,string,是,,208.68,,,data[].itemRefundTotal,LX-E6696C712FDB,否,否,
orderItemId,string,是,,54278911110546,,商品行id,data[].orderItemId,LX-E6696C712FDB,否,否,订单号
quantityOrdered,number,是,,1,,下单数量,data[].quantityOrdered,LX-E6696C712FDB,否,否,订单号
quantityShipped,number,是,,1,,到货数量,data[].quantityShipped,LX-E6696C712FDB,否,否,
reason,string,是,,GeneralAdjustment,,退款原因 CustomerReturn GeneralAdjustment,data[].reason,LX-E6696C712FDB,否,否,
sellerSku,string,是,,171111023,,msku,data[].sellerSku,LX-E6696C712FDB,否,否,"店铺, MSKU, SKU"
smallImageUrl,string,否,,,,商品图片,data[].smallImageUrl,LX-E6696C712FDB,否,否,
title,string,是,,xxxx,,商品名称,data[].title,LX-E6696C712FDB,否,否,
unitPriceAmount,number,否,,192.78,,单价,data[].unitPriceAmount,LX-E6696C712FDB,否,否,
unitPriceIcon,string,否,,$,,商品单价货币符号,data[].unitPriceIcon,LX-E6696C712FDB,否,否,
purchaseDateLocal,string,是,,2025-10-24 20:17:13,,订购时间,purchaseDateLocal,LX-E6696C712FDB,否,是,
sid,number,是,,17,,店铺id,sid,LX-E6696C712FDB,否,否,店铺
currencyCode,string,否,原币种】,CNY,,币种code【默认原币种】,currencyCode,LX-E67765C12B1D,否,否,
endDate,string,是,,2023-10-20,,结束时间【结算时间，双闭区间】 按天：开始结束时间间隔最长不能跨度 31 天，格式：Y-m-d 按月：开始结束时间年月相同，格式：Y-m,endDate,LX-E67765C12B1D,否,是,
length,int,否,,1000,,分页长度，上限10000,length,LX-E67765C12B1D,是,否,
mids,array,否,,[2],,站点id,mids,LX-E67765C12B1D,否,否,
monthlyQuery,boolean,否,】,false,,是否按月查询： false 按天【默认值】 true 按月,monthlyQuery,LX-E67765C12B1D,否,否,
offset,int,否,,0,,分页偏移量,offset,LX-E67765C12B1D,是,否,
orderStatus,string,否,】,"""Disbursed""",,交易状态 Deferred 已推迟 Disbursed 已发放【默认】 DisbursedAndPreSettled 已发放（含预结算） All 全部,orderStatus,LX-E67765C12B1D,否,否,订单号
sids,array,否,,[110],,店铺id ，对应[查询亚马逊店铺列表](docs/BasicData/SellerLists)接口对应字段【sid】,sids,LX-E67765C12B1D,否,否,店铺
startDate,string,是,,2023-09-21,,开始时间【结算时间，双闭区间】 按天：开始结束时间间隔最长不能跨度 31 天，格式：Y-m-d 按月：开始结束时间年月相同，格式：Y-m,startDate,LX-E67765C12B1D,否,是,
summaryEnabled,boolean,否,true,false,,是否按店铺汇总返回： false 默认值 true,summaryEnabled,LX-E67765C12B1D,否,否,店铺
taskNo,string,否,,292558315891339776,,异步任务编号,taskNo,LX-E726A7FC946C,否,否,
orderNo,string,是,,OWS241231002,,备货单号,orderNo,LX-E8270027E4C1,否,否,订单号
data,array,是,,,,请求数据,data,LX-E85460D3A0AD,否,否,
brand_code,string,否,,,,品牌简码,data[].brand_code,LX-E85460D3A0AD,否,否,
id,int,否,,12,,为空时表新增，不为空时表编辑，[查询本地产品品牌列表](docs/Product/Brand)对应bid字段,data[].id,LX-E85460D3A0AD,否,否,
title,string,是,,华为2,,品牌名称,data[].title,LX-E85460D3A0AD,否,否,
custom_receive_time,string,否,,2023-05-30,,自定义收货时间， 自定义日期须早于请求当天日期,custom_receive_time,LX-E8B767C41774,否,是,
expect_arrival_time,string,否,取自收货单,2023-06-01,,预计收货时间，不传时默认取自收货单,expect_arrival_time,LX-E8B767C41774,否,是,
item_list,array,是,,,,收货明细,item_list,LX-E8B767C41774,否,否,
id,int,是,,134624,,收货单子项id，[查询收货单列表](docs/Warehouse/PurchaseReceiptOrderList)接口对应字段【item_id】,item_list[].id,LX-E8B767C41774,否,否,"订单号, 仓库"
product_receive_num,int,是,,10,,收货量，收货量必须大于0,item_list[].product_receive_num,LX-E8B767C41774,否,否,
remark,string,否,取自收货单,易碎产品,,备注，最大支持255个字符，不传时默认取自收货单,item_list[].remark,LX-E8B767C41774,否,否,
logistics_company,string,否,取自收货单,京东快递,,物流商，不传时默认取自收货单,logistics_company,LX-E8B767C41774,否,否,
logistics_order_no,string,否,取自收货单,JD100001,,物流单号，仅支持字母、数字、下划线、中横线，不传时默认取自收货单,logistics_order_no,LX-E8B767C41774,否,否,订单号
order_sn,string,是,,CR230520001,,收货单号,order_sn,LX-E8B767C41774,否,否,订单号
other_fee,number,否,取自收货单,2,,其他费用，仅支持2位小数，不传时默认取自收货单,other_fee,LX-E8B767C41774,否,否,
remark,string,否,取自收货单,加急,,备注，最大支持255个字符，不传时默认取自收货单,remark,LX-E8B767C41774,否,否,
shipping_cost,number,否,取自收货单,10,,运费，仅支持2位小数，不传时默认取自收货单,shipping_cost,LX-E8B767C41774,否,否,
currency_type,int,是,,1,,币种： 0原币种 1 CNY 2 USD 3 EUR 4 JPY 5 AUD 6 CAD 7 MXN 8 GBP 9 INR 10 AED 11 SGD 12 SAR 13 BRL 14 SEK 15 PLN 16 TRY,currency_type,LX-E9129B6BC59E,否,否,
end_date,string,是,,2023-01-30,,结算结束时间筛选,end_date,LX-E9129B6BC59E,否,是,
length,int,是,,20,,分页长度,length,LX-E9129B6BC59E,是,否,
offset,int,是,,0,,分页偏移量,offset,LX-E9129B6BC59E,是,否,
send_date_end,string,否,,2023-01-15,,发货日期结束筛选时间，小于等于结算结束时间,send_date_end,LX-E9129B6BC59E,否,是,
send_date_start,string,否,,2023-01-01,,发货日期开始筛选时间，大于等于结算开始时间,send_date_start,LX-E9129B6BC59E,否,是,
sids,string,是,,"1,2,3",,店铺id ，对应[查询亚马逊店铺列表](docs/BasicData/SellerLists)接口对应字段【sid】,sids,LX-E9129B6BC59E,否,否,店铺
start_date,string,是,,2023-01-01,,结算开始时间筛选,start_date,LX-E9129B6BC59E,否,是,
length,int,是,,20,,分页长度,length,LX-E95A3442D310,是,否,
offset,int,是,,0,,分页偏移量,offset,LX-E95A3442D310,是,否,
anomaly_indicator,array,否,,"[""commodity_policy_compliance""]",,异常指标： commodity_policy_compliance 商品政策合规性 on_time_delivery 准时交货率 valid_tracking 有效追踪率 pre_fulfillment_cancellation 预配送取消率 late_shipment 迟发率 invoice_defect 发票缺陷率 fba_order_with_defect FBA订单缺陷率 order_with_defect FBM订单缺陷率,anomaly_indicator,LX-EA8918986608,否,是,订单号
length,int,否,20,20,,分页长度，默认20，上限200,length,LX-EA8918986608,是,否,
offset,int,否,0,0,,分页偏移量，默认0,offset,LX-EA8918986608,是,否,
search_field_time,string,否,,pull_date,pull_date 报表获取时间 update_date 更新时间,搜索时间类型： pull_date 报表获取时间 update_date 更新时间,search_field_time,LX-EA8918986608,否,是,
search_time,string,否,,2024-08-05,,搜索时间，格式：Y-m-d,search_time,LX-EA8918986608,否,是,
sids,string,否,,"135,141,145,148",,店铺id，多个使用英文逗号分隔 ，对应[查询亚马逊店铺列表](docs/BasicData/SellerLists)接口对应字段【sid】,sids,LX-EA8918986608,否,否,店铺
adGroupIds,array,否,,"[123456789,987654321]",,广告组ID列表，Long数组，按广告组ID筛选,adGroupIds,LX-EAFAEC4B71CF,否,否,
advertiserIds,array,是,,"[123456789012345,987654321098765]",,广告账号ID列表，BigInteger数组，必填，必须至少选择一个店铺,advertiserIds,LX-EAFAEC4B71CF,否,否,"店铺, 广告账号"
campaignIds,array,否,,"[123456789,987654321]",,广告活动ID列表，Long数组，按广告活动ID筛选,campaignIds,LX-EAFAEC4B71CF,否,否,
campaignType,array,是,,"[""sba""]","sponsoredProducts-manual(SP手动), sponsoredProducts-auto(SP自动), sba(SB品牌广告), video(SV视频广告)","广告活动类型列表，String数组，必填，枚举值：sponsoredProducts-manual(SP手动), sponsoredProducts-auto(SP自动), sba(SB品牌广告), video(SV视频广告)。注意：查询SB广告报告必须且只能携带sba",campaignType,LX-EAFAEC4B71CF,否,否,
day,int,否,14天,14,"3, 14, 30，默认14天","归因天数，数据归因天数，枚举值：3, 14, 30，默认14天",day,LX-EAFAEC4B71CF,否,否,
endDate,string,是,,2024-12-31,,结束日期，必填，格式：yyyy-MM-dd，且 startDate 和 endDate 间隔不能超过31天,endDate,LX-EAFAEC4B71CF,否,是,
orderField,string,否,按广告花费倒序,adSpend,,排序字段，支持对查询结果中的任意字段进行排序（驼峰命名）。包括：基础指标(numAdsShown/numAdsClicks/adSpend)、销售指标(attributedSales/attributedOrders/attributedUnits/advertisedSkuSales/advertisedSkuUnits)、关联指标(otherSkuSales/otherSkuUnits)、品牌新买家指标(ntbOrders/ntbRevenue/ntbUnits)、计算指标(cpc/ctr/cvr/acos/roas/aov/cpa)、时间字段(startDate/endDate/entityCreateAt)等所有返回的报表字段。不传时默认按广告花费倒序,orderField,LX-EAFAEC4B71CF,否,是,"SKU, 订单号"
orderType,string,否,ASC,DESC,"ASC-升序, DESC-降序，不传时默认ASC","排序类型，枚举值：ASC-升序, DESC-降序，不传时默认ASC",orderType,LX-EAFAEC4B71CF,否,否,订单号
pageNum,int,否,,1,,页码，分页时的页码，从1开始,pageNum,LX-EAFAEC4B71CF,是,否,
pageSize,int,否,,20,,每页大小，分页时每页显示的记录数，最大200,pageSize,LX-EAFAEC4B71CF,是,否,
paging,boolean,否,为true,1,,是否分页，默认为true,paging,LX-EAFAEC4B71CF,是,否,
searchText,string,否,,双十一促销广告,,搜索文本，模糊搜索广告名称（ad_name）,searchText,LX-EAFAEC4B71CF,否,否,
searchType,string,否,,,,搜索类型，目前不用传,searchType,LX-EAFAEC4B71CF,否,否,
startDate,string,是,,2024-01-01,,开始日期，必填，格式：yyyy-MM-dd，且 startDate 和 endDate 间隔不能超过31天,startDate,LX-EAFAEC4B71CF,否,是,
status,array,否,,"[""enabled"",""disabled""]","enabled-启用, disabled-禁用","广告状态列表，String数组，枚举值：enabled-启用, disabled-禁用",status,LX-EAFAEC4B71CF,否,否,
overseas_order_no,string,是,,OWS241231002,,备货单号,overseas_order_no,LX-EB2B3813F515,否,否,订单号
length,int,否,20,20,,分页长度，默认20,length,LX-EB69D6DC93FB,是,否,
msku,string,是,,JJ002,,MSKU,msku,LX-EB69D6DC93FB,否,否,"MSKU, SKU"
offset,int,否,0,0,,分页偏移量，默认0,offset,LX-EB69D6DC93FB,是,否,
operate_time_end,string,否,,2022-10-01 11:22:00,,结束时间【操作时间】，格式：Y-m-d H:i:s,operate_time_end,LX-EB69D6DC93FB,否,是,
operate_time_start,string,否,,2021-09-01 01:22:00,,开始时间【操作时间】，格式：Y-m-d H:i:s,operate_time_start,LX-EB69D6DC93FB,否,是,
operate_type,array,否,,"[1,2,3,4,5]",1 调价 2 调库存 3 修改标题 4 编辑商品 5 B2B调价,操作类型： 1 调价 2 调库存 3 修改标题 4 编辑商品 5 B2B调价,operate_type,LX-EB69D6DC93FB,否,否,
operate_uid,array,否,,[128620],,操作人id,operate_uid,LX-EB69D6DC93FB,否,否,
sid,string,是,,17,,店铺id ，对应[查询亚马逊店铺列表](docs/BasicData/SellerLists)接口对应字段【sid】,sid,LX-EB69D6DC93FB,否,否,店铺
inbound_order_no,array,是,,,,客户参考号 数组,inbound_order_no,LX-EBADE37CF17C,否,否,订单号
id,string,否,,13,,仓位ID，字符串id，多个使用英文逗号分隔,id,LX-EC6F4C39346F,否,否,
limit,int,否,20条,20,,限制条数，默认20条,limit,LX-EC6F4C39346F,是,否,
offset,int,否,为0,0,,分页偏移量，默认为0,offset,LX-EC6F4C39346F,是,否,
status,string,否,,2,,仓位状态： 1 禁用 2 启用,status,LX-EC6F4C39346F,否,否,
type,string,否,,5,5 可用 6 次品,仓位类型： 5 可用 6 次品,type,LX-EC6F4C39346F,否,否,
wid,string,否,,5,,仓库ID，字符串id，多个使用英文逗号分隔,wid,LX-EC6F4C39346F,否,否,仓库
date_type,int,否,,3,1 质检时间，2 收货时间，3 创建时间,查询时间类型：1 质检时间，2 收货时间，3 创建时间,date_type,LX-ECAEE8038F87,否,是,
end_date,string,否,,2024-07-30,,结束时间,end_date,LX-ECAEE8038F87,否,是,
length,int,否,为200,20,,分页长度，默认为200，上限500,length,LX-ECAEE8038F87,是,否,
offset,int,否,为0,0,,分页偏移量，默认为0,offset,LX-ECAEE8038F87,是,否,
qc_sns,string,否,,QC240730019,,质检单号，多个使用英文逗号分隔,qc_sns,LX-ECAEE8038F87,否,否,
start_date,string,否,,2024-07-30,,开始时间,start_date,LX-ECAEE8038F87,否,是,
status,string,否,,0,,状态，多个使用英文逗号分隔： 0 待质检 1 已质检 2 已免检 10 已质检（撤销） 20 已免检（撤销）,status,LX-ECAEE8038F87,否,否,
wid,string,否,,1643,,仓库id，多个用英文逗号分隔,wid,LX-ECAEE8038F87,否,否,仓库
orderSn,array,否,,"[""OB250227001""]",,出库单单号,orderSn,LX-ECC5B6E072BC,否,否,订单号
isBatchConfirm,int,是,,0,,是否批量确认 0：否 1：是,isBatchConfirm,LX-EE2593BAC4F5,否,否,
woIds,array,是,,"[""123456"",""789012""]",,订单IDs,woIds,LX-EE2593BAC4F5,否,否,订单号
endDate,string,否,,2026-04-28,,截至时间 yyyy-MM-dd,endDate,LX-EE7D15BC8C4F,否,是,
relateSnType,int,否,,3,,"单据类型 1-发货计划，2-发货单,3-FBA货件,4-海外仓备货单,5-VC货件",relateSnType,LX-EE7D15BC8C4F,否,否,
searchField,string,否,,relate_sn,,搜索字段 关联单号：relate_sn MSKU:msku SKU:sku FNSKU:fnsku,searchField,LX-EE7D15BC8C4F,否,否,"MSKU, SKU"
searchValue,string,否,,PL260421003,,搜索值,searchValue,LX-EE7D15BC8C4F,否,否,
startDate,string,否,,2026-04-22,,开始时间 yyyy-MM-dd,startDate,LX-EE7D15BC8C4F,否,是,
fnsku,string,否,,,,fnsku,fnsku,LX-EECD62D39B8C,否,否,SKU
matchAll,int,否,0,0,,是否配对海外仓所有仓库，0否；1是，默认0,matchAll,LX-EECD62D39B8C,否,否,仓库
matchNum,int,是,,1,,整箱配对数量,matchNum,LX-EECD62D39B8C,否,否,
productId,int,是,,2132,,商品id,productId,LX-EECD62D39B8C,否,否,
sellerId,string,否,,,,店铺id,sellerId,LX-EECD62D39B8C,否,否,店铺
twId,int,是,,7788,,三方仓id,twId,LX-EECD62D39B8C,否,否,仓库
twpId,int,是,,1393275,,三方商品id,twpId,LX-EECD62D39B8C,否,否,
wpId,int,是,,1666,,三方服务商id,wpId,LX-EECD62D39B8C,否,否,
fulfillment_channel,string,否,,FBA,,配送方式： FBA FBA MFN FBM,fulfillment_channel,LX-EF34B93FBA6A,否,否,
length,int,否,20,20,,分页长度，默认20，上限200,length,LX-EF34B93FBA6A,是,否,
offset,int,否,0,0,,分页偏移量，默认0,offset,LX-EF34B93FBA6A,是,否,
pxc_health,array,否,,"[""0""]",,满意度状况： -1 反馈不足 0 极差 1 不合格 2 一般 3 良好 4 极好,pxc_health,LX-EF34B93FBA6A,否,否,
return_badge,array,否,,,,退货标记， Yes No At_Risk,return_badge,LX-EF34B93FBA6A,否,否,
search_field,string,否,,msku,asin ASIN msku MSKU sku SKU,搜索类型： asin ASIN msku MSKU sku SKU,search_field,LX-EF34B93FBA6A,否,否,"MSKU, ASIN, SKU"
search_value,array,否,,MSKU4C1DA7B,,搜索值,search_value,LX-EF34B93FBA6A,否,否,
sids,array,否,,25,,店铺id ，对应[查询亚马逊店铺列表](docs/BasicData/SellerLists)接口对应字段【sid】,sids,LX-EF34B93FBA6A,否,否,店铺
amazonOrderId,string,是,,1,,亚马逊订单ID,amazonOrderId,LX-EFB08467128D,否,否,订单号
sid,int,是,,1,,店铺id ，对应[查询亚马逊店铺列表](docs/BasicData/SellerLists)接口对应字段【sid】,sid,LX-EFB08467128D,否,否,店铺
api_spu,string,否,,,,SPU（填写时属性列表必填，同时填写且为空时取消关联）,api_spu,LX-F00018116434,否,否,
api_spu_attribute,array,否,,,,属性列表（填写时spu必填，同时填写且为空时取消关联）,api_spu_attribute,LX-F00018116434,否,否,
pa_id,int,是,,,,属性ID,api_spu_attribute[].pa_id,LX-F00018116434,否,否,
pai_id,int,是,,,,属性值ID,api_spu_attribute[].pai_id,LX-F00018116434,否,否,
aux_relation_list,array,否,,,,辅料列表,aux_relation_list,LX-F00018116434,否,否,
aux_qty,int,否,,,,辅料比例（辅料）,aux_relation_list[].aux_qty,LX-F00018116434,否,否,
aux_sku,string,是,,,,辅料sku,aux_relation_list[].aux_sku,LX-F00018116434,否,否,SKU
sku_qty,int,否,,,,辅料比例（主料）,aux_relation_list[].sku_qty,LX-F00018116434,否,否,SKU
bg_customs_export_name,string,否,,,,报关：申报品名(中文),bg_customs_export_name,LX-F00018116434,否,否,
bg_customs_import_name,string,否,,,,报关：申报品名(英文),bg_customs_import_name,LX-F00018116434,否,否,
bg_customs_import_price,string,否,,,,报关：申报金额,bg_customs_import_price,LX-F00018116434,否,否,
bg_export_hs_code,string,否,,,,报关：HS Code(中国),bg_export_hs_code,LX-F00018116434,否,否,
brand,string,否,,,,品牌,brand,LX-F00018116434,否,否,
brand_id,int,否,,,,品牌id，与品牌同时存在时，优先取品牌id,brand_id,LX-F00018116434,否,否,
category,string,否,,,,分类,category,LX-F00018116434,否,否,
category_id,int,否,,,,分类id，与分类同时存在时，优先取分类id,category_id,LX-F00018116434,否,否,
cg_box_height,string,否,,,,采购：外箱规格-高（CM）,cg_box_height,LX-F00018116434,否,否,
cg_box_length,string,否,,,,采购：外箱规格-长（CM）,cg_box_length,LX-F00018116434,是,否,
cg_box_pcs,int,否,,,,采购：单箱数量（包装数量）,cg_box_pcs,LX-F00018116434,否,否,
cg_box_weight,string,否,,,,采购：单箱重量（KG）,cg_box_weight,LX-F00018116434,否,否,
cg_box_width,string,否,,,,采购：外箱规格-宽（CM）,cg_box_width,LX-F00018116434,否,否,仓库
cg_delivery,int,否,,,,采购：采购交期,cg_delivery,LX-F00018116434,否,否,
cg_opt_uid,int,否,,,,采购：采购员id，与采购员名同时填写时，以采购员id为准,cg_opt_uid,LX-F00018116434,否,否,
cg_opt_username,string,否,,,,采购：采购员名,cg_opt_username,LX-F00018116434,否,否,
cg_package_height,string,否,,,,采购：包装规格-高（CM）,cg_package_height,LX-F00018116434,否,否,
cg_package_length,string,否,,,,采购：包装规格-长（CM）,cg_package_length,LX-F00018116434,是,否,
cg_package_width,string,否,,,,采购：包装规格-宽（CM）,cg_package_width,LX-F00018116434,否,否,仓库
cg_price,string,否,,,,采购：采购成本（RMB）,cg_price,LX-F00018116434,否,否,
cg_product_gross_weight,string,否,,,,采购：单品毛重（G）,cg_product_gross_weight,LX-F00018116434,否,否,
cg_product_height,string,否,,,,采购：单品规格-高（CM）,cg_product_height,LX-F00018116434,否,否,
cg_product_length,string,否,,,,采购：单品规格-长（CM）,cg_product_length,LX-F00018116434,是,否,
cg_product_material,string,否,,,,采购：商品材质,cg_product_material,LX-F00018116434,否,否,
cg_product_net_weight,string,否,,,,采购：单品净重（G）,cg_product_net_weight,LX-F00018116434,否,否,
cg_product_width,string,否,,,,采购：单品规格-宽（CM）,cg_product_width,LX-F00018116434,否,否,仓库
clearance,object,否,,,,清关数据,clearance,LX-F00018116434,否,否,
allocation_remark,string,否,,,,清关：配货备注,clearance.allocation_remark,LX-F00018116434,否,否,
customs_clearance_brand_type,int,否,,,1 无品牌，2 境内自主品牌，3 境内收购品牌，4 境外品牌（贴牌生产），5 境外品牌（其他）,清关：品牌类型：1 无品牌，2 境内自主品牌，3 境内收购品牌，4 境外品牌（贴牌生产），5 境外品牌（其他）,clearance.customs_clearance_brand_type,LX-F00018116434,否,否,
customs_clearance_en_material,string,否,,,,清关：英文材质,clearance.customs_clearance_en_material,LX-F00018116434,否,否,
customs_clearance_en_usage,string,否,,,,清关：英文用途,clearance.customs_clearance_en_usage,LX-F00018116434,否,否,
customs_clearance_internal_code,string,否,,,,清关：内部编码,clearance.customs_clearance_internal_code,LX-F00018116434,否,否,
customs_clearance_material,string,否,,,,清关：中文材质,clearance.customs_clearance_material,LX-F00018116434,否,否,
customs_clearance_pic_url,string,否,,,,清关：清关图片,clearance.customs_clearance_pic_url,LX-F00018116434,否,否,
customs_clearance_preferential,int,否,,,,清关：出口享惠情况：1 不享惠，2 享惠，3 不确定享惠情况,clearance.customs_clearance_preferential,LX-F00018116434,否,否,
customs_clearance_product_pattern,string,否,,,,清关：产品型号,clearance.customs_clearance_product_pattern,LX-F00018116434,否,否,
customs_clearance_usage,string,否,,,,清关：中文用途,clearance.customs_clearance_usage,LX-F00018116434,否,否,
weaving_mode,int,否,,1,,织造方式：1 针织，2 梭织,clearance.weaving_mode,LX-F00018116434,否,否,
currency,string,否,,,,报关：申报金额的币种,currency,LX-F00018116434,否,否,
custom_fields,自定义字段,否,,,,[array],custom_fields,LX-F00018116434,否,否,
character,自定义字段值的“属性/单位/币种”,否,,,,[string],custom_fields.character,LX-F00018116434,否,否,
id,自定义字段,否,,,,[string],custom_fields.id,LX-F00018116434,否,否,
val,自定义字段id,是,,,,[string],custom_fields.val,LX-F00018116434,否,否,
declaration,object,否,,,,报关数据,declaration,LX-F00018116434,否,否,
customs_declaration_exempt,string,否,,,,报关：征免,declaration.customs_declaration_exempt,LX-F00018116434,否,否,
customs_declaration_hs_code,string,否,,,,报关：报关HSCODE,declaration.customs_declaration_hs_code,LX-F00018116434,否,否,
customs_declaration_inlands_source,string,否,,,,报关：境内货源地,declaration.customs_declaration_inlands_source,LX-F00018116434,否,否,
customs_declaration_origin_produce,string,否,,,,报关：原厂国（地区）,declaration.customs_declaration_origin_produce,LX-F00018116434,否,否,
customs_declaration_spec,string,否,,,,报关：规格型号,declaration.customs_declaration_spec,LX-F00018116434,否,否,
customs_declaration_unit,string,否,,,,报关：报关单位,declaration.customs_declaration_unit,LX-F00018116434,否,否,
customs_export_name,string,否,,,,报关：中文报关名,declaration.customs_export_name,LX-F00018116434,否,否,
customs_import_name,string,否,,,,报关：英文报关名,declaration.customs_import_name,LX-F00018116434,否,否,
customs_import_price,int,否,,,,报关：报关单价,declaration.customs_import_price,LX-F00018116434,否,否,
customs_import_price_currency,string,否,,,,报关：报关单价币种,declaration.customs_import_price_currency,LX-F00018116434,否,否,
other_declare_element,string,否,,,,报关：其他申报要素,declaration.other_declare_element,LX-F00018116434,否,否,
production_and_sales_enterprise_code,string,否,,,,报关：生产销售企业代码,declaration.production_and_sales_enterprise_code,LX-F00018116434,否,否,
production_and_sales_enterprise_name,string,否,,,,报关：生产销售企业名称,declaration.production_and_sales_enterprise_name,LX-F00018116434,否,否,
description,string,否,,,,商品描述,description,LX-F00018116434,否,否,
group_list,array,否,,,,组合商品列表,group_list,LX-F00018116434,否,否,
quantity,int,否,,,,商品比例数,group_list[].quantity,LX-F00018116434,否,否,
sku,string,否,,,,子商品,group_list[].sku,LX-F00018116434,否,否,SKU
is_append_product_duty,int,否,1,,,负责人是否追加创建人：0 否，1 是；默认1，只有编辑SKU时才生效,is_append_product_duty,LX-F00018116434,否,否,SKU
is_related,int,否,,,,是否关联单品成本：0 否，1 是,is_related,LX-F00018116434,否,否,
model,string,否,,,,型号,model,LX-F00018116434,否,否,
open_status,int,否,,,,开启状态：0 停用，1 启用,open_status,LX-F00018116434,否,否,
picture_list,array,否,,,,产品图片信息,picture_list,LX-F00018116434,否,否,
is_primary,int,否,,,,是否产品主图：0 否，1 是,picture_list[].is_primary,LX-F00018116434,否,否,
pic_url,string,否,,,,产品图片链接,picture_list[].pic_url,LX-F00018116434,否,否,
product_creator_uid,int,否,API账号id,,,创建人id，默认API账号id,product_creator_uid,LX-F00018116434,否,否,
product_developer,string,否,,,,开发者名称,product_developer,LX-F00018116434,否,否,
product_developer_uid,int,否,,,,开发者id，与开发者名称同时填写时，以开发者id为准,product_developer_uid,LX-F00018116434,否,否,
product_duty_uids,array,否,,,,负责人id,product_duty_uids,LX-F00018116434,否,否,
product_logistics_list,object,否,,,,报关清关费用信息 支持国家：US、CA、MX、JP、UK、DE、FR、ES、IT、NL、AU、SG、IN、AE、SA、BR、SE、PL、BE、TR、UA、HU、PK、LB、AT、CH、CZ、DK、IE、LU、NO、PT、SK、RU、KZ、BY、CL、KR,product_logistics_list,LX-F00018116434,否,否,
US_bg_import_hs_code,string,否,,,,HS Code,product_logistics_list.US_bg_import_hs_code,LX-F00018116434,否,否,
US_bg_tax_rate,string,否,,,,税率,product_logistics_list.US_bg_tax_rate,LX-F00018116434,否,否,
US_cg_transport_costs,string,否,头程费用（含税）,,,默认头程费用（含税）,product_logistics_list.US_cg_transport_costs,LX-F00018116434,否,否,
US_clearance_price,string,否,,,,清关价格,product_logistics_list.US_clearance_price,LX-F00018116434,否,否,
US_clearance_price_currency,string,否,CNY,,,清关价格币种，默认CNY,product_logistics_list.US_clearance_price_currency,LX-F00018116434,否,否,
US_clearance_remark,string,否,,,,备注,product_logistics_list.US_clearance_remark,LX-F00018116434,否,否,
US_currency,string,否,头程费用币种,,,默认头程费用币种,product_logistics_list.US_currency,LX-F00018116434,否,否,
product_name,string,是,,,,品名【添加时必填】,product_name,LX-F00018116434,否,否,
purchase_remark,string,否,,,,采购备注,purchase_remark,LX-F00018116434,否,否,
qc_standard,object,否,,,,质检标准,qc_standard,LX-F00018116434,否,否,
custom_qc_template,object,否,,,,自定义质检标准,qc_standard.custom_qc_template,LX-F00018116434,否,否,
qc_image,array,否,,,,质检图片【最多十张图】,qc_standard.custom_qc_template.qc_image,LX-F00018116434,否,否,
customer_url,string,否,,,,客户的质检图片URL,qc_standard.custom_qc_template.qc_image[].customer_url,LX-F00018116434,否,否,
file_id,string,否,,,,质检图片文件id,qc_standard.custom_qc_template.qc_image[].file_id,LX-F00018116434,否,否,
sku,string,是,,,,SKU,sku,LX-F00018116434,否,否,SKU
sku_identifier,string,否,,,,SKU识别码,sku_identifier,LX-F00018116434,否,否,SKU
spec_pack_list,array,否,箱规）,,,采购：更多箱规（非默认箱规）,spec_pack_list,LX-F00018116434,否,否,
cg_box_height,string,否,,,,采购：更多箱规-外箱规格-高（CM）,spec_pack_list[].cg_box_height,LX-F00018116434,否,否,
cg_box_length,string,否,,,,采购：更多箱规-外箱规格-长（CM）,spec_pack_list[].cg_box_length,LX-F00018116434,是,否,
cg_box_pcs,int,否,,,,采购：更多箱规-单箱数量,spec_pack_list[].cg_box_pcs,LX-F00018116434,否,否,
cg_box_weight,string,否,,,,采购：更多箱规-单箱重量（KG）,spec_pack_list[].cg_box_weight,LX-F00018116434,否,否,
cg_box_width,string,否,,,,采购：更多箱规-外箱规格-宽（CM）,spec_pack_list[].cg_box_width,LX-F00018116434,否,否,仓库
cg_package_height,string,否,,,,采购：更多箱规-包装规格-高（CM）,spec_pack_list[].cg_package_height,LX-F00018116434,否,否,
cg_package_length,string,否,,,,采购：更多箱规-包装规格-长（CM）,spec_pack_list[].cg_package_length,LX-F00018116434,是,否,
cg_package_width,string,否,,,,采购：更多箱规-包装规格-宽（CM）,spec_pack_list[].cg_package_width,LX-F00018116434,否,否,仓库
cg_product_gross_weight,string,否,,,,采购：更多箱规-单品毛重（G）,spec_pack_list[].cg_product_gross_weight,LX-F00018116434,否,否,
spec_title,string,是,,,,采购：更多箱规-箱规名称,spec_pack_list[].spec_title,LX-F00018116434,否,否,
special_attr,array,否,,,,产品特殊属性：1 含电，2 纯电，3 液体，4 粉末，5 膏体，6 带磁，7 纺织品，8普货（普货于其他选项互斥）,special_attr,LX-F00018116434,否,否,
status,int,否,1】：0,,,状态【默认1】：0 停售，1 在售，2 开发中，3 清仓,status,LX-F00018116434,否,否,
supplier_quote,array,否,,,,供应商报价信息（该参数传空值则清空产品供应商报价）,supplier_quote,LX-F00018116434,否,否,
erp_supplier_id,int,是,,,,领星ERP供应商id，[查询本地产品详情](/docs/Product/ProductDetails)接口对应字段【supplier_id】，与supplier_id必填其一,supplier_quote[].erp_supplier_id,LX-F00018116434,否,否,
is_primary,int,是,,,,首选供应商：0 否，1 是,supplier_quote[].is_primary,LX-F00018116434,否,否,
quote_cg_delivery,int,否,,,,供应商交期,supplier_quote[].quote_cg_delivery,LX-F00018116434,否,否,
quote_remark,string,否,,,,报价备注,supplier_quote[].quote_remark,LX-F00018116434,否,否,
quotes,array,是,,,,报价信息，传供应商报价时必传,supplier_quote[].quotes,LX-F00018116434,否,否,
currency,string,是,,,,报价币种，目前只有CNY和USD,supplier_quote[].quotes.currency,LX-F00018116434,否,否,
is_tax,int,是,,,,是否含税：0 否，1 是,supplier_quote[].quotes.is_tax,LX-F00018116434,否,否,
step_prices,array,是,,,,阶梯价信息,supplier_quote[].quotes.step_prices,LX-F00018116434,否,否,
moq,int,是,,,,最小起订量，最小值为1,supplier_quote[].quotes.step_prices.moq,LX-F00018116434,否,否,
price_with_tax,string,是,,,,含税单价，4位小数,supplier_quote[].quotes.step_prices.price_with_tax,LX-F00018116434,否,否,
tax_rate,string,是,,,,税率，为空则表示为0,supplier_quote[].quotes.tax_rate,LX-F00018116434,否,否,
supplier_id,int,否,,,,客户系统供应商id，没有填这个值或者对应供应商不存在，则取erp_supplier_id，与erp_supplier_id必填其一,supplier_quote[].supplier_id,LX-F00018116434,否,否,
supplier_product_url,array,否,,,,采购链接，字符串数组，最多20个，没有则传空数组,supplier_quote[].supplier_product_url,LX-F00018116434,否,否,
unit,string,否,,,,单位（商品单位：套、个、台）,unit,LX-F00018116434,否,否,
unit_process_fee,int,否,,,,单位加工费,unit_process_fee,LX-F00018116434,否,否,
global_order_no,string,是,,103313000188121600,,系统单号,global_order_no,LX-F05BAD345036,否,否,订单号
order_item,array,是,,,,订单数据,order_item,LX-F05BAD345036,否,否,订单号
item_id,string,是,,6454374,,商品行主键id【拆分模式split_mod = 1 时必填】,order_item[].item_id,LX-F05BAD345036,否,否,
msku,string,是,,xxxx,,平台msku【拆分模式split_mod = 2 时必填，没有值传空字符串】,order_item[].msku,LX-F05BAD345036,否,否,"平台, MSKU, SKU"
order_item_no,string,是,,1,,订单明细单号【拆分模式split_mod = 2 时必填，没有值传空字符串】,order_item[].order_item_no,LX-F05BAD345036,否,否,订单号
pid,string,是,,18522,,本地商品id【拆分模式split_mod = 2 时必填，没有值传空字符串】,order_item[].pid,LX-F05BAD345036,否,否,
platform_order_no,string,是,,123,,平台单号【拆分模式split_mod = 2 时必填，没有值传空字符串】,order_item[].platform_order_no,LX-F05BAD345036,否,否,"平台, 订单号"
quantity,string,是,,1,,数量【拆分模式split_mod = 1 时必填】,order_item[].quantity,LX-F05BAD345036,否,否,
split_mod,int,是,,1,,拆分模式：1 按商品拆分，2 按捆绑商品拆分,split_mod,LX-F05BAD345036,否,否,
end_date,string,否,,2024-07-29,,操作结束时间，格式：Y-m-d，开区间，联合开始时间使用,end_date,LX-F0CE5B7F589B,否,是,
length,int,是,20,20,,分页长度，默认20,length,LX-F0CE5B7F589B,是,否,
offset,int,是,0,0,,分页偏移量，默认0,offset,LX-F0CE5B7F589B,是,否,
start_date,string,否,,2024-06-29,,操作开始时间，格式：Y-m-d，闭区间，联合结束时间使用,start_date,LX-F0CE5B7F589B,否,是,
sub_types,string,否,全部类型】,1901,,子类流水类型，多个使用英文逗号分隔：【不填默认全部类型】 1901 其他入库 手工其他入库 1902 其他入库 用户初始化 1903 其他入库 系统初始化 2201 采购入库 手工采购入库 2202 采购入库 采购单创建入库单 2801 采购质检 质检 7101 采购上架 PDA上架入库 7201 委外上架 PDA委外上架 2401 调拨入库 调拨单入在途 2402 调拨入库 调拨单收货 2403 调拨入库 备货单入在途 2404 调拨入库 备货单收货 2405 调拨入库 备货单入库结束到货 2301 委外入库 委外订单完成加工后入库 2901 委外质检 委外订单质检 2501 盘盈入库 盘点单入库 2502 盘盈入库 数量调整单正向 1501 FBM退货 退货入库 1502 FBM退货 退货入库质检 1601 换标入库 换标调整入库 1701 加工入库 加工单入库 1702 加工入库 委外订单加工入库 1801 拆分入库 拆分单入库 2601 自动退货入库 2602 手动退货入库 2701 移除入库 4201 其他出库 手工其他出库 4101 调拨出库 调拨单出库 4102 调拨出库 备货单出库 3201 委外出库 委外订单完成加工后出库 3301 盘亏出库 盘点单出库 3302 盘亏出库 数量调整单负向 3401 换标出库 换标调整出库 3501 加工出库 加工单出库 3502 加工出库 委外订单加工出库 3601 拆分出库 拆分单出库 3701 FBA出库 发货单出库 3702 FBA出库 手工FBA出库 3801 FBM出库 销售出库单 3901 退货出库 手工退货出库 3902 退货出库 采购单生成的退货出库单 10001 库存锁定-出库 10002 库存锁定-调拨 10003 库存锁定-调整 10004 库存锁定-加工 10005 库存锁定-加工计划 10006 库存锁定-拆分 10007 库存锁定-海外备货 10008 库存锁定-发货 10009 库存锁定-自发货 10010 库存锁定-主动释放 10012 库存锁定-发货拣货 10013 库存锁定-发货计划 10014 库存锁定-WFS库存调整 10011 仓位转移和一键上架,sub_types,LX-F0CE5B7F589B,否,否,订单号
types,string,否,全部类型】,19,,流水类型，多个使用英文逗号分隔：【不填默认全部类型】 19 其他入库 22 采购入库 24 调拨入库 23 委外入库 25 盘盈入库 15 FBM退货 16 换标入库 17 加工入库 18 拆分入库 26 退货入库 27 移除入库 28 采购质检 29 委外质检 71 采购上架 72 委外上架 42 其他出库 41 调拨出库 32 委外出库 33 盘亏出库 34 换标出库 35 加工出库 36 拆分出库 37 FBA出库 38 FBM出库 39 退货出库 65 WFS出库 100 锁定流水 51 销毁出库 47 VC-PO出库 48 VC-DF出库 49 Temu出库,types,LX-F0CE5B7F589B,否,否,
wids,string,否,,"1,578,765",,仓库id，多个使用英文逗号分隔,wids,LX-F0CE5B7F589B,否,否,仓库
isPrintCenter,int,是,,1,"1-是, 0-否","是否需要拣货信息，枚举值：1-是, 0-否",isPrintCenter,LX-F23293A702BB,否,否,
orderNumbers,string,是,,"103560730955456512,103560730955456513",,系统单号，必填，多个以逗号连接,orderNumbers,LX-F23293A702BB,否,否,订单号
account_type,string,否,,Standard,Standard Invoiced Electronic COD PayWithAmazon,报告类型： Standard Invoiced Electronic COD PayWithAmazon,account_type,LX-F30C3A5673B7,否,否,
currency_code,string,否,,CNY,,币种code,currency_code,LX-F30C3A5673B7,否,否,
description,array,否,,"[""Subscription"",""RecoveryAmount""]",,描述,description,LX-F30C3A5673B7,否,否,
end_date,string,是,,2024-07-20,,结束时间,end_date,LX-F30C3A5673B7,否,是,
event_source,array,否,,"[""ServiceFee"",""DebtRecovery""]",,来源： SellerDealPayment ServiceFee Adjustment Refund SellerReviewEnrollmentPayment RemovalShipmentAdjustment ProductAdsPayment Shipment DebtRecovery Liquidations Adjustments Retrocharge RemovalShipment,event_source,LX-F30C3A5673B7,否,否,店铺
fund_transfer_status,array,否,,"[""Succeeded"",""Unknown""]",,转账状态： 已转帐 Succeeded 转帐中 Processing 失败 Failed 未知 Unknown,fund_transfer_status,LX-F30C3A5673B7,否,否,
length,int,否,,20,,分页长度，上限10000,length,LX-F30C3A5673B7,是,否,
mids,array,否,,[180],,站点id,mids,LX-F30C3A5673B7,否,否,
offset,int,否,0,0,,分页偏移量，默认0,offset,LX-F30C3A5673B7,是,否,
search_date_field,string,是,,fund_transfer_datetime_locale,posted_date_locale 结算时间 fund_transfer_datetime_locale 转账时间 shipment_datetime_locale 发货时间,时间类型： posted_date_locale 结算时间 fund_transfer_datetime_locale 转账时间 shipment_datetime_locale 发货时间,search_date_field,LX-F30C3A5673B7,否,是,
search_field,string,否,,order_id,亚马逊订单号：order_id MSKU：seller_sku Asin：asin 父asin：parent_asin SKU：local_sku 品名：local_name,搜索值类型： 亚马逊订单号：order_id MSKU：seller_sku Asin：asin 父asin：parent_asin SKU：local_sku 品名：local_name,search_field,LX-F30C3A5673B7,否,否,"店铺, MSKU, ASIN, SKU, 订单号"
search_value,array,否,,"[""""]",,搜索的值,search_value,LX-F30C3A5673B7,否,否,
settlement_status,array,否,,"[""Closed""]",,"结算状态： 待结算：[""Open"", ""Pending""] 已结算：[""Closed""]",settlement_status,LX-F30C3A5673B7,否,否,
sids,array,否,,[136],,店铺id ，对应[查询亚马逊店铺列表](docs/BasicData/SellerLists)接口对应字段【sid】,sids,LX-F30C3A5673B7,否,否,店铺
start_date,string,是,,2023-01-21,,开始时间,start_date,LX-F30C3A5673B7,否,是,
orderSn,array,否,,IB240730005,,入库单单号,orderSn,LX-F395006EFE91,否,否,订单号
adGroupIds,array,否,,"[123456789,987654321]",,广告组ID列表，Long数组，按广告组ID筛选,adGroupIds,LX-F47DF22109CA,否,否,
advertiserIds,array,是,,"[123456789012345,987654321098765]",,广告账号ID列表，BigInteger数组，必填，必须至少选择一个店铺,advertiserIds,LX-F47DF22109CA,否,否,"店铺, 广告账号"
campaignIds,array,否,,"[123456789,987654321]",,广告活动ID列表，Long数组，按广告活动ID筛选,campaignIds,LX-F47DF22109CA,否,否,
campaignType,array,是,,"[""video""]","sponsoredProducts-manual(SP手动), sponsoredProducts-auto(SP自动), sba(SB品牌广告), video(SV视频广告)","广告活动类型列表，String数组，必填，枚举值：sponsoredProducts-manual(SP手动), sponsoredProducts-auto(SP自动), sba(SB品牌广告), video(SV视频广告)。注意：查询SV广告报告必须且只能携带video",campaignType,LX-F47DF22109CA,否,否,
day,int,否,14天,14,"3, 14, 30，默认14天","归因天数，数据归因天数，枚举值：3, 14, 30，默认14天",day,LX-F47DF22109CA,否,否,
endDate,string,是,,2024-12-31,,结束日期，必填，格式：yyyy-MM-dd，且 startDate 和 endDate 间隔不能超过31天,endDate,LX-F47DF22109CA,否,是,
orderField,string,否,按广告花费倒序,adSpend,,排序字段，支持对查询结果中的任意字段进行排序（驼峰命名）。包括：基础指标(numAdsShown/numAdsClicks/adSpend)、销售指标(attributedSales/attributedOrders/attributedUnits/advertisedSkuSales/advertisedSkuUnits)、关联指标(otherSkuSales/otherSkuUnits)、品牌新买家指标(ntbOrders/ntbRevenue/ntbUnits)、计算指标(cpc/ctr/cvr/acos/roas/aov/cpa)、时间字段(startDate/endDate/entityCreateAt)等所有返回的报表字段。不传时默认按广告花费倒序,orderField,LX-F47DF22109CA,否,是,"SKU, 订单号"
orderType,string,否,ASC,DESC,"ASC-升序, DESC-降序，不传时默认ASC","排序类型，枚举值：ASC-升序, DESC-降序，不传时默认ASC",orderType,LX-F47DF22109CA,否,否,订单号
pageNum,int,否,,1,,页码，分页时的页码，从1开始,pageNum,LX-F47DF22109CA,是,否,
pageSize,int,否,,20,,每页大小，分页时每页显示的记录数，最大200,pageSize,LX-F47DF22109CA,是,否,
paging,boolean,否,为true,1,,是否分页，默认为true,paging,LX-F47DF22109CA,是,否,
searchText,string,否,,春季促销活动,,搜索文本，模糊搜索广告活动名称（campaign_name）,searchText,LX-F47DF22109CA,否,否,
searchType,string,否,,,,搜索类型，目前不用传,searchType,LX-F47DF22109CA,否,否,
startDate,string,是,,2024-01-01,,开始日期，必填，格式：yyyy-MM-dd，且 startDate 和 endDate 间隔不能超过31天,startDate,LX-F47DF22109CA,否,是,
status,array,否,,"[""enabled"",""live""]","enabled-启用, paused-暂停, scheduled-已安排, rescheduled-重新安排, live-运行中, proposal-提议, completed-已完成","广告活动状态列表，String数组，枚举值：enabled-启用, paused-暂停, scheduled-已安排, rescheduled-重新安排, live-运行中, proposal-提议, completed-已完成",status,LX-F47DF22109CA,否,否,
itemList,array,是,,"[{""promotionId"":""bbdcdae5-57a1-4777-9ad6-3d901ea6fa74"",""storeId"":""31"",""orderPageNum"":1,""orderPageSize"":20,""listingPageNum"":2,""listingPageSize"":1}]",,批量请求详情itemList个数最小为1最大为20,itemList,LX-F560D3DA6DF1,否,否,
listingPageNum,number,是,,1,,"活动listing分页页数,最小为1",itemList[].listingPageNum,LX-F560D3DA6DF1,是,否,
listingPageSize,number,是,,20,,"活动listing分页大小,最小为1,最大为200",itemList[].listingPageSize,LX-F560D3DA6DF1,是,否,
orderPageNum,number,是,,1,,"活动订单分页页数,最小为1",itemList[].orderPageNum,LX-F560D3DA6DF1,是,否,订单号
orderPageSize,number,是,,20,,"活动订单分页大小,最小为1,最大为200",itemList[].orderPageSize,LX-F560D3DA6DF1,是,否,订单号
promotionId,string,是,,bbdcdae5-57a1-4777-9ad6-3d901ea6fa74,,活动id，唯一标识,itemList[].promotionId,LX-F560D3DA6DF1,否,否,
storeId,string,是,,31,,店铺id,itemList[].storeId,LX-F560D3DA6DF1,否,否,店铺
order_number_arr,array,否,,"[""103130837064323072""]",,"系统单号,上限50【销售出库单号与系统单号二选一必填】",order_number_arr,LX-F596F7E8C481,否,否,订单号
wo_number_arr,array,否,,"[""WO103132593465409536""]",,"销售出库单号,上限50【销售出库单号与系统单号二选一必填】",wo_number_arr,LX-F596F7E8C481,否,否,
label,string,是,,精品,,标签名称，最长15个字符，中间不能有空格,label,LX-F6890246F185,否,否,
isRelateMsku,int,否,,1,"1-是, 2-否","是否关联MSKU，枚举值：1-是, 2-否",isRelateMsku,LX-F6A548F96FD0,否,否,"MSKU, SKU"
length,int,否,20,20,,分页长度，默认20，最大200,length,LX-F6A548F96FD0,是,否,
offset,int,否,0,0,,分页偏移量，默认0,offset,LX-F6A548F96FD0,是,否,
productStatus,string,否,,all,"all-全部, Enrolled-已注册, In OPR-OPR中, Protected-受保护, NoStatus-无状态","产品状态，枚举值：all-全部, Enrolled-已注册, In OPR-OPR中, Protected-受保护, NoStatus-无状态",productStatus,LX-F6A548F96FD0,否,否,
searchField,string,否,,asin,,搜索字段，指定搜索的字段名,searchField,LX-F6A548F96FD0,否,否,
searchValue,string,否,,B08XYZ1234,,搜索值，用于模糊搜索,searchValue,LX-F6A548F96FD0,否,否,
lists,array,是,,,,提交数据，支持批量，上限100个,lists,LX-F8006AE8F077,否,否,
address_line1,string,是,,address_line1-test,,地址1,lists[].address_line1,LX-F8006AE8F077,否,否,
address_line2,string,否,,address_line1-test,,地址2,lists[].address_line2,LX-F8006AE8F077,否,否,
address_line3,string,否,,address_line1-test,,地址3,lists[].address_line3,LX-F8006AE8F077,否,否,
city,string,是,,Michigan,,城市,lists[].city,LX-F8006AE8F077,否,否,
country_code,string,否,,US,,国家code，[查询亚马逊市场列表](docs/BasicData/AllMarketplace)接口对应【code】字段,lists[].country_code,LX-F8006AE8F077,否,否,
items,array,是,,,,items列表,lists[].items,LX-F8006AE8F077,否,否,
msku,string,是,,Black_ Head_Rope,,msku,lists[].items.msku,LX-F8006AE8F077,否,否,"MSKU, SKU"
sellable_quantity,int,是,,1,,移除可售数量,lists[].items.sellable_quantity,LX-F8006AE8F077,否,否,
unsellable_quantity,int,是,,1,,移除不可售数量,lists[].items.unsellable_quantity,LX-F8006AE8F077,否,否,
name,string,是,,Michael Morton,,地址名称,lists[].name,LX-F8006AE8F077,否,否,
order_type,int,是,,2,2 Return，3 Disposal,移除类型：2 Return，3 Disposal,lists[].order_type,LX-F8006AE8F077,否,否,订单号
phone,string,是,,2317982361,,联系电话,lists[].phone,LX-F8006AE8F077,否,否,
postal_code,string,是,,49444,,邮编,lists[].postal_code,LX-F8006AE8F077,否,否,
remark,string,否,,remark demo,,备注,lists[].remark,LX-F8006AE8F077,否,否,
removal_no,string,否,,141hg16,,移除订单号，最长10位，为空则自动创建订单号,lists[].removal_no,LX-F8006AE8F077,否,否,订单号
sid,int,是,,5,,店铺id ，对应[查询亚马逊店铺列表](docs/BasicData/SellerLists)接口对应字段【sid】,lists[].sid,LX-F8006AE8F077,否,否,店铺
state_or_region,string,否,,MI,,省州code，[查询亚马逊国家下地区列表](docs/BasicData/WorldStateLists)接口对应【code】字段,lists[].state_or_region,LX-F8006AE8F077,否,否,
sys_wid,int,否,,1,,系统仓库id，[查询仓库列表](docs/Warehouse/WarehouseLists)接口对应【wid】字段,lists[].sys_wid,LX-F8006AE8F077,否,否,仓库
is_sync,int,否,,1,,店铺同步状态： 1 启用 0 停用,is_sync,LX-F8354824E040,否,否,店铺
length,int,否,,200,,分页长度，上限200,length,LX-F8354824E040,是,否,
offset,int,否,,0,,分页偏移量,offset,LX-F8354824E040,是,否,
platform_code,array,否,,"[10008,10011]",,平台code： 10001 AMAZON 10002 Shopify 10003 eBay 10004 Wish 10005 AliExpress 10006 Shopee 10007 Lazada 10008 Walmart 10009 自定义平台 10010 Wayfair 10011 TikTok 10012 MERCADO 10013 CDISCOUNT 10014 NEWEGG 10015 RAKUTEN 10016 SHOPLINE 10017 TEAPPLIX 10018 SHOPLAZZA 10019 UEESHOP 10020 COUPANG 10021 SHEIN 10022 Temu全托管 10024 Temu半托管 10025 OTTO 10026 OZON 10027 SHEIN全托管 10028 SHEIN半托管 10029 AliExpress半托管 10030 AliExpress全托管 10033 Qoo10 10035 Amazon VC 10034 10038 line shopping 10039 SPS Commerce,platform_code,LX-F8354824E040,否,否,平台
status,int,否,,1,,店铺授权状态： 1 正常授权 0 授权失败,status,LX-F8354824E040,否,否,店铺
providersData,array,是,,,,物流商数据，限制20条,providersData,LX-F83A1BAC3521,否,否,
code,string,否,,gogogo,,物流商代码，限制20个字符,providersData[].code,LX-F83A1BAC3521,否,否,
logistics_provider_name,string,是,,Charon物流3456788,,物流商名称，不能重复，限制30个字符,providersData[].logistics_provider_name,LX-F83A1BAC3521,否,否,
remark,string,否,,xxxxx,,备注，限制200个字符,providersData[].remark,LX-F83A1BAC3521,否,否,
orders,array,是,,,,系统订单列表,orders,LX-F9AD2E4B84C4,否,否,订单号
global_order_no,string,是,,103430576541848064,,系统单号,orders[].global_order_no,LX-F9AD2E4B84C4,否,否,订单号
remark,string,是,,这是订单客服备注,,客服备注文本,orders[].remark,LX-F9AD2E4B84C4,否,否,
remark_is_append,string,否,true】,true,,是否追加原有备注：【默认true】 true 追加客服备注 false 替换客服备注,orders[].remark_is_append,LX-F9AD2E4B84C4,否,否,
currency_type,string,否,原币种,2,,币种，默认原币种 1 人民币-CNY 2 美元-USD 3 欧元-EUR 4 日元-JPY 5 澳元-AUD 6 加拿大元-CAD 7 墨西哥比索-MXN 8 英镑-GBP 9 印度卢比-INR 10 阿联酋迪拉姆-AED 11 新加坡元-SGD 12 沙特阿拉伯-SAR 13 巴西-BRL 14 瑞典-SEK 15 波兰-PLN 16 土耳其-TRY,currency_type,LX-F9F6C21DEC55,否,否,
end_date,string,是,,2024-08-07,,起始日期,end_date,LX-F9F6C21DEC55,否,是,
length,int,是,,200,,分页长度，上限200,length,LX-F9F6C21DEC55,是,否,
offset,int,是,,0,,分页偏移量,offset,LX-F9F6C21DEC55,是,否,
sids,string,否,返回全部,"1,109",,店铺id，通过逗号分隔可以多选，默认返回全部 ，对应[查询亚马逊店铺列表](docs/BasicData/SellerLists)接口对应字段【sid】,sids,LX-F9F6C21DEC55,否,否,店铺
sort_field,string,否,,asin,,排序字段：asin,sort_field,LX-F9F6C21DEC55,否,否,ASIN
sort_type,string,否,,desc,,desc:倒序 asc:顺序,sort_type,LX-F9F6C21DEC55,否,否,
start_date,string,是,,2020-08-01,,起始日期,start_date,LX-F9F6C21DEC55,否,是,
reportId,string,是,,123,,报告id,reportId,LX-FC39BD159D05,否,否,
order_sn,string,是,,"""TF241119002""",,调拨单号 对应[查询调拨单列表](docs/Warehouse/getStorageAllocationList)data>>order_sn字段,order_sn,LX-FC8B93582D77,否,否,"订单号, 仓库"
end_date,string,是,,2024-08-05,,结束时间，格式：Y-m-d,end_date,LX-FCDF84763AAF,否,是,
length,int,是,15,15,,分页长度，默认15，不超过100,length,LX-FCDF84763AAF,是,否,
offset,int,是,1,1,,分页页码，默认1,offset,LX-FCDF84763AAF,是,否,
start_date,string,是,,2020-01-01,,开始时间，格式：Y-m-d,start_date,LX-FCDF84763AAF,否,是,
sys_wid,string,否,,"1268,21",,系统仓库id，多个用英文逗号分隔,sys_wid,LX-FCDF84763AAF,否,否,仓库
advertiserIds,array,是,,"[123456789012345,987654321098765]",,广告账号ID列表，BigInteger数组，必填，必须至少选择一个店铺,advertiserIds,LX-FD59C74A55D7,否,否,"店铺, 广告账号"
campaignIds,array,否,,"[123456789,987654321]",,广告活动ID列表，Long数组，按广告活动ID筛选,campaignIds,LX-FD59C74A55D7,否,否,
campaignType,array,是,,"[""sba""]","sponsoredProducts-manual(SP手动), sponsoredProducts-auto(SP自动), sba(SB品牌广告), video(SV视频广告)","广告活动类型列表，String数组，必填，枚举值：sponsoredProducts-manual(SP手动), sponsoredProducts-auto(SP自动), sba(SB品牌广告), video(SV视频广告)。注意：查询SB广告报告必须且只能携带sba",campaignType,LX-FD59C74A55D7,否,否,
day,int,否,14天,14,"3, 14, 30，默认14天","归因天数，数据归因天数，枚举值：3, 14, 30，默认14天",day,LX-FD59C74A55D7,否,否,
endDate,string,是,,2024-12-31,,结束日期，必填，格式：yyyy-MM-dd，且 startDate 和 endDate 间隔不能超过31天,endDate,LX-FD59C74A55D7,否,是,
orderField,string,否,按广告花费倒序,adSpend,,排序字段，支持对查询结果中的任意字段进行排序（驼峰命名）。包括：基础指标(numAdsShown/numAdsClicks/adSpend)、销售指标(attributedSales/attributedOrders/attributedUnits/advertisedSkuSales/advertisedSkuUnits)、关联指标(otherSkuSales/otherSkuUnits)、品牌新买家指标(ntbOrders/ntbRevenue/ntbUnits)、计算指标(cpc/ctr/cvr/acos/roas/aov/cpa)、时间字段(startDate/endDate/entityCreateAt)等所有返回的报表字段。不传时默认按广告花费倒序,orderField,LX-FD59C74A55D7,否,是,"SKU, 订单号"
orderType,string,否,ASC,DESC,"ASC-升序, DESC-降序，不传时默认ASC","排序类型，枚举值：ASC-升序, DESC-降序，不传时默认ASC",orderType,LX-FD59C74A55D7,否,否,订单号
pageNum,int,否,,1,,页码，分页时的页码，从1开始,pageNum,LX-FD59C74A55D7,是,否,
pageSize,int,否,,20,,每页大小，分页时每页显示的记录数，最大200,pageSize,LX-FD59C74A55D7,是,否,
paging,boolean,否,为true,1,,是否分页，默认为true,paging,LX-FD59C74A55D7,是,否,
realtime,int,否,,0,,"实时数据标识，0-非实时, 1-实时数据",realtime,LX-FD59C74A55D7,否,是,
searchText,string,否,,双十一大促活动,,搜索文本，模糊搜索广告活动名称（campaign_name）,searchText,LX-FD59C74A55D7,否,否,
startDate,string,是,,2024-01-01,,开始日期，必填，格式：yyyy-MM-dd，且 startDate 和 endDate 间隔不能超过31天,startDate,LX-FD59C74A55D7,否,是,
status,array,否,,"[""enabled"",""live""]","enabled-启用, paused-暂停, scheduled-已安排, rescheduled-重新安排, live-运行中, proposal-提议, completed-已完成","广告活动状态列表，String数组，枚举值：enabled-启用, paused-暂停, scheduled-已安排, rescheduled-重新安排, live-运行中, proposal-提议, completed-已完成",status,LX-FD59C74A55D7,否,否,
end_date,string,否,为最近1个月,2021-12-20,,结束日期，格式：Y-m-d，默认为最近1个月,end_date,LX-FD9302CF208A,否,是,
logistics_status_arr,array,否,,"[1,2]",,物流状态： 1 待导入 2 物流待下单 3 物流下单中 4 下单异常 5 下单完成 6 待海外仓下单 7 海外仓下单中 11 待导入国内物流 41 物流取消中 42 物流取消异常 43 物流取消完成,logistics_status_arr,LX-FD9302CF208A,否,否,
order_number_arr,array,否,,"[""103130837064323072""]",,系统单号,order_number_arr,LX-FD9302CF208A,否,否,订单号
page,int,否,1,1,,分页页码，默认1,page,LX-FD9302CF208A,是,否,
page_size,int,否,20,20,,分页长度，默认20，上限200,page_size,LX-FD9302CF208A,是,否,
platform_order_no_arr,array,否,,"[""test123465021""]",,平台单号,platform_order_no_arr,LX-FD9302CF208A,否,否,"平台, 订单号"
sid_arr,array,否,,[26],,店铺id,sid_arr,LX-FD9302CF208A,否,否,店铺
start_date,string,否,为最近1个月,2021-11-23,,开始日期，格式：Y-m-d，默认为最近1个月,start_date,LX-FD9302CF208A,否,是,
status_arr,array,否,,"[1,2]",,状态： 1 物流下单 2 待出库 3 已出库 4 已截单,status_arr,LX-FD9302CF208A,否,否,
time_type,string,否,,create_at,创建时间 create_at 出库时间【单据操作】 delivered_at 流水出库时间 stock_delivered_at 变更时间 update_at,时间类型： 创建时间 create_at 出库时间【单据操作】 delivered_at 流水出库时间 stock_delivered_at 变更时间 update_at,time_type,LX-FD9302CF208A,否,是,
wo_number_arr,array,否,,"[""WO103132593465409536""]",,销售出库单号,wo_number_arr,LX-FD9302CF208A,否,否,
endTime,string,是,,2025-03-17,,活动结束时间,endTime,LX-FE476B81237F,否,是,
pageNum,number,是,,1,,分页页码,pageNum,LX-FE476B81237F,是,否,
pageSize,number,是,,20,,分页大小,pageSize,LX-FE476B81237F,是,否,
promotionType,array,否,,[],,促销类型,promotionType,LX-FE476B81237F,否,否,
sellerSku,string,是,,a_test_sku_x3,,seller_sku(msku),sellerSku,LX-FE476B81237F,否,否,"店铺, MSKU, SKU"
sortField,string,是,,startTime,,"排序项（""cost"", ""drawQuantity"", ""exchangeQuantity"", ""exchangeRate"",""startTime"",""salesVolume"",""salesAmount"",""startTime""）",sortField,LX-FE476B81237F,否,是,
sortType,string,是,,desc,,排序类型 asc desc,sortType,LX-FE476B81237F,否,否,
startTime,string,是,,2025-01-07,,活动开始时间,startTime,LX-FE476B81237F,否,是,
status,array,否,,[],,促销状态,status,LX-FE476B81237F,否,否,
storeId,string,是,,43,,店铺id,storeId,LX-FE476B81237F,否,否,店铺
custom_receive_time,string,否,,2023-05-30,,自定义收货时间， 自定义日期须早于请求当天日期,custom_receive_time,LX-FE893F657641,否,是,
expect_arrival_time,string,否,取自收货单,2023-06-01,,预计收货时间，不传时默认取自收货单,expect_arrival_time,LX-FE893F657641,否,是,
item_list,array,是,,,,收货明细,item_list,LX-FE893F657641,否,否,
id,int,是,,134624,,收货单子项id，[查询收货单列表](docs/Warehouse/PurchaseReceiptOrderList)接口对应字段【item_id】,item_list[].id,LX-FE893F657641,否,否,"订单号, 仓库"
product_bad_num,int,是,,0,,次品量，总良品量+总次品量必须大于0,item_list[].product_bad_num,LX-FE893F657641,否,否,
product_good_num,int,是,,10,,良品量，总良品量+总次品量必须大于0,item_list[].product_good_num,LX-FE893F657641,否,否,
remark,string,否,取自收货单,易碎产品,,备注，最大支持255个字符，不传时默认取自收货单,item_list[].remark,LX-FE893F657641,否,否,
logistics_company,string,否,取自收货单,京东快递,,物流商，不传时默认取自收货单,logistics_company,LX-FE893F657641,否,否,
logistics_order_no,string,否,取自收货单,JD100001,,物流单号，仅支持字母、数字、下划线、中横线，不传时默认取自收货单,logistics_order_no,LX-FE893F657641,否,否,订单号
order_sn,string,是,,CR230520001,,收货单号,order_sn,LX-FE893F657641,否,否,订单号
other_fee,number,否,取自收货单,2,,其他费用，仅支持2位小数，不传时默认取自收货单,other_fee,LX-FE893F657641,否,否,
remark,string,否,取自收货单,加急,,备注，最大支持255个字符，不传时默认取自收货单,remark,LX-FE893F657641,否,否,
shipping_cost,number,否,取自收货单,10,,运费，仅支持2位小数，不传时默认取自收货单,shipping_cost,LX-FE893F657641,否,否,
bin_type,int,否,】,1,,出库仓位指定方式： 0 系统指定仓位【默认值】 1 手动指定仓位,bin_type,LX-FEFC2C739C57,否,否,
idempotent_code,string,否,,R0011231,,"客户参考号, 该字段校验唯一不可重复",idempotent_code,LX-FEFC2C739C57,否,否,
other_fee,number,否,,8.88,,其它费用（退货出库）,other_fee,LX-FEFC2C739C57,否,否,
outbound_time,string,否,,2022-12-30,,自定义出库时间，格式：Y-m-d,outbound_time,LX-FEFC2C739C57,否,是,
product_list,array,是,,,,产品明细,product_list,LX-FEFC2C739C57,否,否,
bad_num,int,是,,1,,次品数量,product_list[].bad_num,LX-FEFC2C739C57,否,否,
fnsku,string,是,,FN206265A,,fnsku【存在fnsku时店铺id必填，没有时传空字符串】,product_list[].fnsku,LX-FEFC2C739C57,否,否,"店铺, SKU"
good_num,int,是,,3,,良品数量,product_list[].good_num,LX-FEFC2C739C57,否,否,
out_available_bin,array,否,,,,可用出库仓位列表,product_list[].out_available_bin,LX-FEFC2C739C57,否,否,
whb_code,string,否,,ts_valid,,可用出库仓位编码,product_list[].out_available_bin.whb_code,LX-FEFC2C739C57,否,否,
whb_num,int,否,,1,,可用出库仓位数量,product_list[].out_available_bin.whb_num,LX-FEFC2C739C57,否,否,
out_inferior_bin,array,否,,,,次品出库仓位列表,product_list[].out_inferior_bin,LX-FEFC2C739C57,否,否,
whb_code,string,否,,ts_bad,,次品出库仓位编码,product_list[].out_inferior_bin.whb_code,LX-FEFC2C739C57,否,否,
whb_num,int,否,,1,,次品出库仓位数量,product_list[].out_inferior_bin.whb_num,LX-FEFC2C739C57,否,否,
seller_id,int,是,,21,,店铺id【没有店铺时传0】 亚马逊店铺对应[查询亚马逊店铺信息](docs/BasicData/SellerLists)字段【sid】 多平台店铺对应[查询多平台店铺信息](docs/MultiPlatform/V2/StoreInfoV2)字段【store_id】,product_list[].seller_id,LX-FEFC2C739C57,否,否,"店铺, 平台"
sku,string,是,,kk-1232,,sku,product_list[].sku,LX-FEFC2C739C57,否,否,SKU
remark,string,否,,,,单据备注,remark,LX-FEFC2C739C57,否,否,
return_price,number,否,,6.66,,退货费（退货出库）,return_price,LX-FEFC2C739C57,否,否,
status,int,否,】,40,,新建单据状态： 10：待提交 30：待出库 40：已完成【默认值】,status,LX-FEFC2C739C57,否,否,
supplier_id,string,否,,AVS2132,,"客户供应商ID（退货出库：客户供应商ID, sys_supplier_id和supplier_id其中一个必填，都填则取supplier_id）",supplier_id,LX-FEFC2C739C57,否,否,
sys_supplier_id,int,否,,321,,"系统客户供应商ID（退货出库：客户供应商ID, sys_supplier_id和supplier_id其中一个必填，都填则取supplier_id）",sys_supplier_id,LX-FEFC2C739C57,否,否,
sys_to_wid,int,否,,56,,系统客户目的仓库ID（非退货出库）,sys_to_wid,LX-FEFC2C739C57,否,否,仓库
sys_wid,int,是,,1,,系统仓库ID，sys_wid和wid其中一项必填，都填则优先wid,sys_wid,LX-FEFC2C739C57,否,否,仓库
to_wid,string,否,,WA323,,客户目的仓库ID（非退货出库）,to_wid,LX-FEFC2C739C57,否,否,仓库
type,int,是,,11,11 其他出库 12 FBA出库 14 退货出库 18 销毁出库,单据类型： 11 其他出库 12 FBA出库 14 退货出库 18 销毁出库,type,LX-FEFC2C739C57,否,否,
wid,string,否,,custom-A1,,自定义仓库ID，wid和sys_wid其中一项必填，都填则优先wid,wid,LX-FEFC2C739C57,否,否,仓库
endDate,string,否,,2024-12-31,,结束日期，必填，格式：yyyy-MM-dd,endDate,LX-FF6962F51900,否,是,
length,int,否,20,20,,分页长度，默认20，最大200,length,LX-FF6962F51900,是,否,
offset,int,否,0,0,,分页偏移量，默认0,offset,LX-FF6962F51900,是,否,
searchField,string,否,,order_sn,"supplier_name-供应商, order_sn-收款单号, purchase_order_sn-采购单号, purchase_return_order_sn-退货单号, create_user-创建人, remark-备注","搜索字段，必填，枚举值：supplier_name-供应商, order_sn-收款单号, purchase_order_sn-采购单号, purchase_return_order_sn-退货单号, create_user-创建人, remark-备注",searchField,LX-FF6962F51900,否,否,订单号
searchFieldTime,string,否,,create_time,"create_time-申请时间, receipt_time-收款时间","搜索时间字段，枚举值：create_time-申请时间, receipt_time-收款时间",searchFieldTime,LX-FF6962F51900,否,是,
searchValue,string,否,,RK2024010001,,搜索值，搜索字段对应的值,searchValue,LX-FF6962F51900,否,否,
seniorSearchList,string,否,,[],,高级筛选，JSON字符串格式,seniorSearchList,LX-FF6962F51900,否,否,
startDate,string,否,,2024-01-01,,开始日期，必填，格式：yyyy-MM-dd,startDate,LX-FF6962F51900,否,是,
status,array,否,,"[""1"",""2""]","1-待收款, 2-已完成, 3-已作废, 121-待审批, 122-已驳回, 124-已作废","状态筛选，String数组，枚举值：1-待收款, 2-已完成, 3-已作废, 121-待审批, 122-已驳回, 124-已作废",status,LX-FF6962F51900,否,否,
