interface_key,platform,business_domain,module,api_name,api_path,method,protocol,source_doc_path,normalized_interface_source,request_params_source,response_fields_source,verification_status,contract_status,do_not_use_status,deleted_status,priority,target_system_module,data_role,risk_code,notes
LX-678C78868D7F,Other non-Walmart,Ads,多平台 / 广告 / Lazada广告,Lazada广告-获取广告商品信息,/basicOpen/lazadaAd/item/info,POST,UNVERIFIED,,docs/integrations/lingxing-walmart-openapi/normalized/deleted_interfaces.csv#LX-678C78868D7F,NONE,NONE,no verification row,DELETED,yes,yes,P0,TBD,reference_only,DELETED,no matching repository legacy Markdown snapshot; excluded from implementation without a separate Owner re-evaluation
LX-EAB2A6D42662,Other non-Walmart,Ads,多平台 / 广告 / Lazada广告,Lazada广告-获取店铺信息,/basicOpen/lazadaAd/seller/info,POST,UNVERIFIED,,docs/integrations/lingxing-walmart-openapi/normalized/deleted_interfaces.csv#LX-EAB2A6D42662,NONE,NONE,no verification row,DELETED,yes,yes,P0,TBD,reference_only,DELETED,no matching repository legacy Markdown snapshot; excluded from implementation without a separate Owner re-evaluation
LX-8349E3853708,Unclear/deleted,Ads,广告 / 报告,SD商品定位报表,/pb/openapi/newad/sdTargetReports,POST,UNVERIFIED,,docs/integrations/lingxing-walmart-openapi/normalized/deleted_interfaces.csv#LX-8349E3853708,NONE,NONE,no verification row,DELETED,yes,yes,P0,TBD,reference_only,DELETED,no matching repository legacy Markdown snapshot; excluded from implementation without a separate Owner re-evaluation
LX-5380CB6A41A8,Amazon,Ads,广告 / 报告,SD已购买商品报表,/pb/openapi/newad/sdAsinReports,POST,UNVERIFIED,,docs/integrations/lingxing-walmart-openapi/normalized/deleted_interfaces.csv#LX-5380CB6A41A8,NONE,NONE,no verification row,DELETED,yes,yes,P0,TBD,reference_only,DELETED,no matching repository legacy Markdown snapshot; excluded from implementation without a separate Owner re-evaluation
LX-E6C0FF738B16,Unclear/deleted,Ads,广告 / 报告,SD广告商品报表,/pb/openapi/newad/sdProductAdReports,POST,UNVERIFIED,,docs/integrations/lingxing-walmart-openapi/normalized/deleted_interfaces.csv#LX-E6C0FF738B16,NONE,NONE,no verification row,DELETED,yes,yes,P0,TBD,reference_only,DELETED,no matching repository legacy Markdown snapshot; excluded from implementation without a separate Owner re-evaluation
LX-11CEDDBE86D1,Unclear/deleted,Ads,广告 / 报告,SP商品定位报表,/pb/openapi/newad/spTargetReports,POST,UNVERIFIED,,docs/integrations/lingxing-walmart-openapi/normalized/deleted_interfaces.csv#LX-11CEDDBE86D1,NONE,NONE,no verification row,DELETED,yes,yes,P0,TBD,reference_only,DELETED,no matching repository legacy Markdown snapshot; excluded from implementation without a separate Owner re-evaluation
LX-4699407015B7,Amazon,Ads,广告 / 报告,SP已购买商品报表,/pb/openapi/newad/asinReports,POST,UNVERIFIED,,docs/integrations/lingxing-walmart-openapi/normalized/deleted_interfaces.csv#LX-4699407015B7,NONE,NONE,no verification row,DELETED,yes,yes,P0,TBD,reference_only,DELETED,no matching repository legacy Markdown snapshot; excluded from implementation without a separate Owner re-evaluation
LX-32025D28AF75,Unclear/deleted,Ads,广告 / 报告,SP广告商品报表,/pb/openapi/newad/spProductAdReports,POST,HTTPS,old-system/source/docs/lingxing/spProductAdReports.md,docs/integrations/lingxing-walmart-openapi/normalized/deleted_interfaces.csv#LX-32025D28AF75,old-system/source/docs/lingxing/spProductAdReports.md#请求参数 (6 rows),old-system/source/docs/lingxing/spProductAdReports.md#返回结果 (47 rows),no verification row,DELETED,yes,yes,P0,TBD,reference_only,DELETED,excluded from implementation without a separate Owner re-evaluation
LX-9AC6BE805FBF,Other non-Walmart,Ads,多平台 / 广告 / Shopee广告,分页查询店铺报告列表,/basicOpen/multiplatform/ads/shopee/store/report/list,POST,UNVERIFIED,,docs/integrations/lingxing-walmart-openapi/normalized/deleted_interfaces.csv#LX-9AC6BE805FBF,NONE,NONE,no verification row,DELETED,yes,yes,P0,TBD,reference_only,DELETED,no matching repository legacy Markdown snapshot; excluded from implementation without a separate Owner re-evaluation
LX-D0FD5B698B84,Unclear/deleted,Ads,广告 / 报告,查询DSP报告列表-订单,/basicOpen/dspReport/order/list,POST,UNVERIFIED,,docs/integrations/lingxing-walmart-openapi/normalized/deleted_interfaces.csv#LX-D0FD5B698B84,NONE,NONE,no verification row,DELETED,yes,yes,P0,TBD,reference_only,DELETED,no matching repository legacy Markdown snapshot; excluded from implementation without a separate Owner re-evaluation
LX-7152C6591169,Other non-Walmart,Ads,多平台 / 广告 / TikTok广告,查询TikTok-GMV MAX-广告商品,/basicOpen/multiplatform/ads/queryGmvItemGroupReportList,POST,UNVERIFIED,,docs/integrations/lingxing-walmart-openapi/normalized/deleted_interfaces.csv#LX-7152C6591169,NONE,NONE,no verification row,DELETED,yes,yes,P0,TBD,reference_only,DELETED,no matching repository legacy Markdown snapshot; excluded from implementation without a separate Owner re-evaluation
LX-5238E2EC1CE5,Other non-Walmart,Ads,多平台 / 广告 / TikTok广告,查询TikTok-GMV MAX-店铺列表,/basicOpen/multiplatform/ads/queryGmvStoreList,POST,UNVERIFIED,,docs/integrations/lingxing-walmart-openapi/normalized/deleted_interfaces.csv#LX-5238E2EC1CE5,NONE,NONE,no verification row,DELETED,yes,yes,P0,TBD,reference_only,DELETED,no matching repository legacy Markdown snapshot; excluded from implementation without a separate Owner re-evaluation
LX-2DA803B0B95B,Other non-Walmart,Ads,多平台 / 广告 / Lazada广告,Lazada广告-关键词报告,/basicOpen/lazadaAd/keyword/report/list,POST,UNVERIFIED,,docs/integrations/lingxing-walmart-openapi/normalized/deleted_interfaces.csv#LX-2DA803B0B95B,NONE,NONE,no verification row,DELETED,yes,yes,P1,TBD,reference_only,DELETED,no matching repository legacy Markdown snapshot; excluded from implementation without a separate Owner re-evaluation
LX-A429D13382E7,Other non-Walmart,Ads,多平台 / 广告 / Lazada广告,Lazada广告-受众报告,/basicOpen/lazadaAd/audience/report/list,POST,UNVERIFIED,,docs/integrations/lingxing-walmart-openapi/normalized/deleted_interfaces.csv#LX-A429D13382E7,NONE,NONE,no verification row,DELETED,yes,yes,P1,TBD,reference_only,DELETED,no matching repository legacy Markdown snapshot; excluded from implementation without a separate Owner re-evaluation
LX-B6E76EA85894,Other non-Walmart,Ads,多平台 / 广告 / Lazada广告,Lazada广告-广告商品报告,/basicOpen/lazadaAd/item/report/list,POST,UNVERIFIED,,docs/integrations/lingxing-walmart-openapi/normalized/deleted_interfaces.csv#LX-B6E76EA85894,NONE,NONE,no verification row,DELETED,yes,yes,P1,TBD,reference_only,DELETED,no matching repository legacy Markdown snapshot; excluded from implementation without a separate Owner re-evaluation
LX-69354216416E,Other non-Walmart,Ads,多平台 / 广告 / Lazada广告,Lazada广告-广告活动报告,/basicOpen/lazadaAd/campaign/report/list,POST,UNVERIFIED,,docs/integrations/lingxing-walmart-openapi/normalized/deleted_interfaces.csv#LX-69354216416E,NONE,NONE,no verification row,DELETED,yes,yes,P1,TBD,reference_only,DELETED,no matching repository legacy Markdown snapshot; excluded from implementation without a separate Owner re-evaluation
LX-CE9EC5C49C4C,Other non-Walmart,Ads,多平台 / 广告 / Lazada广告,Lazada广告-店铺报告,/basicOpen/lazadaAd/store/report/list,POST,UNVERIFIED,,docs/integrations/lingxing-walmart-openapi/normalized/deleted_interfaces.csv#LX-CE9EC5C49C4C,NONE,NONE,no verification row,DELETED,yes,yes,P1,TBD,reference_only,DELETED,no matching repository legacy Markdown snapshot; excluded from implementation without a separate Owner re-evaluation
LX-36563DAFE486,Other non-Walmart,Ads,多平台 / 广告 / Lazada广告,Lazada广告-获取广告活动信息,/basicOpen/lazadaAd/campaign/info,POST,UNVERIFIED,,docs/integrations/lingxing-walmart-openapi/normalized/deleted_interfaces.csv#LX-36563DAFE486,NONE,NONE,no verification row,DELETED,yes,yes,P1,TBD,reference_only,DELETED,no matching repository legacy Markdown snapshot; excluded from implementation without a separate Owner re-evaluation
LX-2C76574F71C3,Unclear/deleted,Ads,广告 / 报告,SB关键词-广告位报告,/pb/openapi/newad/listHsaKeywordPlacementReport,POST,UNVERIFIED,,docs/integrations/lingxing-walmart-openapi/normalized/deleted_interfaces.csv#LX-2C76574F71C3,NONE,NONE,no verification row,DELETED,yes,yes,P1,TBD,reference_only,DELETED,no matching repository legacy Markdown snapshot; excluded from implementation without a separate Owner re-evaluation
LX-D5802011AD7B,Amazon,Ads,广告 / 报告,SB分摊,/pb/openapi/newad/sbDivideAsinReports,POST,UNVERIFIED,,docs/integrations/lingxing-walmart-openapi/normalized/deleted_interfaces.csv#LX-D5802011AD7B,NONE,NONE,no verification row,DELETED,yes,yes,P1,TBD,reference_only,DELETED,no matching repository legacy Markdown snapshot; excluded from implementation without a separate Owner re-evaluation
LX-0CA18307F7A5,Unclear/deleted,Ads,广告 / 报告,SB广告位小时数据,/pb/openapi/newad/sbAdPlacementHourData,POST,UNVERIFIED,,docs/integrations/lingxing-walmart-openapi/normalized/deleted_interfaces.csv#LX-0CA18307F7A5,NONE,NONE,no verification row,DELETED,yes,yes,P1,TBD,reference_only,DELETED,no matching repository legacy Markdown snapshot; excluded from implementation without a separate Owner re-evaluation
LX-B1DDA380B49A,Unclear/deleted,Ads,广告 / 基础数据,SB广告创意,/pb/openapi/newad/hsaProductAds,POST,UNVERIFIED,,docs/integrations/lingxing-walmart-openapi/normalized/deleted_interfaces.csv#LX-B1DDA380B49A,NONE,NONE,no verification row,DELETED,yes,yes,P1,TBD,reference_only,DELETED,no matching repository legacy Markdown snapshot; excluded from implementation without a separate Owner re-evaluation
LX-CA835F6E81F2,Unclear/deleted,Ads,广告 / 报告,SB广告创意报告,/pb/openapi/newad/listHsaProductAdReport,POST,UNVERIFIED,,docs/integrations/lingxing-walmart-openapi/normalized/deleted_interfaces.csv#LX-CA835F6E81F2,NONE,NONE,no verification row,DELETED,yes,yes,P1,TBD,reference_only,DELETED,no matching repository legacy Markdown snapshot; excluded from implementation without a separate Owner re-evaluation
LX-081CA1E01E59,Amazon,Ads,广告 / 报告,SB广告归因于广告的购买报告,/pb/openapi/newad/hsaPurchasedAsinReports,POST,UNVERIFIED,,docs/integrations/lingxing-walmart-openapi/normalized/deleted_interfaces.csv#LX-081CA1E01E59,NONE,NONE,no verification row,DELETED,yes,yes,P1,TBD,reference_only,DELETED,no matching repository legacy Markdown snapshot; excluded from implementation without a separate Owner re-evaluation
LX-AE3D4AE5923A,Unclear/deleted,Ads,广告 / 基础数据,SB广告活动,/pb/openapi/newad/hsaCampaigns,POST,UNVERIFIED,,docs/integrations/lingxing-walmart-openapi/normalized/deleted_interfaces.csv#LX-AE3D4AE5923A,NONE,NONE,no verification row,DELETED,yes,yes,P1,TBD,reference_only,DELETED,no matching repository legacy Markdown snapshot; excluded from implementation without a separate Owner re-evaluation
LX-FE294868EC86,Unclear/deleted,Ads,广告 / 报告,SB广告活动-广告位报告,/pb/openapi/newad/hsaCampaignPlacementReports,POST,UNVERIFIED,,docs/integrations/lingxing-walmart-openapi/normalized/deleted_interfaces.csv#LX-FE294868EC86,NONE,NONE,no verification row,DELETED,yes,yes,P1,TBD,reference_only,DELETED,no matching repository legacy Markdown snapshot; excluded from implementation without a separate Owner re-evaluation
LX-1E023FC3D19A,Unclear/deleted,Ads,广告 / 报告,SB广告活动小时数据,/pb/openapi/newad/sbCampaignHourData,POST,UNVERIFIED,,docs/integrations/lingxing-walmart-openapi/normalized/deleted_interfaces.csv#LX-1E023FC3D19A,NONE,NONE,no verification row,DELETED,yes,yes,P1,TBD,reference_only,DELETED,no matching repository legacy Markdown snapshot; excluded from implementation without a separate Owner re-evaluation
LX-C950D8D237D2,Unclear/deleted,Ads,广告 / 报告,SB广告活动报表,/pb/openapi/newad/hsaCampaignReports,POST,UNVERIFIED,,docs/integrations/lingxing-walmart-openapi/normalized/deleted_interfaces.csv#LX-C950D8D237D2,NONE,NONE,no verification row,DELETED,yes,yes,P1,TBD,reference_only,DELETED,no matching repository legacy Markdown snapshot; excluded from implementation without a separate Owner re-evaluation
LX-5D8D390AB316,Unclear/deleted,Ads,广告 / 基础数据,SB广告的投放,/pb/openapi/newad/sbTargeting,POST,UNVERIFIED,,docs/integrations/lingxing-walmart-openapi/normalized/deleted_interfaces.csv#LX-5D8D390AB316,NONE,NONE,no verification row,DELETED,yes,yes,P1,TBD,reference_only,DELETED,no matching repository legacy Markdown snapshot; excluded from implementation without a separate Owner re-evaluation
LX-A95DBBBEAB65,Unclear/deleted,Ads,广告 / 报告,SB广告的投放报告,/pb/openapi/newad/listHsaTargetingReport,POST,UNVERIFIED,,docs/integrations/lingxing-walmart-openapi/normalized/deleted_interfaces.csv#LX-A95DBBBEAB65,NONE,NONE,no verification row,DELETED,yes,yes,P1,TBD,reference_only,DELETED,no matching repository legacy Markdown snapshot; excluded from implementation without a separate Owner re-evaluation
LX-E5CEAED0EF1C,Unclear/deleted,Ads,广告 / 基础数据,SB广告组,/pb/openapi/newad/hsaAdGroups,POST,UNVERIFIED,,docs/integrations/lingxing-walmart-openapi/normalized/deleted_interfaces.csv#LX-E5CEAED0EF1C,NONE,NONE,no verification row,DELETED,yes,yes,P1,TBD,reference_only,DELETED,no matching repository legacy Markdown snapshot; excluded from implementation without a separate Owner re-evaluation
LX-C9638FBFB409,Unclear/deleted,Ads,广告 / 报告,SB广告组小时数据,/pb/openapi/newad/sbAdGroupHourData,POST,UNVERIFIED,,docs/integrations/lingxing-walmart-openapi/normalized/deleted_interfaces.csv#LX-C9638FBFB409,NONE,NONE,no verification row,DELETED,yes,yes,P1,TBD,reference_only,DELETED,no matching repository legacy Markdown snapshot; excluded from implementation without a separate Owner re-evaluation
LX-F12CABEAD851,Unclear/deleted,Ads,广告 / 报告,SB广告组报表,/pb/openapi/newad/hsaAdGroupReports,POST,UNVERIFIED,,docs/integrations/lingxing-walmart-openapi/normalized/deleted_interfaces.csv#LX-F12CABEAD851,NONE,NONE,no verification row,DELETED,yes,yes,P1,TBD,reference_only,DELETED,no matching repository legacy Markdown snapshot; excluded from implementation without a separate Owner re-evaluation
LX-BC26A7360C61,Unclear/deleted,Ads,广告 / 报告,SB用户搜索词报表,/pb/openapi/newad/hsaQueryWordReports,POST,UNVERIFIED,,docs/integrations/lingxing-walmart-openapi/normalized/deleted_interfaces.csv#LX-BC26A7360C61,NONE,NONE,no verification row,DELETED,yes,yes,P1,TBD,reference_only,DELETED,no matching repository legacy Markdown snapshot; excluded from implementation without a separate Owner re-evaluation
LX-50D26DEA4A44,Unclear/deleted,Ads,广告 / 报告,SD匹配的目标报表,/pb/openapi/newad/sdMatchTargetReports,POST,UNVERIFIED,,docs/integrations/lingxing-walmart-openapi/normalized/deleted_interfaces.csv#LX-50D26DEA4A44,NONE,NONE,no verification row,DELETED,yes,yes,P1,TBD,reference_only,DELETED,no matching repository legacy Markdown snapshot; excluded from implementation without a separate Owner re-evaluation
LX-C1DB5C9E8689,Unclear/deleted,Ads,广告 / 基础数据,SD广告商品,/pb/openapi/newad/sdProductAds,POST,UNVERIFIED,,docs/integrations/lingxing-walmart-openapi/normalized/deleted_interfaces.csv#LX-C1DB5C9E8689,NONE,NONE,no verification row,DELETED,yes,yes,P1,TBD,reference_only,DELETED,no matching repository legacy Markdown snapshot; excluded from implementation without a separate Owner re-evaluation
LX-3666EC6CF367,Unclear/deleted,Ads,广告 / 报告,SD广告小时数据,/pb/openapi/newad/sdAdvertiseHourData,POST,UNVERIFIED,,docs/integrations/lingxing-walmart-openapi/normalized/deleted_interfaces.csv#LX-3666EC6CF367,NONE,NONE,no verification row,DELETED,yes,yes,P1,TBD,reference_only,DELETED,no matching repository legacy Markdown snapshot; excluded from implementation without a separate Owner re-evaluation
LX-8886AA112D0B,Unclear/deleted,Ads,广告 / 基础数据,SD广告活动,/pb/openapi/newad/sdCampaigns,POST,UNVERIFIED,,docs/integrations/lingxing-walmart-openapi/normalized/deleted_interfaces.csv#LX-8886AA112D0B,NONE,NONE,no verification row,DELETED,yes,yes,P1,TBD,reference_only,DELETED,no matching repository legacy Markdown snapshot; excluded from implementation without a separate Owner re-evaluation
LX-683AC66EF916,Unclear/deleted,Ads,广告 / 报告,SD广告活动小时数据,/pb/openapi/newad/sdCampaignHourData,POST,UNVERIFIED,,docs/integrations/lingxing-walmart-openapi/normalized/deleted_interfaces.csv#LX-683AC66EF916,NONE,NONE,no verification row,DELETED,yes,yes,P1,TBD,reference_only,DELETED,no matching repository legacy Markdown snapshot; excluded from implementation without a separate Owner re-evaluation
LX-E0BADE8A2D2E,Unclear/deleted,Ads,广告 / 报告,SD广告活动报表,/pb/openapi/newad/sdCampaignReports,POST,UNVERIFIED,,docs/integrations/lingxing-walmart-openapi/normalized/deleted_interfaces.csv#LX-E0BADE8A2D2E,NONE,NONE,no verification row,DELETED,yes,yes,P1,TBD,reference_only,DELETED,no matching repository legacy Markdown snapshot; excluded from implementation without a separate Owner re-evaluation
LX-7AFEB8F0F72E,Unclear/deleted,Ads,广告 / 基础数据,SD广告组,/pb/openapi/newad/sdAdGroups,POST,UNVERIFIED,,docs/integrations/lingxing-walmart-openapi/normalized/deleted_interfaces.csv#LX-7AFEB8F0F72E,NONE,NONE,no verification row,DELETED,yes,yes,P1,TBD,reference_only,DELETED,no matching repository legacy Markdown snapshot; excluded from implementation without a separate Owner re-evaluation
LX-089548657F54,Unclear/deleted,Ads,广告 / 报告,SD广告组小时数据,/pb/openapi/newad/sdAdGroupHourData,POST,UNVERIFIED,,docs/integrations/lingxing-walmart-openapi/normalized/deleted_interfaces.csv#LX-089548657F54,NONE,NONE,no verification row,DELETED,yes,yes,P1,TBD,reference_only,DELETED,no matching repository legacy Markdown snapshot; excluded from implementation without a separate Owner re-evaluation
LX-EBCD04C65F4E,Unclear/deleted,Ads,广告 / 报告,SD广告组报表,/pb/openapi/newad/sdAdGroupReports,POST,UNVERIFIED,,docs/integrations/lingxing-walmart-openapi/normalized/deleted_interfaces.csv#LX-EBCD04C65F4E,NONE,NONE,no verification row,DELETED,yes,yes,P1,TBD,reference_only,DELETED,no matching repository legacy Markdown snapshot; excluded from implementation without a separate Owner re-evaluation
LX-8BB06733247F,Unclear/deleted,Ads,广告 / 报告,SP关键词报表,/pb/openapi/newad/spKeywordReports,POST,UNVERIFIED,,docs/integrations/lingxing-walmart-openapi/normalized/deleted_interfaces.csv#LX-8BB06733247F,NONE,NONE,no verification row,DELETED,yes,yes,P1,TBD,reference_only,DELETED,no matching repository legacy Markdown snapshot; excluded from implementation without a separate Owner re-evaluation
LX-A1D292BDA8E7,Unclear/deleted,Ads,广告 / 报告,SP广告位小时数据,/pb/openapi/newad/spAdPlacementHourData,POST,UNVERIFIED,,docs/integrations/lingxing-walmart-openapi/normalized/deleted_interfaces.csv#LX-A1D292BDA8E7,NONE,NONE,no verification row,DELETED,yes,yes,P1,TBD,reference_only,DELETED,no matching repository legacy Markdown snapshot; excluded from implementation without a separate Owner re-evaluation
LX-105B76D1B35F,Unclear/deleted,Ads,广告 / 报告,SP广告位报告,/pb/openapi/newad/campaignPlacementReports,POST,UNVERIFIED,,docs/integrations/lingxing-walmart-openapi/normalized/deleted_interfaces.csv#LX-105B76D1B35F,NONE,NONE,no verification row,DELETED,yes,yes,P1,TBD,reference_only,DELETED,no matching repository legacy Markdown snapshot; excluded from implementation without a separate Owner re-evaluation
LX-48768797B0AD,Amazon,Ads,广告 / 广告管理,SP广告否定投放（ASIN）,/basicOpen/adReport/spTarget/addNegativeTargets,POST,UNVERIFIED,,docs/integrations/lingxing-walmart-openapi/normalized/deleted_interfaces.csv#LX-48768797B0AD,NONE,NONE,no verification row,DELETED,yes,yes,P1,TBD,reference_only,DELETED,no matching repository legacy Markdown snapshot; excluded from implementation without a separate Owner re-evaluation
LX-D0C19BD07910,Amazon,Ads,广告 / 广告管理,SP广告否定词归档,/basicOpen/adReport/spTarget/archiveNegatives,POST,UNVERIFIED,,docs/integrations/lingxing-walmart-openapi/normalized/deleted_interfaces.csv#LX-D0C19BD07910,NONE,NONE,no verification row,DELETED,yes,yes,P1,TBD,reference_only,DELETED,no matching repository legacy Markdown snapshot; excluded from implementation without a separate Owner re-evaluation
LX-D829D61656DF,Unclear/deleted,Ads,广告 / 基础数据,SP广告商品,/pb/openapi/newad/spProductAds,POST,UNVERIFIED,,docs/integrations/lingxing-walmart-openapi/normalized/deleted_interfaces.csv#LX-D829D61656DF,NONE,NONE,no verification row,DELETED,yes,yes,P1,TBD,reference_only,DELETED,no matching repository legacy Markdown snapshot; excluded from implementation without a separate Owner re-evaluation
LX-5F9FB329CC07,Unclear/deleted,Ads,广告 / 报告,SP广告小时数据,/pb/openapi/newad/spAdvertiseHourData,POST,UNVERIFIED,,docs/integrations/lingxing-walmart-openapi/normalized/deleted_interfaces.csv#LX-5F9FB329CC07,NONE,NONE,no verification row,DELETED,yes,yes,P1,TBD,reference_only,DELETED,no matching repository legacy Markdown snapshot; excluded from implementation without a separate Owner re-evaluation
LX-AC04F2FEE378,Amazon,Ads,广告 / 基础数据,SP广告活动,/pb/openapi/newad/spCampaigns,POST,UNVERIFIED,,docs/integrations/lingxing-walmart-openapi/normalized/deleted_interfaces.csv#LX-AC04F2FEE378,NONE,NONE,no verification row,DELETED,yes,yes,P1,TBD,reference_only,DELETED,no matching repository legacy Markdown snapshot; excluded from implementation without a separate Owner re-evaluation
LX-B85589C6BB4D,Unclear/deleted,Ads,广告 / 报告,SP广告活动小时数据,/pb/openapi/newad/spCampaignHourData,POST,UNVERIFIED,,docs/integrations/lingxing-walmart-openapi/normalized/deleted_interfaces.csv#LX-B85589C6BB4D,NONE,NONE,no verification row,DELETED,yes,yes,P1,TBD,reference_only,DELETED,no matching repository legacy Markdown snapshot; excluded from implementation without a separate Owner re-evaluation
LX-3E6843A8C9D5,Unclear/deleted,Ads,广告 / 报告,SP广告活动报表,/pb/openapi/newad/spCampaignReports,POST,UNVERIFIED,,docs/integrations/lingxing-walmart-openapi/normalized/deleted_interfaces.csv#LX-3E6843A8C9D5,NONE,NONE,no verification row,DELETED,yes,yes,P1,TBD,reference_only,DELETED,no matching repository legacy Markdown snapshot; excluded from implementation without a separate Owner re-evaluation
LX-406619228BA7,Unclear/deleted,Ads,广告 / 基础数据,SP广告组,/pb/openapi/newad/spAdGroups,POST,UNVERIFIED,,docs/integrations/lingxing-walmart-openapi/normalized/deleted_interfaces.csv#LX-406619228BA7,NONE,NONE,no verification row,DELETED,yes,yes,P1,TBD,reference_only,DELETED,no matching repository legacy Markdown snapshot; excluded from implementation without a separate Owner re-evaluation
LX-783BFCE74EAA,Unclear/deleted,Ads,广告 / 报告,SP广告组小时数据,/pb/openapi/newad/spAdGroupHourData,POST,UNVERIFIED,,docs/integrations/lingxing-walmart-openapi/normalized/deleted_interfaces.csv#LX-783BFCE74EAA,NONE,NONE,no verification row,DELETED,yes,yes,P1,TBD,reference_only,DELETED,no matching repository legacy Markdown snapshot; excluded from implementation without a separate Owner re-evaluation
LX-64E265301BB4,Unclear/deleted,Ads,广告 / 报告,SP广告组报表,/pb/openapi/newad/spAdGroupReports,POST,UNVERIFIED,,docs/integrations/lingxing-walmart-openapi/normalized/deleted_interfaces.csv#LX-64E265301BB4,NONE,NONE,no verification row,DELETED,yes,yes,P1,TBD,reference_only,DELETED,no matching repository legacy Markdown snapshot; excluded from implementation without a separate Owner re-evaluation
LX-90910B1B184B,Unclear/deleted,Ads,广告 / 报告,SP用户搜索词报表,/pb/openapi/newad/queryWordReports,POST,UNVERIFIED,,docs/integrations/lingxing-walmart-openapi/normalized/deleted_interfaces.csv#LX-90910B1B184B,NONE,NONE,no verification row,DELETED,yes,yes,P1,TBD,reference_only,DELETED,no matching repository legacy Markdown snapshot; excluded from implementation without a separate Owner re-evaluation
LX-4EDA0C221DF4,Lingxing ERP (platform scope unverified),Ads,工具,关键词列表,/erp/sc/routing/tool/toolKeywordRank/getKeywordList,POST,UNVERIFIED,,docs/integrations/lingxing-walmart-openapi/normalized/interfaces.csv#LX-4EDA0C221DF4,docs/integrations/lingxing-walmart-openapi/normalized/request_params.csv#LX-4EDA0C221DF4 (5 rows),docs/integrations/lingxing-walmart-openapi/normalized/response_fields.csv#LX-4EDA0C221DF4 (29 rows),doc=文档已收录; tested=未验证; phase1=待评估,READY_FOR_PRP,no,no,P1,广告,candidate_source_read,AUTH_UNKNOWN,no matching repository legacy Markdown snapshot; structurally eligible for PRP only; not provider-verified or call-authorized
LX-65212D74C69C,Other non-Walmart,Ads,多平台 / 广告 / Shopee广告,分页查询广告活动报告列表,/basicOpen/multiplatform/ads/shopee/campaign/report/list,POST,UNVERIFIED,,docs/integrations/lingxing-walmart-openapi/normalized/deleted_interfaces.csv#LX-65212D74C69C,NONE,NONE,no verification row,DELETED,yes,yes,P1,TBD,reference_only,DELETED,no matching repository legacy Markdown snapshot; excluded from implementation without a separate Owner re-evaluation
LX-7B74822BC7D8,Amazon,Ads,广告 / 分析,广告分析-关键词分析,/basicOpen/adReport/analyze/keyword,POST,UNVERIFIED,,docs/integrations/lingxing-walmart-openapi/normalized/deleted_interfaces.csv#LX-7B74822BC7D8,NONE,NONE,no verification row,DELETED,yes,yes,P1,TBD,reference_only,DELETED,no matching repository legacy Markdown snapshot; excluded from implementation without a separate Owner re-evaluation
LX-32B0211085C2,Amazon,Ads,广告 / 分析,广告分析-搜索词分析,/basicOpen/adReport/analyze/searchTerm,POST,UNVERIFIED,,docs/integrations/lingxing-walmart-openapi/normalized/deleted_interfaces.csv#LX-32B0211085C2,NONE,NONE,no verification row,DELETED,yes,yes,P1,TBD,reference_only,DELETED,no matching repository legacy Markdown snapshot; excluded from implementation without a separate Owner re-evaluation
LX-D4CCE5E32FEF,Unclear/deleted,Ads,广告 / 基础数据,广告组合,/pb/openapi/newad/portfolios,POST,UNVERIFIED,,docs/integrations/lingxing-walmart-openapi/normalized/deleted_interfaces.csv#LX-D4CCE5E32FEF,NONE,NONE,no verification row,DELETED,yes,yes,P1,TBD,reference_only,DELETED,no matching repository legacy Markdown snapshot; excluded from implementation without a separate Owner re-evaluation
LX-E57F75843A1E,Unclear/deleted,Ads,广告 / 报告,查询DSP广告主列表,/newad/dspAdvertiserList,POST,UNVERIFIED,,docs/integrations/lingxing-walmart-openapi/normalized/deleted_interfaces.csv#LX-E57F75843A1E,NONE,NONE,no verification row,DELETED,yes,yes,P1,TBD,reference_only,DELETED,no matching repository legacy Markdown snapshot; excluded from implementation without a separate Owner re-evaluation
LX-C7CF27891143,Other non-Walmart,Ads,多平台 / 广告 / TikTok广告,查询TikTok-GMV MAX-广告帐号,/basicOpen/multiplatform/ads/queryGmvAdvertiserReportList,POST,UNVERIFIED,,docs/integrations/lingxing-walmart-openapi/normalized/deleted_interfaces.csv#LX-C7CF27891143,NONE,NONE,no verification row,DELETED,yes,yes,P1,TBD,reference_only,DELETED,no matching repository legacy Markdown snapshot; excluded from implementation without a separate Owner re-evaluation
LX-D9AA1ED2CEE4,Amazon,Ads,多平台 / 广告 / TikTok广告,查询TikTok-GMV MAX-推广系列,/basicOpen/multiplatform/ads/queryGmvCampaignReportList,POST,UNVERIFIED,,docs/integrations/lingxing-walmart-openapi/normalized/deleted_interfaces.csv#LX-D9AA1ED2CEE4,NONE,NONE,no verification row,DELETED,yes,yes,P1,TBD,reference_only,DELETED,no matching repository legacy Markdown snapshot; excluded from implementation without a separate Owner re-evaluation
LX-3FB27E07164F,Other non-Walmart,Ads,多平台 / 广告 / TikTok广告,查询TikTok-推广广告-广告,/basicOpen/multiplatform/ads/queryTiktokAdList,POST,UNVERIFIED,,docs/integrations/lingxing-walmart-openapi/normalized/deleted_interfaces.csv#LX-3FB27E07164F,NONE,NONE,no verification row,DELETED,yes,yes,P1,TBD,reference_only,DELETED,no matching repository legacy Markdown snapshot; excluded from implementation without a separate Owner re-evaluation
LX-90C0E7FD777B,Other non-Walmart,Ads,多平台 / 广告 / TikTok广告,查询TikTok-推广广告-广告帐号,/basicOpen/multiplatform/ads/queryAdvertiserList,POST,UNVERIFIED,,docs/integrations/lingxing-walmart-openapi/normalized/deleted_interfaces.csv#LX-90C0E7FD777B,NONE,NONE,no verification row,DELETED,yes,yes,P1,TBD,reference_only,DELETED,no matching repository legacy Markdown snapshot; excluded from implementation without a separate Owner re-evaluation
LX-C07CE62AA6EA,Other non-Walmart,Ads,多平台 / 广告 / TikTok广告,查询TikTok-推广广告-广告帐号,/basicOpen/multiplatform/ads/queryCommonAdvertiserList,POST,UNVERIFIED,,docs/integrations/lingxing-walmart-openapi/normalized/deleted_interfaces.csv#LX-C07CE62AA6EA,NONE,NONE,no verification row,DELETED,yes,yes,P1,TBD,reference_only,DELETED,no matching repository legacy Markdown snapshot; excluded from implementation without a separate Owner re-evaluation
LX-1BB66404CC4A,Other non-Walmart,Ads,多平台 / 广告 / TikTok广告,查询TikTok-推广广告-广告系列,/basicOpen/multiplatform/ads/queryTiktokCampaignList,POST,UNVERIFIED,,docs/integrations/lingxing-walmart-openapi/normalized/deleted_interfaces.csv#LX-1BB66404CC4A,NONE,NONE,no verification row,DELETED,yes,yes,P1,TBD,reference_only,DELETED,no matching repository legacy Markdown snapshot; excluded from implementation without a separate Owner re-evaluation
LX-A6B9EE3C2926,Other non-Walmart,Ads,多平台 / 广告 / TikTok广告,查询TikTok-推广广告-广告组,/basicOpen/multiplatform/ads/queryTiktokAdGroupList,POST,UNVERIFIED,,docs/integrations/lingxing-walmart-openapi/normalized/deleted_interfaces.csv#LX-A6B9EE3C2926,NONE,NONE,no verification row,DELETED,yes,yes,P1,TBD,reference_only,DELETED,no matching repository legacy Markdown snapshot; excluded from implementation without a separate Owner re-evaluation
LX-2454C40DBB80,Lingxing ERP (platform scope unverified),Ads,财务,查询广告发票列表,/bd/profit/report/open/report/ads/invoice/list,POST,UNVERIFIED,,docs/integrations/lingxing-walmart-openapi/normalized/interfaces.csv#LX-2454C40DBB80,docs/integrations/lingxing-walmart-openapi/normalized/request_params.csv#LX-2454C40DBB80 (9 rows),docs/integrations/lingxing-walmart-openapi/normalized/response_fields.csv#LX-2454C40DBB80 (21 rows),doc=文档已收录; tested=未验证; phase1=待评估,READY_FOR_PRP,no,no,P1,广告; 财务,candidate_source_read,AUTH_UNKNOWN,no matching repository legacy Markdown snapshot; structurally eligible for PRP only; not provider-verified or call-authorized
LX-7106755764A4,Lingxing ERP (platform scope unverified),Ads,财务,查询广告发票基本信息,/bd/profit/report/open/report/ads/invoice/detail,POST,UNVERIFIED,,docs/integrations/lingxing-walmart-openapi/normalized/interfaces.csv#LX-7106755764A4,docs/integrations/lingxing-walmart-openapi/normalized/request_params.csv#LX-7106755764A4 (2 rows),docs/integrations/lingxing-walmart-openapi/normalized/response_fields.csv#LX-7106755764A4 (15 rows),doc=文档已收录; tested=未验证; phase1=待评估,READY_FOR_PRP,no,no,P1,广告; 财务,candidate_source_read,AUTH_UNKNOWN,no matching repository legacy Markdown snapshot; structurally eligible for PRP only; not provider-verified or call-authorized
LX-A8A460011763,Lingxing ERP (platform scope unverified),Ads,财务,查询广告发票活动列表,/bd/profit/report/open/report/ads/invoice/campaign/list,POST,UNVERIFIED,,docs/integrations/lingxing-walmart-openapi/normalized/interfaces.csv#LX-A8A460011763,docs/integrations/lingxing-walmart-openapi/normalized/request_params.csv#LX-A8A460011763 (7 rows),docs/integrations/lingxing-walmart-openapi/normalized/response_fields.csv#LX-A8A460011763 (17 rows),doc=文档已收录; tested=未验证; phase1=待评估,READY_FOR_PRP,no,no,P1,广告; 财务,candidate_source_read,AUTH_UNKNOWN,no matching repository legacy Markdown snapshot; structurally eligible for PRP only; not provider-verified or call-authorized
LX-DA80CC5D8249,Unclear/deleted,Ads,广告 / 基础数据,查询广告账号列表,/basicOpen/baseData/account/list,POST,UNVERIFIED,,docs/integrations/lingxing-walmart-openapi/normalized/deleted_interfaces.csv#LX-DA80CC5D8249,NONE,NONE,no verification row,DELETED,yes,yes,P1,TBD,reference_only,DELETED,no matching repository legacy Markdown snapshot; excluded from implementation without a separate Owner re-evaluation
LX-1AD86690E18F,Walmart,Ads,多平台 / 广告 / Walmart广告,查询沃尔玛-广告 - SB广告 - 关键词,/basicOpen/multiplatform/ads/reportKeywordSbList,POST,UNVERIFIED,,docs/integrations/lingxing-walmart-openapi/normalized/interfaces.csv#LX-1AD86690E18F,docs/integrations/lingxing-walmart-openapi/normalized/request_params.csv#LX-1AD86690E18F (14 rows),docs/integrations/lingxing-walmart-openapi/normalized/response_fields.csv#LX-1AD86690E18F (86 rows),doc=文档已收录; tested=未验证; phase1=待评估,READY_FOR_PRP,no,no,P1,Walmart; 广告,candidate_source_read,AUTH_UNKNOWN,no matching repository legacy Markdown snapshot; structurally eligible for PRP only; not provider-verified or call-authorized
LX-5182D556071A,Walmart,Ads,多平台 / 广告 / Walmart广告,查询沃尔玛-广告 - SB广告 - 平台,/basicOpen/multiplatform/ads/reportPlatformSbList,POST,UNVERIFIED,,docs/integrations/lingxing-walmart-openapi/normalized/interfaces.csv#LX-5182D556071A,docs/integrations/lingxing-walmart-openapi/normalized/request_params.csv#LX-5182D556071A (15 rows),docs/integrations/lingxing-walmart-openapi/normalized/response_fields.csv#LX-5182D556071A (53 rows),doc=文档已收录; tested=未验证; phase1=待评估,READY_FOR_PRP,no,no,P1,Walmart; 广告,candidate_source_read,AUTH_UNKNOWN,no matching repository legacy Markdown snapshot; structurally eligible for PRP only; not provider-verified or call-authorized
LX-EAFAEC4B71CF,Walmart,Ads,多平台 / 广告 / Walmart广告,查询沃尔玛-广告 - SB广告 - 广告,/basicOpen/multiplatform/ads/reportAdItemSbList,POST,UNVERIFIED,,docs/integrations/lingxing-walmart-openapi/normalized/interfaces.csv#LX-EAFAEC4B71CF,docs/integrations/lingxing-walmart-openapi/normalized/request_params.csv#LX-EAFAEC4B71CF (15 rows),docs/integrations/lingxing-walmart-openapi/normalized/response_fields.csv#LX-EAFAEC4B71CF (71 rows),doc=文档已收录; tested=未验证; phase1=待评估,READY_FOR_PRP,no,no,P1,Walmart; 广告,candidate_source_read,AUTH_UNKNOWN,no matching repository legacy Markdown snapshot; structurally eligible for PRP only; not provider-verified or call-authorized
LX-FD59C74A55D7,Walmart,Ads,多平台 / 广告 / Walmart广告,查询沃尔玛-广告 - SB广告 - 广告活动,/basicOpen/multiplatform/ads/reportCampaignSbList,POST,UNVERIFIED,,docs/integrations/lingxing-walmart-openapi/normalized/interfaces.csv#LX-FD59C74A55D7,docs/integrations/lingxing-walmart-openapi/normalized/request_params.csv#LX-FD59C74A55D7 (14 rows),docs/integrations/lingxing-walmart-openapi/normalized/response_fields.csv#LX-FD59C74A55D7 (83 rows),doc=文档已收录; tested=未验证; phase1=待评估,READY_FOR_PRP,no,no,P1,Walmart; 广告,candidate_source_read,AUTH_UNKNOWN,no matching repository legacy Markdown snapshot; structurally eligible for PRP only; not provider-verified or call-authorized
LX-7C855BFAF5AA,Walmart,Ads,多平台 / 广告 / Walmart广告,查询沃尔玛-广告 - SB广告 - 广告组,/basicOpen/multiplatform/ads/reportAdGroupSbList,POST,UNVERIFIED,,docs/integrations/lingxing-walmart-openapi/normalized/interfaces.csv#LX-7C855BFAF5AA,docs/integrations/lingxing-walmart-openapi/normalized/request_params.csv#LX-7C855BFAF5AA (14 rows),docs/integrations/lingxing-walmart-openapi/normalized/response_fields.csv#LX-7C855BFAF5AA (46 rows),doc=文档已收录; tested=未验证; phase1=待评估,READY_FOR_PRP,no,no,P1,Walmart; 广告,candidate_source_read,AUTH_UNKNOWN,no matching repository legacy Markdown snapshot; structurally eligible for PRP only; not provider-verified or call-authorized
LX-6D6235392322,Walmart,Ads,多平台 / 广告 / Walmart广告,查询沃尔玛-广告 - SB广告 - 页面类型,/basicOpen/multiplatform/ads/reportPageTypeSbList,POST,UNVERIFIED,,docs/integrations/lingxing-walmart-openapi/normalized/interfaces.csv#LX-6D6235392322,docs/integrations/lingxing-walmart-openapi/normalized/request_params.csv#LX-6D6235392322 (16 rows),docs/integrations/lingxing-walmart-openapi/normalized/response_fields.csv#LX-6D6235392322 (52 rows),doc=文档已收录; tested=未验证; phase1=待评估,READY_FOR_PRP,no,no,P1,Walmart; 广告,candidate_source_read,AUTH_UNKNOWN,no matching repository legacy Markdown snapshot; structurally eligible for PRP only; not provider-verified or call-authorized
LX-434F316A392B,Walmart,Ads,多平台 / 广告 / Walmart广告,查询沃尔玛-广告 - SP广告 - 关键词,/basicOpen/multiplatform/ads/reportKeywordSpList,POST,UNVERIFIED,,docs/integrations/lingxing-walmart-openapi/normalized/interfaces.csv#LX-434F316A392B,docs/integrations/lingxing-walmart-openapi/normalized/request_params.csv#LX-434F316A392B (14 rows),docs/integrations/lingxing-walmart-openapi/normalized/response_fields.csv#LX-434F316A392B (86 rows),doc=文档已收录; tested=未验证; phase1=待评估,READY_FOR_PRP,no,no,P1,Walmart; 广告,candidate_source_read,AUTH_UNKNOWN,no matching repository legacy Markdown snapshot; structurally eligible for PRP only; not provider-verified or call-authorized
LX-646C5878A4CE,Walmart,Ads,多平台 / 广告 / Walmart广告,查询沃尔玛-广告 - SP广告 - 平台,/basicOpen/multiplatform/ads/reportPlatformSpList,POST,UNVERIFIED,,docs/integrations/lingxing-walmart-openapi/normalized/interfaces.csv#LX-646C5878A4CE,docs/integrations/lingxing-walmart-openapi/normalized/request_params.csv#LX-646C5878A4CE (15 rows),docs/integrations/lingxing-walmart-openapi/normalized/response_fields.csv#LX-646C5878A4CE (53 rows),doc=文档已收录; tested=未验证; phase1=待评估,READY_FOR_PRP,no,no,P1,Walmart; 广告,candidate_source_read,AUTH_UNKNOWN,no matching repository legacy Markdown snapshot; structurally eligible for PRP only; not provider-verified or call-authorized
LX-0CB86D55776C,Walmart,Ads,多平台 / 广告 / Walmart广告,查询沃尔玛-广告 - SP广告 - 广告,/basicOpen/multiplatform/ads/reportAdItemSpList,POST,HTTPS,old-system/source/docs/lingxing/MultiPlatform/Advertisement/walmart-reportAdItemSpList_17.md,docs/integrations/lingxing-walmart-openapi/normalized/interfaces.csv#LX-0CB86D55776C,docs/integrations/lingxing-walmart-openapi/normalized/request_params.csv#LX-0CB86D55776C (15 rows),docs/integrations/lingxing-walmart-openapi/normalized/response_fields.csv#LX-0CB86D55776C (71 rows),doc=文档已收录; tested=未验证; phase1=待评估,READY_FOR_PRP,no,no,P1,Walmart; 广告,candidate_source_read,AUTH_UNKNOWN,structurally eligible for PRP only; not provider-verified or call-authorized
LX-058A66EC8E8E,Walmart,Ads,多平台 / 广告 / Walmart广告,查询沃尔玛-广告 - SP广告 - 广告活动,/basicOpen/multiplatform/ads/queryCampaignSpList,POST,UNVERIFIED,,docs/integrations/lingxing-walmart-openapi/normalized/interfaces.csv#LX-058A66EC8E8E,docs/integrations/lingxing-walmart-openapi/normalized/request_params.csv#LX-058A66EC8E8E (14 rows),docs/integrations/lingxing-walmart-openapi/normalized/response_fields.csv#LX-058A66EC8E8E (72 rows),doc=文档已收录; tested=未验证; phase1=待评估,READY_FOR_PRP,no,no,P1,Walmart; 广告,candidate_source_read,AUTH_UNKNOWN,no matching repository legacy Markdown snapshot; structurally eligible for PRP only; not provider-verified or call-authorized
LX-31720B315BD9,Walmart,Ads,多平台 / 广告 / Walmart广告,查询沃尔玛-广告 - SP广告 - 广告组,/basicOpen/multiplatform/ads/queryGroupSpList,POST,UNVERIFIED,,docs/integrations/lingxing-walmart-openapi/normalized/interfaces.csv#LX-31720B315BD9,docs/integrations/lingxing-walmart-openapi/normalized/request_params.csv#LX-31720B315BD9 (14 rows),docs/integrations/lingxing-walmart-openapi/normalized/response_fields.csv#LX-31720B315BD9 (46 rows),doc=文档已收录; tested=未验证; phase1=待评估,READY_FOR_PRP,no,no,P1,Walmart; 广告,candidate_source_read,AUTH_UNKNOWN,no matching repository legacy Markdown snapshot; structurally eligible for PRP only; not provider-verified or call-authorized
LX-5779B4C3F664,Walmart,Ads,多平台 / 广告 / Walmart广告,查询沃尔玛-广告 - SP广告 - 页面类型,/basicOpen/multiplatform/ads/queryPageTypeSPList,POST,UNVERIFIED,,docs/integrations/lingxing-walmart-openapi/normalized/interfaces.csv#LX-5779B4C3F664,docs/integrations/lingxing-walmart-openapi/normalized/request_params.csv#LX-5779B4C3F664 (11 rows),docs/integrations/lingxing-walmart-openapi/normalized/response_fields.csv#LX-5779B4C3F664 (33 rows),doc=文档已收录; tested=未验证; phase1=待评估,READY_FOR_PRP,no,no,P1,Walmart; 广告,candidate_source_read,AUTH_UNKNOWN,no matching repository legacy Markdown snapshot; structurally eligible for PRP only; not provider-verified or call-authorized
LX-DD135F34D7C2,Walmart,Ads,多平台 / 广告 / Walmart广告,查询沃尔玛-广告 - SV广告 - 关键词,/basicOpen/multiplatform/ads/reportKeywordSvList,POST,UNVERIFIED,,docs/integrations/lingxing-walmart-openapi/normalized/interfaces.csv#LX-DD135F34D7C2,docs/integrations/lingxing-walmart-openapi/normalized/request_params.csv#LX-DD135F34D7C2 (14 rows),docs/integrations/lingxing-walmart-openapi/normalized/response_fields.csv#LX-DD135F34D7C2 (86 rows),doc=文档已收录; tested=未验证; phase1=待评估,READY_FOR_PRP,no,no,P1,Walmart; 广告,candidate_source_read,AUTH_UNKNOWN,no matching repository legacy Markdown snapshot; structurally eligible for PRP only; not provider-verified or call-authorized
LX-F47DF22109CA,Walmart,Ads,多平台 / 广告 / Walmart广告,查询沃尔玛-广告 - SV广告 - 平台,/basicOpen/multiplatform/ads/reportPlatformSvList,POST,UNVERIFIED,,docs/integrations/lingxing-walmart-openapi/normalized/interfaces.csv#LX-F47DF22109CA,docs/integrations/lingxing-walmart-openapi/normalized/request_params.csv#LX-F47DF22109CA (15 rows),docs/integrations/lingxing-walmart-openapi/normalized/response_fields.csv#LX-F47DF22109CA (53 rows),doc=文档已收录; tested=未验证; phase1=待评估,READY_FOR_PRP,no,no,P1,Walmart; 广告,candidate_source_read,AUTH_UNKNOWN,no matching repository legacy Markdown snapshot; structurally eligible for PRP only; not provider-verified or call-authorized
LX-40C3F27491DD,Walmart,Ads,多平台 / 广告 / Walmart广告,查询沃尔玛-广告 - SV广告 - 广告,/basicOpen/multiplatform/ads/reportAdItemSvList,POST,UNVERIFIED,,docs/integrations/lingxing-walmart-openapi/normalized/interfaces.csv#LX-40C3F27491DD,docs/integrations/lingxing-walmart-openapi/normalized/request_params.csv#LX-40C3F27491DD (15 rows),docs/integrations/lingxing-walmart-openapi/normalized/response_fields.csv#LX-40C3F27491DD (71 rows),doc=文档已收录; tested=未验证; phase1=待评估,READY_FOR_PRP,no,no,P1,Walmart; 广告,candidate_source_read,AUTH_UNKNOWN,no matching repository legacy Markdown snapshot; structurally eligible for PRP only; not provider-verified or call-authorized
LX-86309AAB2BAC,Walmart,Ads,多平台 / 广告 / Walmart广告,查询沃尔玛-广告 - SV广告 - 广告活动,/basicOpen/multiplatform/ads/reportCampaignSvList,POST,UNVERIFIED,,docs/integrations/lingxing-walmart-openapi/normalized/interfaces.csv#LX-86309AAB2BAC,docs/integrations/lingxing-walmart-openapi/normalized/request_params.csv#LX-86309AAB2BAC (14 rows),docs/integrations/lingxing-walmart-openapi/normalized/response_fields.csv#LX-86309AAB2BAC (83 rows),doc=文档已收录; tested=未验证; phase1=待评估,READY_FOR_PRP,no,no,P1,Walmart; 广告,candidate_source_read,AUTH_UNKNOWN,no matching repository legacy Markdown snapshot; structurally eligible for PRP only; not provider-verified or call-authorized
LX-541F3B11E6DE,Walmart,Ads,多平台 / 广告 / Walmart广告,查询沃尔玛-广告 - SV广告 - 广告组,/basicOpen/multiplatform/ads/queryAdGroupSvList,POST,UNVERIFIED,,docs/integrations/lingxing-walmart-openapi/normalized/interfaces.csv#LX-541F3B11E6DE,docs/integrations/lingxing-walmart-openapi/normalized/request_params.csv#LX-541F3B11E6DE (17 rows),docs/integrations/lingxing-walmart-openapi/normalized/response_fields.csv#LX-541F3B11E6DE (46 rows),doc=文档已收录; tested=未验证; phase1=待评估,READY_FOR_PRP,no,no,P1,Walmart; 广告,candidate_source_read,AUTH_UNKNOWN,no matching repository legacy Markdown snapshot; structurally eligible for PRP only; not provider-verified or call-authorized
LX-83BBCE9FCB0E,Walmart,Ads,多平台 / 广告 / Walmart广告,查询沃尔玛-广告 - SV广告 - 页面类型,/basicOpen/multiplatform/ads/queryReportPageTypeSvList,POST,UNVERIFIED,,docs/integrations/lingxing-walmart-openapi/normalized/interfaces.csv#LX-83BBCE9FCB0E,docs/integrations/lingxing-walmart-openapi/normalized/request_params.csv#LX-83BBCE9FCB0E (18 rows),docs/integrations/lingxing-walmart-openapi/normalized/response_fields.csv#LX-83BBCE9FCB0E (52 rows),doc=文档已收录; tested=未验证; phase1=待评估,READY_FOR_PRP,no,no,P1,Walmart; 广告,candidate_source_read,AUTH_UNKNOWN,no matching repository legacy Markdown snapshot; structurally eligible for PRP only; not provider-verified or call-authorized
LX-48F40DDAE6D3,Walmart,Ads,多平台 / 广告 / Walmart广告,查询沃尔玛-词 - 沃尔玛热门搜索词,/basicOpen/multiplatform/ads/reportSearchTrendsList,POST,UNVERIFIED,,docs/integrations/lingxing-walmart-openapi/normalized/interfaces.csv#LX-48F40DDAE6D3,docs/integrations/lingxing-walmart-openapi/normalized/request_params.csv#LX-48F40DDAE6D3 (12 rows),docs/integrations/lingxing-walmart-openapi/normalized/response_fields.csv#LX-48F40DDAE6D3 (33 rows),doc=文档已收录; tested=未验证; phase1=待评估,READY_FOR_PRP,no,no,P1,Walmart; 广告,candidate_source_read,AUTH_UNKNOWN,no matching repository legacy Markdown snapshot; structurally eligible for PRP only; not provider-verified or call-authorized
LX-1DC15769BD57,Walmart,Ads,多平台 / 广告 / Walmart广告,查询沃尔玛广告主列表,/basicOpen/adReport/advertiser/list,POST,HTTPS,old-system/source/docs/lingxing/WalmartQueryAdvertiserList.md,docs/integrations/lingxing-walmart-openapi/normalized/interfaces.csv#LX-1DC15769BD57,docs/integrations/lingxing-walmart-openapi/normalized/request_params.csv#LX-1DC15769BD57 (4 rows),docs/integrations/lingxing-walmart-openapi/normalized/response_fields.csv#LX-1DC15769BD57 (11 rows),doc=文档已收录; tested=未验证; phase1=待评估,READY_FOR_PRP,no,no,P1,Walmart; 广告,candidate_source_read,AUTH_UNKNOWN,structurally eligible for PRP only; not provider-verified or call-authorized
LX-BAB1AFEA4490,Unclear/deleted,Ads,广告 / 广告管理,调整sp广告组,/basicOpen/adReport/manage/putSpAdGroup,POST,UNVERIFIED,,docs/integrations/lingxing-walmart-openapi/normalized/deleted_interfaces.csv#LX-BAB1AFEA4490,NONE,NONE,no verification row,DELETED,yes,yes,P1,TBD,reference_only,DELETED,no matching repository legacy Markdown snapshot; excluded from implementation without a separate Owner re-evaluation
LX-4F932AB13FCE,Unclear/deleted,Ads,广告 / 广告管理,SP广告添加关键词,/basicOpen/adReport/spTarget/addKeywords,POST,UNVERIFIED,,docs/integrations/lingxing-walmart-openapi/normalized/deleted_interfaces.csv#LX-4F932AB13FCE,NONE,NONE,no verification row,DELETED,yes,yes,P2,TBD,reference_only,DELETED,no matching repository legacy Markdown snapshot; excluded from implementation without a separate Owner re-evaluation
LX-9B2B325174AF,Unclear/deleted,Ads,广告 / 广告管理,SP广告添加否定关键词,/basicOpen/adReport/spTarget/addNegativeKeywords,POST,UNVERIFIED,,docs/integrations/lingxing-walmart-openapi/normalized/deleted_interfaces.csv#LX-9B2B325174AF,NONE,NONE,no verification row,DELETED,yes,yes,P2,TBD,reference_only,DELETED,no matching repository legacy Markdown snapshot; excluded from implementation without a separate Owner re-evaluation
LX-77D84796C284,Unclear/deleted,Ads,广告 / 广告管理,修改SB关键词,/basicOpen/adReport/manage/putSbKeyword,POST,UNVERIFIED,,docs/integrations/lingxing-walmart-openapi/normalized/deleted_interfaces.csv#LX-77D84796C284,NONE,NONE,no verification row,DELETED,yes,yes,P2,TBD,reference_only,DELETED,no matching repository legacy Markdown snapshot; excluded from implementation without a separate Owner re-evaluation
LX-68F78F02925A,Unclear/deleted,Ads,广告 / 广告管理,修改SB商品投放,/basicOpen/adReport/manage/putSbTarget,POST,UNVERIFIED,,docs/integrations/lingxing-walmart-openapi/normalized/deleted_interfaces.csv#LX-68F78F02925A,NONE,NONE,no verification row,DELETED,yes,yes,P2,TBD,reference_only,DELETED,no matching repository legacy Markdown snapshot; excluded from implementation without a separate Owner re-evaluation
LX-A086D2CBB4EC,Unclear/deleted,Ads,广告 / 广告管理,修改SB广告活动,/basicOpen/adReport/manage/putSbCampaign,POST,UNVERIFIED,,docs/integrations/lingxing-walmart-openapi/normalized/deleted_interfaces.csv#LX-A086D2CBB4EC,NONE,NONE,no verification row,DELETED,yes,yes,P2,TBD,reference_only,DELETED,no matching repository legacy Markdown snapshot; excluded from implementation without a separate Owner re-evaluation
LX-62DA50F7AD5B,Unclear/deleted,Ads,广告 / 广告管理,修改SB广告组,/basicOpen/adReport/manage/putSbAdGroup,POST,UNVERIFIED,,docs/integrations/lingxing-walmart-openapi/normalized/deleted_interfaces.csv#LX-62DA50F7AD5B,NONE,NONE,no verification row,DELETED,yes,yes,P2,TBD,reference_only,DELETED,no matching repository legacy Markdown snapshot; excluded from implementation without a separate Owner re-evaluation
LX-852FFA5E34CB,Unclear/deleted,Ads,广告 / 广告管理,修改SP广告活动和广告位,/basicOpen/adReport/manage/putSpCampaign,POST,UNVERIFIED,,docs/integrations/lingxing-walmart-openapi/normalized/deleted_interfaces.csv#LX-852FFA5E34CB,NONE,NONE,no verification row,DELETED,yes,yes,P2,TBD,reference_only,DELETED,no matching repository legacy Markdown snapshot; excluded from implementation without a separate Owner re-evaluation
LX-9013709AEFEC,Unclear/deleted,Ads,广告 / 广告管理,修改广告商品状态,/basicOpen/adReport/manage/putSpProductAds,POST,UNVERIFIED,,docs/integrations/lingxing-walmart-openapi/normalized/deleted_interfaces.csv#LX-9013709AEFEC,NONE,NONE,no verification row,DELETED,yes,yes,P2,TBD,reference_only,DELETED,no matching repository legacy Markdown snapshot; excluded from implementation without a separate Owner re-evaluation
LX-5B1A57608128,Unclear/deleted,Ads,广告 / 报表下载,ABA搜索词报告-按周维度,/pb/openapi/newad/abaReport,POST,UNVERIFIED,,docs/integrations/lingxing-walmart-openapi/normalized/deleted_interfaces.csv#LX-5B1A57608128,NONE,NONE,no verification row,DELETED,yes,yes,P3,TBD,reference_only,DELETED,no matching repository legacy Markdown snapshot; excluded from implementation without a separate Owner re-evaluation
LX-99DE9196BEAB,Unclear/deleted,Ads,广告 / 基础数据,SB否定关键词,/pb/openapi/newad/hsaNegativeKeywords,POST,UNVERIFIED,,docs/integrations/lingxing-walmart-openapi/normalized/deleted_interfaces.csv#LX-99DE9196BEAB,NONE,NONE,no verification row,DELETED,yes,yes,P3,TBD,reference_only,DELETED,no matching repository legacy Markdown snapshot; excluded from implementation without a separate Owner re-evaluation
LX-DC99443FEE80,Unclear/deleted,Ads,广告 / 基础数据,SB否定商品投放,/pb/openapi/newad/hsaNegativeTargets,POST,UNVERIFIED,,docs/integrations/lingxing-walmart-openapi/normalized/deleted_interfaces.csv#LX-DC99443FEE80,NONE,NONE,no verification row,DELETED,yes,yes,P3,TBD,reference_only,DELETED,no matching repository legacy Markdown snapshot; excluded from implementation without a separate Owner re-evaluation
LX-8C083D800F51,Unclear/deleted,Ads,广告 / 报告,SB投放小时数据,/pb/openapi/newad/sbTargetHourData,POST,UNVERIFIED,,docs/integrations/lingxing-walmart-openapi/normalized/deleted_interfaces.csv#LX-8C083D800F51,NONE,NONE,no verification row,DELETED,yes,yes,P3,TBD,reference_only,DELETED,no matching repository legacy Markdown snapshot; excluded from implementation without a separate Owner re-evaluation
LX-9712027ED36A,Unclear/deleted,Ads,广告 / 基础数据,SD否定商品定位,/pb/openapi/newad/sdNegativeTargets,POST,UNVERIFIED,,docs/integrations/lingxing-walmart-openapi/normalized/deleted_interfaces.csv#LX-9712027ED36A,NONE,NONE,no verification row,DELETED,yes,yes,P3,TBD,reference_only,DELETED,no matching repository legacy Markdown snapshot; excluded from implementation without a separate Owner re-evaluation
LX-E03740968D3D,Unclear/deleted,Ads,广告 / 基础数据,SD商品定位,/pb/openapi/newad/sdTargets,POST,UNVERIFIED,,docs/integrations/lingxing-walmart-openapi/normalized/deleted_interfaces.csv#LX-E03740968D3D,NONE,NONE,no verification row,DELETED,yes,yes,P3,TBD,reference_only,DELETED,no matching repository legacy Markdown snapshot; excluded from implementation without a separate Owner re-evaluation
LX-E47272E9B0EB,Unclear/deleted,Ads,广告 / 报告,SD投放小时数据,/pb/openapi/newad/sdTargetHourData,POST,UNVERIFIED,,docs/integrations/lingxing-walmart-openapi/normalized/deleted_interfaces.csv#LX-E47272E9B0EB,NONE,NONE,no verification row,DELETED,yes,yes,P3,TBD,reference_only,DELETED,no matching repository legacy Markdown snapshot; excluded from implementation without a separate Owner re-evaluation
LX-9876BC615E36,Unclear/deleted,Ads,广告 / 基础数据,SP关键词,/pb/openapi/newad/spKeywords,POST,UNVERIFIED,,docs/integrations/lingxing-walmart-openapi/normalized/deleted_interfaces.csv#LX-9876BC615E36,NONE,NONE,no verification row,DELETED,yes,yes,P3,TBD,reference_only,DELETED,no matching repository legacy Markdown snapshot; excluded from implementation without a separate Owner re-evaluation
LX-2990FD9F2130,Unclear/deleted,Ads,广告 / 基础数据,SP否定投放,/pb/openapi/newad/spNegativeTargetsOrKeywords,POST,UNVERIFIED,,docs/integrations/lingxing-walmart-openapi/normalized/deleted_interfaces.csv#LX-2990FD9F2130,NONE,NONE,no verification row,DELETED,yes,yes,P3,TBD,reference_only,DELETED,no matching repository legacy Markdown snapshot; excluded from implementation without a separate Owner re-evaluation
LX-0DA11D7BA5E8,Unclear/deleted,Ads,广告 / 基础数据,SP商品定位,/pb/openapi/newad/spTargets,POST,UNVERIFIED,,docs/integrations/lingxing-walmart-openapi/normalized/deleted_interfaces.csv#LX-0DA11D7BA5E8,NONE,NONE,no verification row,DELETED,yes,yes,P3,TBD,reference_only,DELETED,no matching repository legacy Markdown snapshot; excluded from implementation without a separate Owner re-evaluation
LX-AFC62F397A4F,Unclear/deleted,Ads,广告 / 报告,SP投放小时数据,/pb/openapi/newad/spTargetHourData,POST,UNVERIFIED,,docs/integrations/lingxing-walmart-openapi/normalized/deleted_interfaces.csv#LX-AFC62F397A4F,NONE,NONE,no verification row,DELETED,yes,yes,P3,TBD,reference_only,DELETED,no matching repository legacy Markdown snapshot; excluded from implementation without a separate Owner re-evaluation
LX-0D3676DC1081,Unclear/deleted,Ads,广告 / 报告,出单时段分析（产品）,/basicOpen/adReport/productOrderAnalysis/list,POST,UNVERIFIED,,docs/integrations/lingxing-walmart-openapi/normalized/deleted_interfaces.csv#LX-0D3676DC1081,NONE,NONE,no verification row,DELETED,yes,yes,P3,TBD,reference_only,DELETED,no matching repository legacy Markdown snapshot; excluded from implementation without a separate Owner re-evaluation
LX-A80B42AB7531,Unclear/deleted,Ads,广告,操作日志（新）,/pb/openapi/newad/apiLogStandard,POST,UNVERIFIED,,docs/integrations/lingxing-walmart-openapi/normalized/deleted_interfaces.csv#LX-A80B42AB7531,NONE,NONE,no verification row,DELETED,yes,yes,P3,TBD,reference_only,DELETED,no matching repository legacy Markdown snapshot; excluded from implementation without a separate Owner re-evaluation
LX-A59140DD8234,Unclear/deleted,Ads,广告 / 广告管理,调整sp关键词,/adReport/manage/putSpKeyword,POST,UNVERIFIED,,docs/integrations/lingxing-walmart-openapi/normalized/deleted_interfaces.csv#LX-A59140DD8234,NONE,NONE,no verification row,DELETED,yes,yes,P3,TBD,reference_only,DELETED,no matching repository legacy Markdown snapshot; excluded from implementation without a separate Owner re-evaluation
LX-BB33A112C1A5,Unclear/deleted,Ads,广告 / 广告管理,调整sp商品投放,/adReport/manage/putSpTarget,POST,UNVERIFIED,,docs/integrations/lingxing-walmart-openapi/normalized/deleted_interfaces.csv#LX-BB33A112C1A5,NONE,NONE,no verification row,DELETED,yes,yes,P3,TBD,reference_only,DELETED,no matching repository legacy Markdown snapshot; excluded from implementation without a separate Owner re-evaluation
LX-08C95686A98A,Other non-Walmart,After-sales,多平台 / 售后订单,多平台-Shopify售后订单列表,/basicOpen/openapi/multiplatform/shopify/returnOrder/list,POST,UNVERIFIED,,docs/integrations/lingxing-walmart-openapi/normalized/deleted_interfaces.csv#LX-08C95686A98A,NONE,NONE,no verification row,DELETED,yes,yes,P0,TBD,reference_only,DELETED,no matching repository legacy Markdown snapshot; excluded from implementation without a separate Owner re-evaluation
LX-2FDB59055008,Other non-Walmart,After-sales,多平台 / 售后订单,多平台-Temu售后订单列表,/basicOpen/openapi/multiplatform/temu/returnOrder/list,POST,UNVERIFIED,,docs/integrations/lingxing-walmart-openapi/normalized/deleted_interfaces.csv#LX-2FDB59055008,NONE,NONE,no verification row,DELETED,yes,yes,P0,TBD,reference_only,DELETED,no matching repository legacy Markdown snapshot; excluded from implementation without a separate Owner re-evaluation
LX-E9E374CFDEAA,Other non-Walmart,After-sales,多平台 / 售后订单,多平台-TikTok售后订单列表,/basicOpen/openapi/multiplatform/tiktok/returnOrder/list,POST,UNVERIFIED,,docs/integrations/lingxing-walmart-openapi/normalized/deleted_interfaces.csv#LX-E9E374CFDEAA,NONE,NONE,no verification row,DELETED,yes,yes,P0,TBD,reference_only,DELETED,no matching repository legacy Markdown snapshot; excluded from implementation without a separate Owner re-evaluation
LX-571E669C2E50,Walmart,After-sales,多平台 / 售后订单,多平台-Walmart售后订单列表,/basicOpen/openapi/multiplatform/walmart/returnOrder/list,POST,UNVERIFIED,,docs/integrations/lingxing-walmart-openapi/normalized/interfaces.csv#LX-571E669C2E50,docs/integrations/lingxing-walmart-openapi/normalized/request_params.csv#LX-571E669C2E50 (16 rows),docs/integrations/lingxing-walmart-openapi/normalized/response_fields.csv#LX-571E669C2E50 (44 rows),doc=文档已收录; tested=未验证; phase1=待评估,READY_FOR_PRP,no,no,P0,Walmart; 售后; 销售,candidate_source_read,AUTH_UNKNOWN,no matching repository legacy Markdown snapshot; structurally eligible for PRP only; not provider-verified or call-authorized
LX-E195EA366FB4,Amazon,After-sales,VC,查询VC店铺列表,/basicOpen/platformAuth/vcSeller/pageList,POST,UNVERIFIED,,docs/integrations/lingxing-walmart-openapi/normalized/deleted_interfaces.csv#LX-E195EA366FB4,NONE,NONE,no verification row,DELETED,yes,yes,P0,TBD,reference_only,DELETED,no matching repository legacy Markdown snapshot; excluded from implementation without a separate Owner re-evaluation
LX-88B94684C494,Amazon,After-sales,销售 / 平台订单,查询亚马逊多渠道订单详情-商品信息,/order/amzod/api/orderDetails/productInformation,POST,UNVERIFIED,,docs/integrations/lingxing-walmart-openapi/normalized/deleted_interfaces.csv#LX-88B94684C494,NONE,NONE,no verification row,DELETED,yes,yes,P0,TBD,reference_only,DELETED,no matching repository legacy Markdown snapshot; excluded from implementation without a separate Owner re-evaluation
LX-0D2A0F1E6634,Amazon,After-sales,销售 / 平台订单,查询亚马逊多渠道订单详情-物流信息,/order/amzod/api/orderDetails/logisticsInformation,POST,UNVERIFIED,,docs/integrations/lingxing-walmart-openapi/normalized/deleted_interfaces.csv#LX-0D2A0F1E6634,NONE,NONE,no verification row,DELETED,yes,yes,P0,TBD,reference_only,DELETED,no matching repository legacy Markdown snapshot; excluded from implementation without a separate Owner re-evaluation
LX-00F90E33DDB2,Amazon,After-sales,销售 / 平台订单,查询亚马逊多渠道订单详情-退货换货信息,/order/amzod/api/orderDetails/returnInformation,POST,UNVERIFIED,,docs/integrations/lingxing-walmart-openapi/normalized/deleted_interfaces.csv#LX-00F90E33DDB2,NONE,NONE,no verification row,DELETED,yes,yes,P0,TBD,reference_only,DELETED,no matching repository legacy Markdown snapshot; excluded from implementation without a separate Owner re-evaluation
LX-9C404AD3900F,Amazon,After-sales,统计,查询亚马逊源报表-FBA退货订单,/erp/sc/data/mws_report/refundOrders,POST,UNVERIFIED,,docs/integrations/lingxing-walmart-openapi/normalized/deleted_interfaces.csv#LX-9C404AD3900F,NONE,NONE,no verification row,DELETED,yes,yes,P0,TBD,reference_only,DELETED,no matching repository legacy Markdown snapshot; excluded from implementation without a separate Owner re-evaluation
LX-A54E22CE74C6,Amazon,After-sales,统计,查询亚马逊源报表-FBM退货订单,/erp/sc/routing/data/order/fbmReturnOrderList,POST,UNVERIFIED,,docs/integrations/lingxing-walmart-openapi/normalized/deleted_interfaces.csv#LX-A54E22CE74C6,NONE,NONE,no verification row,DELETED,yes,yes,P0,TBD,reference_only,DELETED,no matching repository legacy Markdown snapshot; excluded from implementation without a separate Owner re-evaluation
LX-5470F505D06E,Lingxing ERP (platform scope unverified),After-sales,客服,查询售后工单列表,/pb/mp/returns/workOrder/list,POST,UNVERIFIED,,docs/integrations/lingxing-walmart-openapi/normalized/interfaces.csv#LX-5470F505D06E,docs/integrations/lingxing-walmart-openapi/normalized/request_params.csv#LX-5470F505D06E (5 rows),docs/integrations/lingxing-walmart-openapi/normalized/response_fields.csv#LX-5470F505D06E (50 rows),doc=文档已收录; tested=未验证; phase1=待评估,READY_FOR_PRP,no,no,P0,售后; 销售,candidate_source_read,AUTH_UNKNOWN,no matching repository legacy Markdown snapshot; structurally eligible for PRP only; not provider-verified or call-authorized
LX-E41560429B6B,Unclear/deleted,After-sales,销售 / 平台订单,查询售后订单列表,/erp/sc/routing/amzod/order/afterSaleList,POST,UNVERIFIED,,docs/integrations/lingxing-walmart-openapi/normalized/deleted_interfaces.csv#LX-E41560429B6B,NONE,NONE,no verification row,DELETED,yes,yes,P0,TBD,reference_only,DELETED,no matching repository legacy Markdown snapshot; excluded from implementation without a separate Owner re-evaluation
LX-EA8918986608,Lingxing ERP (platform scope unverified),After-sales,客服,查询店铺绩效列表,/basicOpen/customerService/storeTarget/list,POST,UNVERIFIED,,docs/integrations/lingxing-walmart-openapi/normalized/interfaces.csv#LX-EA8918986608,docs/integrations/lingxing-walmart-openapi/normalized/request_params.csv#LX-EA8918986608 (6 rows),docs/integrations/lingxing-walmart-openapi/normalized/response_fields.csv#LX-EA8918986608 (21 rows),doc=文档已收录; tested=未验证; phase1=待评估,READY_FOR_PRP,no,no,P0,售后,candidate_source_read,AUTH_UNKNOWN,no matching repository legacy Markdown snapshot; structurally eligible for PRP only; not provider-verified or call-authorized
LX-54F0AD822356,Lingxing ERP (platform scope unverified),After-sales,客服,查询店铺绩效详情,/basicOpen/customerService/storeTarget/detail,POST,UNVERIFIED,,docs/integrations/lingxing-walmart-openapi/normalized/interfaces.csv#LX-54F0AD822356,docs/integrations/lingxing-walmart-openapi/normalized/request_params.csv#LX-54F0AD822356 (2 rows),docs/integrations/lingxing-walmart-openapi/normalized/response_fields.csv#LX-54F0AD822356 (122 rows),doc=文档已收录; tested=未验证; phase1=待评估,READY_FOR_PRP,no,no,P0,售后,candidate_source_read,AUTH_UNKNOWN,no matching repository legacy Markdown snapshot; structurally eligible for PRP only; not provider-verified or call-authorized
LX-853A6501F0BF,Lingxing ERP (platform scope unverified),After-sales,采购,查询采购退货单列表,/erp/sc/routing/purchase/purchase_return_order/getPurchaseReturnOrderList,POST,UNVERIFIED,,docs/integrations/lingxing-walmart-openapi/normalized/interfaces.csv#LX-853A6501F0BF,docs/integrations/lingxing-walmart-openapi/normalized/request_params.csv#LX-853A6501F0BF (6 rows),docs/integrations/lingxing-walmart-openapi/normalized/response_fields.csv#LX-853A6501F0BF (53 rows),doc=文档已收录; tested=未验证; phase1=待评估,READY_FOR_PRP,no,no,P0,售后; 采购; 销售,candidate_source_read,AUTH_UNKNOWN,no matching repository legacy Markdown snapshot; structurally eligible for PRP only; not provider-verified or call-authorized
LX-1C62776E886A,Lingxing ERP (platform scope unverified),After-sales,仓库 / 收货质检,查询销售退货单列表,/pb/mp/returns/v2/list,POST,UNVERIFIED,,docs/integrations/lingxing-walmart-openapi/normalized/interfaces.csv#LX-1C62776E886A,docs/integrations/lingxing-walmart-openapi/normalized/request_params.csv#LX-1C62776E886A (10 rows),docs/integrations/lingxing-walmart-openapi/normalized/response_fields.csv#LX-1C62776E886A (50 rows),doc=文档已收录; tested=未验证; phase1=待评估,READY_FOR_PRP,no,no,P0,仓库; 售后; 销售,candidate_source_read,AUTH_UNKNOWN,no matching repository legacy Markdown snapshot; structurally eligible for PRP only; not provider-verified or call-authorized
LX-B5184BA8522B,Lingxing ERP (platform scope unverified),After-sales,统计,统计-查询退货分析,/basicOpen/salesAnalysis/returnOrder/analysisLists,POST,UNVERIFIED,,docs/integrations/lingxing-walmart-openapi/normalized/interfaces.csv#LX-B5184BA8522B,docs/integrations/lingxing-walmart-openapi/normalized/request_params.csv#LX-B5184BA8522B (13 rows),docs/integrations/lingxing-walmart-openapi/normalized/response_fields.csv#LX-B5184BA8522B (84 rows),doc=文档已收录; tested=未验证; phase1=待评估,READY_FOR_PRP,no,no,P0,售后; 运营; 销售,candidate_source_read,AUTH_UNKNOWN,no matching repository legacy Markdown snapshot; structurally eligible for PRP only; not provider-verified or call-authorized
LX-DD7ED95CB9C6,Other non-Walmart,After-sales,多平台 / 财务 / Temu半托跨境财务,Temu半托-退货面单费,/basicOpen/multiplatformFinance/temuHalf/return/fee/list,POST,UNVERIFIED,,docs/integrations/lingxing-walmart-openapi/normalized/deleted_interfaces.csv#LX-DD7ED95CB9C6,NONE,NONE,no verification row,DELETED,yes,yes,P1,TBD,reference_only,DELETED,no matching repository legacy Markdown snapshot; excluded from implementation without a separate Owner re-evaluation
LX-BE1057CB168C,Lingxing ERP (platform scope unverified),After-sales,仓库 / 收货质检,待收货退货单快捷入库,/basicOpen/return/order/fastStorageIn,POST,UNVERIFIED,,docs/integrations/lingxing-walmart-openapi/normalized/interfaces.csv#LX-BE1057CB168C,docs/integrations/lingxing-walmart-openapi/normalized/request_params.csv#LX-BE1057CB168C (15 rows),docs/integrations/lingxing-walmart-openapi/normalized/response_fields.csv#LX-BE1057CB168C (14 rows),doc=文档已收录; tested=未验证; phase1=待评估,DO_NOT_USE,yes,no,P1,仓库; 售后; 销售,reference_only,DO_NOT_USE,no matching repository legacy Markdown snapshot; excluded from implementation without a separate Owner re-evaluation
LX-F9AD2E4B84C4,Multi-platform (Walmart applicability unverified),After-sales,多平台,更新订单客服备注,/pb/mp/order/setRemark,POST,UNVERIFIED,,docs/integrations/lingxing-walmart-openapi/normalized/interfaces.csv#LX-F9AD2E4B84C4,docs/integrations/lingxing-walmart-openapi/normalized/request_params.csv#LX-F9AD2E4B84C4 (4 rows),docs/integrations/lingxing-walmart-openapi/normalized/response_fields.csv#LX-F9AD2E4B84C4 (6 rows),doc=文档已收录; tested=未验证; phase1=待评估,DO_NOT_USE,yes,no,P1,售后; 销售,reference_only,DO_NOT_USE,no matching repository legacy Markdown snapshot; excluded from implementation without a separate Owner re-evaluation
LX-A8485DB1E3D3,Lingxing ERP (platform scope unverified),After-sales,客服,查询RMA管理,/basicOpen/customerService/rmaManage/list,POST,UNVERIFIED,,docs/integrations/lingxing-walmart-openapi/normalized/interfaces.csv#LX-A8485DB1E3D3,docs/integrations/lingxing-walmart-openapi/normalized/request_params.csv#LX-A8485DB1E3D3 (10 rows),docs/integrations/lingxing-walmart-openapi/normalized/response_fields.csv#LX-A8485DB1E3D3 (38 rows),doc=文档已收录; tested=未验证; phase1=待评估,READY_FOR_PRP,no,no,P1,售后,candidate_source_read,AUTH_UNKNOWN,no matching repository legacy Markdown snapshot; structurally eligible for PRP only; not provider-verified or call-authorized
LX-37CEB6603EA8,Amazon,After-sales,FBA / FBA货件（STA）,查询STA任务包装组装箱信息,/amzStaServer/openapi/inbound-plan/listInboundPlanGroupPacking,POST,UNVERIFIED,,docs/integrations/lingxing-walmart-openapi/normalized/deleted_interfaces.csv#LX-37CEB6603EA8,NONE,NONE,no verification row,DELETED,yes,yes,P1,TBD,reference_only,DELETED,no matching repository legacy Markdown snapshot; excluded from implementation without a separate Owner re-evaluation
LX-4B0D825FD71B,Amazon,After-sales,统计,查询asin360小时数据,/basicOpen/salesAnalysis/productPerformance/performanceTrendByHour,POST,UNVERIFIED,,docs/integrations/lingxing-walmart-openapi/normalized/deleted_interfaces.csv#LX-4B0D825FD71B,NONE,NONE,no verification row,DELETED,yes,yes,P1,TBD,reference_only,DELETED,no matching repository legacy Markdown snapshot; excluded from implementation without a separate Owner re-evaluation
LX-CD351FB7F89D,Lingxing ERP (platform scope unverified),After-sales,客服,查询业绩通知列表,/basicOpen/customerService/performanceNotice/list,POST,UNVERIFIED,,docs/integrations/lingxing-walmart-openapi/normalized/interfaces.csv#LX-CD351FB7F89D,docs/integrations/lingxing-walmart-openapi/normalized/request_params.csv#LX-CD351FB7F89D (10 rows),docs/integrations/lingxing-walmart-openapi/normalized/response_fields.csv#LX-CD351FB7F89D (25 rows),doc=文档已收录; tested=未验证; phase1=待评估,READY_FOR_PRP,no,no,P1,售后,candidate_source_read,AUTH_UNKNOWN,no matching repository legacy Markdown snapshot; structurally eligible for PRP only; not provider-verified or call-authorized
LX-EF34B93FBA6A,Lingxing ERP (platform scope unverified),After-sales,客服,查询买家之声列表,/basicOpen/customerService/voiceOfBuyer/list,POST,UNVERIFIED,,docs/integrations/lingxing-walmart-openapi/normalized/interfaces.csv#LX-EF34B93FBA6A,docs/integrations/lingxing-walmart-openapi/normalized/request_params.csv#LX-EF34B93FBA6A (8 rows),docs/integrations/lingxing-walmart-openapi/normalized/response_fields.csv#LX-EF34B93FBA6A (30 rows),doc=文档已收录; tested=未验证; phase1=待评估,READY_FOR_PRP,no,no,P1,售后,candidate_source_read,AUTH_UNKNOWN,no matching repository legacy Markdown snapshot; structurally eligible for PRP only; not provider-verified or call-authorized
LX-95DD19D356E9,Lingxing ERP (platform scope unverified),After-sales,客服,查询客户列表（新）,/basicOpen/customerService/crm/customer/index,POST,UNVERIFIED,,docs/integrations/lingxing-walmart-openapi/normalized/interfaces.csv#LX-95DD19D356E9,docs/integrations/lingxing-walmart-openapi/normalized/request_params.csv#LX-95DD19D356E9 (11 rows),docs/integrations/lingxing-walmart-openapi/normalized/response_fields.csv#LX-95DD19D356E9 (33 rows),doc=文档已收录; tested=未验证; phase1=待评估,READY_FOR_PRP,no,no,P1,售后,candidate_source_read,AUTH_UNKNOWN,no matching repository legacy Markdown snapshot; structurally eligible for PRP only; not provider-verified or call-authorized
LX-A7F6D3992956,Amazon,After-sales,客服,查询评价管理 1-3星Feedback列表,/erp/sc/cs/feedback/listMws,POST,UNVERIFIED,,docs/integrations/lingxing-walmart-openapi/normalized/deleted_interfaces.csv#LX-A7F6D3992956,NONE,NONE,no verification row,DELETED,yes,yes,P1,TBD,reference_only,DELETED,no matching repository legacy Markdown snapshot; excluded from implementation without a separate Owner re-evaluation
LX-D27EF46B3ADF,Lingxing ERP (platform scope unverified),After-sales,客服,查询评价管理 4-5星Feedback列表,/erp/sc/cs/feedback/list,POST,UNVERIFIED,,docs/integrations/lingxing-walmart-openapi/normalized/interfaces.csv#LX-D27EF46B3ADF,docs/integrations/lingxing-walmart-openapi/normalized/request_params.csv#LX-D27EF46B3ADF (5 rows),docs/integrations/lingxing-walmart-openapi/normalized/response_fields.csv#LX-D27EF46B3ADF (22 rows),doc=文档已收录; tested=未验证; phase1=待评估,READY_FOR_PRP,no,no,P1,售后,candidate_source_read,AUTH_UNKNOWN,no matching repository legacy Markdown snapshot; structurally eligible for PRP only; not provider-verified or call-authorized
LX-2DB33EF69D2A,Amazon,After-sales,客服,查询评价管理-Review,/erp/sc/v2/data/mws/reviews,POST,UNVERIFIED,,docs/integrations/lingxing-walmart-openapi/normalized/deleted_interfaces.csv#LX-2DB33EF69D2A,NONE,NONE,no verification row,DELETED,yes,yes,P1,TBD,reference_only,DELETED,no matching repository legacy Markdown snapshot; excluded from implementation without a separate Owner re-evaluation
LX-B75C246341A6,Lingxing ERP (platform scope unverified),After-sales,客服,查询评价统计-Feedback列表,/erp/sc/cs/feedbackReport/lists,POST,UNVERIFIED,,docs/integrations/lingxing-walmart-openapi/normalized/interfaces.csv#LX-B75C246341A6,docs/integrations/lingxing-walmart-openapi/normalized/request_params.csv#LX-B75C246341A6 (4 rows),docs/integrations/lingxing-walmart-openapi/normalized/response_fields.csv#LX-B75C246341A6 (24 rows),doc=文档已收录; tested=未验证; phase1=待评估,READY_FOR_PRP,no,no,P1,售后; 运营,candidate_source_read,AUTH_UNKNOWN,no matching repository legacy Markdown snapshot; structurally eligible for PRP only; not provider-verified or call-authorized
LX-BFDF4705FFBD,Lingxing ERP (platform scope unverified),After-sales,客服,查询评价统计-Feedback每日新增数,/erp/sc/cs/feedbackReport/detail,POST,UNVERIFIED,,docs/integrations/lingxing-walmart-openapi/normalized/interfaces.csv#LX-BFDF4705FFBD,docs/integrations/lingxing-walmart-openapi/normalized/request_params.csv#LX-BFDF4705FFBD (3 rows),docs/integrations/lingxing-walmart-openapi/normalized/response_fields.csv#LX-BFDF4705FFBD (14 rows),doc=文档已收录; tested=未验证; phase1=待评估,READY_FOR_PRP,no,no,P1,售后; 运营,candidate_source_read,AUTH_UNKNOWN,no matching repository legacy Markdown snapshot; structurally eligible for PRP only; not provider-verified or call-authorized
LX-2C7CF1CE8AAE,Lingxing ERP (platform scope unverified),After-sales,客服,查询评价统计-Review列表,/erp/sc/v2/cs/reviewReport/lists,GET,UNVERIFIED,,docs/integrations/lingxing-walmart-openapi/normalized/interfaces.csv#LX-2C7CF1CE8AAE,docs/integrations/lingxing-walmart-openapi/normalized/request_params.csv#LX-2C7CF1CE8AAE (5 rows),docs/integrations/lingxing-walmart-openapi/normalized/response_fields.csv#LX-2C7CF1CE8AAE (35 rows),doc=文档已收录; tested=未验证; phase1=待评估,READY_FOR_PRP,no,no,P1,售后; 运营,candidate_source_read,AUTH_UNKNOWN,no matching repository legacy Markdown snapshot; structurally eligible for PRP only; not provider-verified or call-authorized
LX-2D4837A1809E,Lingxing ERP (platform scope unverified),After-sales,客服,查询评价统计-Review每日新增数,/erp/sc/cs/reviewReport/detail,POST,UNVERIFIED,,docs/integrations/lingxing-walmart-openapi/normalized/interfaces.csv#LX-2D4837A1809E,docs/integrations/lingxing-walmart-openapi/normalized/request_params.csv#LX-2D4837A1809E (4 rows),docs/integrations/lingxing-walmart-openapi/normalized/response_fields.csv#LX-2D4837A1809E (16 rows),doc=文档已收录; tested=未验证; phase1=待评估,READY_FOR_PRP,no,no,P1,售后; 运营,candidate_source_read,AUTH_UNKNOWN,no matching repository legacy Markdown snapshot; structurally eligible for PRP only; not provider-verified or call-authorized
LX-9A3D1D8B2F7F,Amazon,After-sales,客服,查询评论管理 - Review(新),/basicOpen/openapi/service/v3/data/mws/reviews,POST,UNVERIFIED,,docs/integrations/lingxing-walmart-openapi/normalized/deleted_interfaces.csv#LX-9A3D1D8B2F7F,NONE,NONE,no verification row,DELETED,yes,yes,P1,TBD,reference_only,DELETED,no matching repository legacy Markdown snapshot; excluded from implementation without a separate Owner re-evaluation
LX-4BEBA8523762,Multi-platform (Walmart applicability unverified),After-sales,多平台,查询退件地址列表,/basicOpen/multiplatform/address/returnAddressList,POST,UNVERIFIED,,docs/integrations/lingxing-walmart-openapi/normalized/interfaces.csv#LX-4BEBA8523762,docs/integrations/lingxing-walmart-openapi/normalized/request_params.csv#LX-4BEBA8523762 (1 rows),docs/integrations/lingxing-walmart-openapi/normalized/response_fields.csv#LX-4BEBA8523762 (18 rows),doc=文档已收录; tested=未验证; phase1=待评估,READY_FOR_PRP,no,no,P1,售后,candidate_source_read,AUTH_UNKNOWN,no matching repository legacy Markdown snapshot; structurally eligible for PRP only; not provider-verified or call-authorized
LX-61BD491411AA,Lingxing ERP (platform scope unverified),After-sales,客服,查询邮件列表,/erp/sc/data/mail/lists,POST,UNVERIFIED,,docs/integrations/lingxing-walmart-openapi/normalized/interfaces.csv#LX-61BD491411AA,docs/integrations/lingxing-walmart-openapi/normalized/request_params.csv#LX-61BD491411AA (6 rows),docs/integrations/lingxing-walmart-openapi/normalized/response_fields.csv#LX-61BD491411AA (16 rows),doc=文档已收录; tested=未验证; phase1=待评估,READY_FOR_PRP,no,no,P1,售后,candidate_source_read,AUTH_UNKNOWN,no matching repository legacy Markdown snapshot; structurally eligible for PRP only; not provider-verified or call-authorized
LX-5F14BE8D2BD0,Lingxing ERP (platform scope unverified),After-sales,客服,查询邮件详情,/erp/sc/data/mail/detail,POST,UNVERIFIED,,docs/integrations/lingxing-walmart-openapi/normalized/interfaces.csv#LX-5F14BE8D2BD0,docs/integrations/lingxing-walmart-openapi/normalized/request_params.csv#LX-5F14BE8D2BD0 (1 rows),docs/integrations/lingxing-walmart-openapi/normalized/response_fields.csv#LX-5F14BE8D2BD0 (22 rows),doc=文档已收录; tested=未验证; phase1=待评估,READY_FOR_PRP,no,no,P1,售后,candidate_source_read,AUTH_UNKNOWN,no matching repository legacy Markdown snapshot; structurally eligible for PRP only; not provider-verified or call-authorized
LX-E6696C712FDB,Lingxing ERP (platform scope unverified),After-sales,仓库 / 收货质检,订单退款,/basicOpen/openapi/salesOrder/refundOrder,POST,UNVERIFIED,,docs/integrations/lingxing-walmart-openapi/normalized/interfaces.csv#LX-E6696C712FDB,docs/integrations/lingxing-walmart-openapi/normalized/request_params.csv#LX-E6696C712FDB (24 rows),docs/integrations/lingxing-walmart-openapi/normalized/response_fields.csv#LX-E6696C712FDB (6 rows),doc=文档已收录; tested=未验证; phase1=待评估,DO_NOT_USE,yes,no,P1,仓库; 售后; 销售,reference_only,DO_NOT_USE,"no matching repository legacy Markdown snapshot; side_effect_endpoint: endpoint carries write, mutation, task-generation, recalculation, refund, split, merge, or weighing semantics; not eligible for read-only sync PRP; must not be used for automated real calls; requires separate owner approval if ever needed, with dedicated permission, audit, idempotency, misoperation prevention, and production authorization; excluded from implementation without a separate Owner re-evaluation"
LX-C3A80433378D,Lingxing ERP (platform scope unverified),After-sales,采购,作废采购/委外退货单,/basicOpen/purchase/cancelPurchaseReturnOrder,POST,UNVERIFIED,,docs/integrations/lingxing-walmart-openapi/normalized/interfaces.csv#LX-C3A80433378D,docs/integrations/lingxing-walmart-openapi/normalized/request_params.csv#LX-C3A80433378D (2 rows),docs/integrations/lingxing-walmart-openapi/normalized/response_fields.csv#LX-C3A80433378D (6 rows),doc=文档已收录; tested=未验证; phase1=待评估,DO_NOT_USE,yes,no,P2,售后; 采购; 销售,reference_only,DO_NOT_USE,no matching repository legacy Markdown snapshot; excluded from implementation without a separate Owner re-evaluation
LX-AB7E08BE0696,Lingxing ERP (platform scope unverified),After-sales,采购,创建已完成的采购退货单,/erp/sc/routing/purchase/purchase_return_order/createPurchaseReturnOrder,POST,UNVERIFIED,,docs/integrations/lingxing-walmart-openapi/normalized/interfaces.csv#LX-AB7E08BE0696,docs/integrations/lingxing-walmart-openapi/normalized/request_params.csv#LX-AB7E08BE0696 (17 rows),docs/integrations/lingxing-walmart-openapi/normalized/response_fields.csv#LX-AB7E08BE0696 (7 rows),doc=文档已收录; tested=未验证; phase1=待评估,DO_NOT_USE,yes,no,P2,售后; 采购; 销售,reference_only,DO_NOT_USE,no matching repository legacy Markdown snapshot; excluded from implementation without a separate Owner re-evaluation
LX-51D280C19061,Lingxing ERP (platform scope unverified),After-sales,客服,判断是否提交人自选,/basicOpen/customerService/workOrder/auditFlow/isUserSelect,POST,UNVERIFIED,,docs/integrations/lingxing-walmart-openapi/normalized/interfaces.csv#LX-51D280C19061,docs/integrations/lingxing-walmart-openapi/normalized/request_params.csv#LX-51D280C19061 (1 rows),docs/integrations/lingxing-walmart-openapi/normalized/response_fields.csv#LX-51D280C19061 (10 rows),doc=文档已收录; tested=未验证; phase1=待评估,DO_NOT_USE,yes,no,P2,售后; 销售,reference_only,DO_NOT_USE,no matching repository legacy Markdown snapshot; excluded from implementation without a separate Owner re-evaluation
LX-E18C1FFEB32C,Lingxing ERP (platform scope unverified),After-sales,客服,提交售后工单,/basicOpen/customerService/workOrder/auditFlow/summit,POST,UNVERIFIED,,docs/integrations/lingxing-walmart-openapi/normalized/interfaces.csv#LX-E18C1FFEB32C,docs/integrations/lingxing-walmart-openapi/normalized/request_params.csv#LX-E18C1FFEB32C (2 rows),docs/integrations/lingxing-walmart-openapi/normalized/response_fields.csv#LX-E18C1FFEB32C (13 rows),doc=文档已收录; tested=未验证; phase1=待评估,DO_NOT_USE,yes,no,P2,售后; 销售,reference_only,DO_NOT_USE,no matching repository legacy Markdown snapshot; excluded from implementation without a separate Owner re-evaluation
LX-33F95EE20568,Amazon,After-sales,FBA / FBA货件（STA）,提交装箱信息,/amzStaServer/openapi/inbound-packing/setPackingInformation,POST,UNVERIFIED,,docs/integrations/lingxing-walmart-openapi/normalized/deleted_interfaces.csv#LX-33F95EE20568,NONE,NONE,no verification row,DELETED,yes,yes,P2,TBD,reference_only,DELETED,no matching repository legacy Markdown snapshot; excluded from implementation without a separate Owner re-evaluation
LX-C1830CE93E50,Lingxing ERP (platform scope unverified),After-sales,客服,查询客户列表（旧）,/bd/crm/open/api/customer/list,POST,UNVERIFIED,,docs/integrations/lingxing-walmart-openapi/normalized/interfaces.csv#LX-C1830CE93E50,docs/integrations/lingxing-walmart-openapi/normalized/request_params.csv#LX-C1830CE93E50 (6 rows),docs/integrations/lingxing-walmart-openapi/normalized/response_fields.csv#LX-C1830CE93E50 (25 rows),doc=文档已收录; tested=未验证; phase1=待评估,READY_FOR_PRP,no,no,P3,售后,candidate_source_read,AUTH_UNKNOWN,no matching repository legacy Markdown snapshot; structurally eligible for PRP only; not provider-verified or call-authorized
LX-C4213C20454C,Amazon,After-sales,统计,查询退款量（旧）,/erp/sc/routing/finance/Refund/profitMonthRefund,POST,UNVERIFIED,,docs/integrations/lingxing-walmart-openapi/normalized/deleted_interfaces.csv#LX-C4213C20454C,NONE,NONE,no verification row,DELETED,yes,yes,P3,TBD,reference_only,DELETED,no matching repository legacy Markdown snapshot; excluded from implementation without a separate Owner re-evaluation
LX-7A722FDBD803,Other non-Walmart,Finance,多平台 / 财务 / Shopify财务,Shopify-查询结算明细列表,/basicOpen/multiplatformFinance/shopify/bill/statement/list,POST,UNVERIFIED,,docs/integrations/lingxing-walmart-openapi/normalized/deleted_interfaces.csv#LX-7A722FDBD803,NONE,NONE,no verification row,DELETED,yes,yes,P0,TBD,reference_only,DELETED,no matching repository legacy Markdown snapshot; excluded from implementation without a separate Owner re-evaluation
LX-63E99B54ED72,Walmart,Finance,多平台 / 财务 / Walmart财务,Walmart-查询回款明细列表,/basicOpen/multiplatformFinance/walmart/bill/payout/list,POST,UNVERIFIED,,docs/integrations/lingxing-walmart-openapi/normalized/interfaces.csv#LX-63E99B54ED72,docs/integrations/lingxing-walmart-openapi/normalized/request_params.csv#LX-63E99B54ED72 (19 rows),docs/integrations/lingxing-walmart-openapi/normalized/response_fields.csv#LX-63E99B54ED72 (35 rows),doc=文档已收录; tested=未验证; phase1=待评估,READY_FOR_PRP,no,no,P0,Walmart; 财务,candidate_source_read,AUTH_UNKNOWN,no matching repository legacy Markdown snapshot; structurally eligible for PRP only; not provider-verified or call-authorized
LX-727003CFF7B4,Walmart,Finance,多平台 / 财务 / Walmart财务,Walmart-查询结算账单列表,/basicOpen/multiplatformFinance/walmart/bill/statement/list,POST,UNVERIFIED,,docs/integrations/lingxing-walmart-openapi/normalized/interfaces.csv#LX-727003CFF7B4,docs/integrations/lingxing-walmart-openapi/normalized/request_params.csv#LX-727003CFF7B4 (16 rows),docs/integrations/lingxing-walmart-openapi/normalized/response_fields.csv#LX-727003CFF7B4 (77 rows),doc=文档已收录; tested=未验证; phase1=待评估,READY_FOR_PRP,no,no,P0,Walmart; 财务; 销售,candidate_source_read,AUTH_UNKNOWN,no matching repository legacy Markdown snapshot; structurally eligible for PRP only; not provider-verified or call-authorized
LX-234DAD222FC6,Amazon,Finance,销售 / Listing,批量获取Listing费用,/listing/listing/open/api/listing/getPrices,POST,UNVERIFIED,,docs/integrations/lingxing-walmart-openapi/normalized/deleted_interfaces.csv#LX-234DAD222FC6,NONE,NONE,no verification row,DELETED,yes,yes,P0,TBD,reference_only,DELETED,no matching repository legacy Markdown snapshot; excluded from implementation without a separate Owner re-evaluation
LX-27FD5B4A5146,Lingxing ERP (platform scope unverified),Finance,财务,查询利润报表 - 订单维度transaction视图,/basicOpen/finance/profitReport/order/transcation/list,POST,UNVERIFIED,,docs/integrations/lingxing-walmart-openapi/normalized/interfaces.csv#LX-27FD5B4A5146,docs/integrations/lingxing-walmart-openapi/normalized/request_params.csv#LX-27FD5B4A5146 (22 rows),docs/integrations/lingxing-walmart-openapi/normalized/response_fields.csv#LX-27FD5B4A5146 (81 rows),doc=文档已收录; tested=未验证; phase1=待评估,READY_FOR_PRP,no,no,P0,财务; 销售,candidate_source_read,AUTH_UNKNOWN,no matching repository legacy Markdown snapshot; structurally eligible for PRP only; not provider-verified or call-authorized
LX-E67765C12B1D,Lingxing ERP (platform scope unverified),Finance,财务,查询利润报表-店铺,/bd/profit/report/open/report/seller/list,POST,UNVERIFIED,,docs/integrations/lingxing-walmart-openapi/normalized/interfaces.csv#LX-E67765C12B1D,docs/integrations/lingxing-walmart-openapi/normalized/request_params.csv#LX-E67765C12B1D (10 rows),docs/integrations/lingxing-walmart-openapi/normalized/response_fields.csv#LX-E67765C12B1D (195 rows),doc=文档已收录; tested=未验证; phase1=待评估,READY_FOR_PRP,no,no,P0,财务,candidate_source_read,AUTH_UNKNOWN,no matching repository legacy Markdown snapshot; structurally eligible for PRP only; not provider-verified or call-authorized
LX-69B7BDB30BF3,Lingxing ERP (platform scope unverified),Finance,财务,查询利润报表-店铺月度汇总,/bd/profit/report/open/report/seller/summary/list,POST,UNVERIFIED,,docs/integrations/lingxing-walmart-openapi/normalized/interfaces.csv#LX-69B7BDB30BF3,docs/integrations/lingxing-walmart-openapi/normalized/request_params.csv#LX-69B7BDB30BF3 (7 rows),docs/integrations/lingxing-walmart-openapi/normalized/response_fields.csv#LX-69B7BDB30BF3 (190 rows),doc=文档已收录; tested=未验证; phase1=待评估,READY_FOR_PRP,no,no,P0,财务,candidate_source_read,AUTH_UNKNOWN,no matching repository legacy Markdown snapshot; structurally eligible for PRP only; not provider-verified or call-authorized
LX-F30C3A5673B7,Lingxing ERP (platform scope unverified),Finance,财务,查询利润报表-订单,/bd/profit/report/open/report/order/list,POST,UNVERIFIED,,docs/integrations/lingxing-walmart-openapi/normalized/interfaces.csv#LX-F30C3A5673B7,docs/integrations/lingxing-walmart-openapi/normalized/request_params.csv#LX-F30C3A5673B7 (15 rows),docs/integrations/lingxing-walmart-openapi/normalized/response_fields.csv#LX-F30C3A5673B7 (59 rows),doc=文档已收录; tested=未验证; phase1=待评估,READY_FOR_PRP,no,no,P0,财务; 销售,candidate_source_read,AUTH_UNKNOWN,no matching repository legacy Markdown snapshot; structurally eligible for PRP only; not provider-verified or call-authorized
LX-A5F6A7E6639A,Lingxing ERP (platform scope unverified),Finance,统计,查询利润统计-店铺,/bd/profit/statistics/open/seller/list,POST,UNVERIFIED,,docs/integrations/lingxing-walmart-openapi/normalized/interfaces.csv#LX-A5F6A7E6639A,docs/integrations/lingxing-walmart-openapi/normalized/request_params.csv#LX-A5F6A7E6639A (7 rows),docs/integrations/lingxing-walmart-openapi/normalized/response_fields.csv#LX-A5F6A7E6639A (179 rows),doc=文档已收录; tested=未验证; phase1=待评估,READY_FOR_PRP,no,no,P0,财务; 运营,candidate_source_read,AUTH_UNKNOWN,no matching repository legacy Markdown snapshot; structurally eligible for PRP only; not provider-verified or call-authorized
LX-EDBF02E1804D,Amazon,Finance,财务,查询库存分类账detail数据,/cost/center/ods/detail/query,POST,UNVERIFIED,,docs/integrations/lingxing-walmart-openapi/normalized/deleted_interfaces.csv#LX-EDBF02E1804D,NONE,NONE,no verification row,DELETED,yes,yes,P0,TBD,reference_only,DELETED,no matching repository legacy Markdown snapshot; excluded from implementation without a separate Owner re-evaluation
LX-790E7E6AB9BB,Amazon,Finance,财务,查询库存分类账summary数据,/cost/center/ods/summary/query,POST,UNVERIFIED,,docs/integrations/lingxing-walmart-openapi/normalized/deleted_interfaces.csv#LX-790E7E6AB9BB,NONE,NONE,no verification row,DELETED,yes,yes,P0,TBD,reference_only,DELETED,no matching repository legacy Markdown snapshot; excluded from implementation without a separate Owner re-evaluation
LX-DB6D62E9EE37,Multi-platform (Walmart applicability unverified),Finance,多平台 / 财务 / 利润报表（旧）,查询结算利润（利润报表）-订单,/basicOpen/multiplatform/profit/report/order,POST,UNVERIFIED,,docs/integrations/lingxing-walmart-openapi/normalized/interfaces.csv#LX-DB6D62E9EE37,docs/integrations/lingxing-walmart-openapi/normalized/request_params.csv#LX-DB6D62E9EE37 (12 rows),docs/integrations/lingxing-walmart-openapi/normalized/response_fields.csv#LX-DB6D62E9EE37 (266 rows),doc=文档已收录; tested=未验证; phase1=待评估,READY_FOR_PRP,no,no,P0,财务; 销售,candidate_source_read,AUTH_UNKNOWN,no matching repository legacy Markdown snapshot; structurally eligible for PRP only; not provider-verified or call-authorized
LX-09FE9E838C58,Lingxing ERP (platform scope unverified),Finance,统计,查询订单利润-MSKU,/basicOpen/finance/mreport/OrderProfit,POST,HTTPS,old-system/source/docs/lingxing/OrderProfitListMSKU.md,docs/integrations/lingxing-walmart-openapi/normalized/interfaces.csv#LX-09FE9E838C58,docs/integrations/lingxing-walmart-openapi/normalized/request_params.csv#LX-09FE9E838C58 (8 rows),docs/integrations/lingxing-walmart-openapi/normalized/response_fields.csv#LX-09FE9E838C58 (142 rows),doc=文档已收录; tested=未验证; phase1=待评估,READY_FOR_PRP,no,no,P0,产品; 财务; 运营; 销售,candidate_source_read,AUTH_UNKNOWN,structurally eligible for PRP only; not provider-verified or call-authorized
LX-598C49EB1197,Lingxing ERP (platform scope unverified),Finance,财务,查询请款单列表,/basicOpen/finance/requestFunds/order/list,POST,UNVERIFIED,,docs/integrations/lingxing-walmart-openapi/normalized/interfaces.csv#LX-598C49EB1197,docs/integrations/lingxing-walmart-openapi/normalized/request_params.csv#LX-598C49EB1197 (8 rows),docs/integrations/lingxing-walmart-openapi/normalized/response_fields.csv#LX-598C49EB1197 (38 rows),doc=文档已收录; tested=未验证; phase1=待评估,READY_FOR_PRP,no,no,P0,财务; 销售,candidate_source_read,AUTH_UNKNOWN,no matching repository legacy Markdown snapshot; structurally eligible for PRP only; not provider-verified or call-authorized
LX-103335CE5263,Other non-Walmart,Finance,多平台 / 财务 / Temu全托财务,Temu全托-EPR费用,/basicOpen/multiplatformFinance/temuFull/epr/list,POST,UNVERIFIED,,docs/integrations/lingxing-walmart-openapi/normalized/deleted_interfaces.csv#LX-103335CE5263,NONE,NONE,no verification row,DELETED,yes,yes,P1,TBD,reference_only,DELETED,no matching repository legacy Markdown snapshot; excluded from implementation without a separate Owner re-evaluation
LX-69D5B06BDFF5,Other non-Walmart,Finance,多平台 / 财务 / Temu全托财务,Temu全托-交易结算,/basicOpen/multiplatformFinance/temuFull/transaction/list,POST,UNVERIFIED,,docs/integrations/lingxing-walmart-openapi/normalized/deleted_interfaces.csv#LX-69D5B06BDFF5,NONE,NONE,no verification row,DELETED,yes,yes,P1,TBD,reference_only,DELETED,no matching repository legacy Markdown snapshot; excluded from implementation without a separate Owner re-evaluation
LX-3283AED22A62,Other non-Walmart,Finance,多平台 / 财务 / Temu全托财务,Temu全托-仓储综合服务费,/basicOpen/multiplatformFinance/temuFull/warehouse/list,POST,UNVERIFIED,,docs/integrations/lingxing-walmart-openapi/normalized/deleted_interfaces.csv#LX-3283AED22A62,NONE,NONE,no verification row,DELETED,yes,yes,P1,TBD,reference_only,DELETED,no matching repository legacy Markdown snapshot; excluded from implementation without a separate Owner re-evaluation
LX-A10D91D5AB63,Other non-Walmart,Finance,多平台 / 财务 / Temu全托财务,Temu全托-支出详情,/basicOpen/multiplatformFinance/temuFull/fee/list,POST,UNVERIFIED,,docs/integrations/lingxing-walmart-openapi/normalized/deleted_interfaces.csv#LX-A10D91D5AB63,NONE,NONE,no verification row,DELETED,yes,yes,P1,TBD,reference_only,DELETED,no matching repository legacy Markdown snapshot; excluded from implementation without a separate Owner re-evaluation
LX-A65DD19702C9,Other non-Walmart,Finance,多平台 / 财务 / Temu全托财务,Temu全托-账务明细,/basicOpen/multiplatformFinance/temuFull/finance/list,POST,UNVERIFIED,,docs/integrations/lingxing-walmart-openapi/normalized/deleted_interfaces.csv#LX-A65DD19702C9,NONE,NONE,no verification row,DELETED,yes,yes,P1,TBD,reference_only,DELETED,no matching repository legacy Markdown snapshot; excluded from implementation without a separate Owner re-evaluation
LX-3F89A847A787,Other non-Walmart,Finance,多平台 / 财务 / Temu半托跨境财务,Temu半托-PO明细,/basicOpen/multiplatformFinance/temuHalf/po/list,POST,UNVERIFIED,,docs/integrations/lingxing-walmart-openapi/normalized/deleted_interfaces.csv#LX-3F89A847A787,NONE,NONE,no verification row,DELETED,yes,yes,P1,TBD,reference_only,DELETED,no matching repository legacy Markdown snapshot; excluded from implementation without a separate Owner re-evaluation
LX-E3D81C603726,Other non-Walmart,Finance,多平台 / 财务 / Temu半托跨境财务,Temu半托-其他账务,/basicOpen/multiplatformFinance/temuHalf/other/list,POST,UNVERIFIED,,docs/integrations/lingxing-walmart-openapi/normalized/deleted_interfaces.csv#LX-E3D81C603726,NONE,NONE,no verification row,DELETED,yes,yes,P1,TBD,reference_only,DELETED,no matching repository legacy Markdown snapshot; excluded from implementation without a separate Owner re-evaluation
LX-B837A02FDE37,Other non-Walmart,Finance,多平台 / 财务 / Temu半托跨境财务,Temu半托-支出详情,/basicOpen/multiplatformFinance/temuHalf/fee/list,POST,UNVERIFIED,,docs/integrations/lingxing-walmart-openapi/normalized/deleted_interfaces.csv#LX-B837A02FDE37,NONE,NONE,no verification row,DELETED,yes,yes,P1,TBD,reference_only,DELETED,no matching repository legacy Markdown snapshot; excluded from implementation without a separate Owner re-evaluation
LX-12361C6AC487,Other non-Walmart,Finance,多平台 / 财务 / Temu半托跨境财务,Temu半托-账务明细,/basicOpen/multiplatformFinance/temuHalf/finance/list,POST,UNVERIFIED,,docs/integrations/lingxing-walmart-openapi/normalized/deleted_interfaces.csv#LX-12361C6AC487,NONE,NONE,no verification row,DELETED,yes,yes,P1,TBD,reference_only,DELETED,no matching repository legacy Markdown snapshot; excluded from implementation without a separate Owner re-evaluation
LX-2C2C98986F8E,Other non-Walmart,Finance,多平台 / 财务 / Temu本土财务,Temu本土-账务明细,/basicOpen/multiplatformFinance/temuLocal/bill/list,POST,UNVERIFIED,,docs/integrations/lingxing-walmart-openapi/normalized/deleted_interfaces.csv#LX-2C2C98986F8E,NONE,NONE,no verification row,DELETED,yes,yes,P1,TBD,reference_only,DELETED,no matching repository legacy Markdown snapshot; excluded from implementation without a separate Owner re-evaluation
LX-9FB2983C3CFC,Other non-Walmart,Finance,多平台 / 财务 / TikTok财务,TikTok账单明细,/basicOpen/multiplatformFinance/tiktokBill/list,POST,UNVERIFIED,,docs/integrations/lingxing-walmart-openapi/normalized/deleted_interfaces.csv#LX-9FB2983C3CFC,NONE,NONE,no verification row,DELETED,yes,yes,P1,TBD,reference_only,DELETED,no matching repository legacy Markdown snapshot; excluded from implementation without a separate Owner re-evaluation
LX-F6D9634317AF,Amazon,Finance,VC,VC报表-产品利润率报表,/basicOpen/vc/report/nppm/list,POST,UNVERIFIED,,docs/integrations/lingxing-walmart-openapi/normalized/deleted_interfaces.csv#LX-F6D9634317AF,NONE,NONE,no verification row,DELETED,yes,yes,P1,TBD,reference_only,DELETED,no matching repository legacy Markdown snapshot; excluded from implementation without a separate Owner re-evaluation
LX-5D552F4D7A8D,Multi-platform (Walmart applicability unverified),Finance,多平台 / 财务 / 利润报表,利润报表-列表配置查询,/basicOpen/finance/profitReport/config,POST,UNVERIFIED,,docs/integrations/lingxing-walmart-openapi/normalized/interfaces.csv#LX-5D552F4D7A8D,NONE,docs/integrations/lingxing-walmart-openapi/normalized/response_fields.csv#LX-5D552F4D7A8D (25 rows),doc=文档已收录; tested=未验证; phase1=待评估,PARTIAL_CONTRACT,no,no,P1,财务,candidate_source_read,MISSING_REQUEST_PARAMS,no matching repository legacy Markdown snapshot; path/method present but parameter or field evidence is incomplete
LX-0BB27D85E792,Multi-platform (Walmart applicability unverified),Finance,多平台 / 财务 / 利润报表,利润报表-明细列表查询,/basicOpen/finance/settlement/profitList,POST,UNVERIFIED,,docs/integrations/lingxing-walmart-openapi/normalized/interfaces.csv#LX-0BB27D85E792,docs/integrations/lingxing-walmart-openapi/normalized/request_params.csv#LX-0BB27D85E792 (25 rows),docs/integrations/lingxing-walmart-openapi/normalized/response_fields.csv#LX-0BB27D85E792 (60 rows),doc=文档已收录; tested=未验证; phase1=待评估,READY_FOR_PRP,no,no,P1,财务,candidate_source_read,AUTH_UNKNOWN,no matching repository legacy Markdown snapshot; structurally eligible for PRP only; not provider-verified or call-authorized
LX-4A130F7050E6,Other non-Walmart,Finance,多平台 / 财务 / Lazada财务,回款明细-LazadaPayout,/basicOpen/finance/lazada/payout/list,POST,UNVERIFIED,,docs/integrations/lingxing-walmart-openapi/normalized/deleted_interfaces.csv#LX-4A130F7050E6,NONE,NONE,no verification row,DELETED,yes,yes,P1,TBD,reference_only,DELETED,no matching repository legacy Markdown snapshot; excluded from implementation without a separate Owner re-evaluation
LX-12A2A67A207B,Other non-Walmart,Finance,多平台 / 财务 / Shopee财务,回款明细-ShopeePayout,/basicOpen/finance/shopee/payout/list,POST,UNVERIFIED,,docs/integrations/lingxing-walmart-openapi/normalized/deleted_interfaces.csv#LX-12A2A67A207B,NONE,NONE,no verification row,DELETED,yes,yes,P1,TBD,reference_only,DELETED,no matching repository legacy Markdown snapshot; excluded from implementation without a separate Owner re-evaluation
LX-CEFCD4ABAF61,Lingxing ERP (platform scope unverified),Finance,财务,应收报告-列表查询,/bd/sp/api/open/monthly/receivable/report/list,POST,UNVERIFIED,,docs/integrations/lingxing-walmart-openapi/normalized/interfaces.csv#LX-CEFCD4ABAF61,docs/integrations/lingxing-walmart-openapi/normalized/request_params.csv#LX-CEFCD4ABAF61 (10 rows),docs/integrations/lingxing-walmart-openapi/normalized/response_fields.csv#LX-CEFCD4ABAF61 (26 rows),doc=文档已收录; tested=未验证; phase1=待评估,READY_FOR_PRP,no,no,P1,财务,candidate_source_read,AUTH_UNKNOWN,no matching repository legacy Markdown snapshot; structurally eligible for PRP only; not provider-verified or call-authorized
LX-B30E9E6803D0,Lingxing ERP (platform scope unverified),Finance,财务,应收报告-详情-列表,/bd/sp/api/open/monthly/receivable/report/list/detail,POST,UNVERIFIED,,docs/integrations/lingxing-walmart-openapi/normalized/interfaces.csv#LX-B30E9E6803D0,docs/integrations/lingxing-walmart-openapi/normalized/request_params.csv#LX-B30E9E6803D0 (7 rows),docs/integrations/lingxing-walmart-openapi/normalized/response_fields.csv#LX-B30E9E6803D0 (19 rows),doc=文档已收录; tested=未验证; phase1=待评估,READY_FOR_PRP,no,no,P1,财务,candidate_source_read,AUTH_UNKNOWN,no matching repository legacy Markdown snapshot; structurally eligible for PRP only; not provider-verified or call-authorized
LX-0F0DF3FDD859,Lingxing ERP (platform scope unverified),Finance,财务,应收报告-详情-基础信息,/bd/sp/api/open/monthly/receivable/report/list/detail/info,POST,UNVERIFIED,,docs/integrations/lingxing-walmart-openapi/normalized/interfaces.csv#LX-0F0DF3FDD859,docs/integrations/lingxing-walmart-openapi/normalized/request_params.csv#LX-0F0DF3FDD859 (3 rows),docs/integrations/lingxing-walmart-openapi/normalized/response_fields.csv#LX-0F0DF3FDD859 (19 rows),doc=文档已收录; tested=未验证; phase1=待评估,READY_FOR_PRP,no,no,P1,财务,candidate_source_read,AUTH_UNKNOWN,no matching repository legacy Markdown snapshot; structurally eligible for PRP only; not provider-verified or call-authorized
LX-5FFDA0EB7172,Amazon,Finance,财务,查询FBA成本计价流水,/cost/center/api/cost/stream,POST,UNVERIFIED,,docs/integrations/lingxing-walmart-openapi/normalized/deleted_interfaces.csv#LX-5FFDA0EB7172,NONE,NONE,no verification row,DELETED,yes,yes,P1,TBD,reference_only,DELETED,no matching repository legacy Markdown snapshot; excluded from implementation without a separate Owner re-evaluation
LX-DE9D2EFB4D37,Other non-Walmart,Finance,多平台 / 财务 / SHEIN代运营财务,查询Shein代运营回款明细列表,/basicOpen/multiplatformFinance/shein/full-managed/payout/list,POST,UNVERIFIED,,docs/integrations/lingxing-walmart-openapi/normalized/deleted_interfaces.csv#LX-DE9D2EFB4D37,NONE,NONE,no verification row,DELETED,yes,yes,P1,TBD,reference_only,DELETED,no matching repository legacy Markdown snapshot; excluded from implementation without a separate Owner re-evaluation
LX-C50BE3C80987,Other non-Walmart,Finance,多平台 / 财务 / SHEIN代运营财务,查询Shein代运营收支明细列表,/basicOpen/multiplatformFinance/sheinFullManaged/salesSettlement/list,POST,UNVERIFIED,,docs/integrations/lingxing-walmart-openapi/normalized/deleted_interfaces.csv#LX-C50BE3C80987,NONE,NONE,no verification row,DELETED,yes,yes,P1,TBD,reference_only,DELETED,no matching repository legacy Markdown snapshot; excluded from implementation without a separate Owner re-evaluation
LX-1AEABDB5A416,Other non-Walmart,Finance,多平台 / 财务 / SHEIN代运营财务,查询Shein代运营补扣款明细列表,/basicOpen/multiplatformFinance/shein/full-managed/adjustment-settlement/list,POST,UNVERIFIED,,docs/integrations/lingxing-walmart-openapi/normalized/deleted_interfaces.csv#LX-1AEABDB5A416,NONE,NONE,no verification row,DELETED,yes,yes,P1,TBD,reference_only,DELETED,no matching repository legacy Markdown snapshot; excluded from implementation without a separate Owner re-evaluation
LX-2AD144D844C7,Lingxing ERP (platform scope unverified),Finance,财务,查询settlement下载URL,/bd/sp/api/open/settlement/export/url/get,GET,UNVERIFIED,,docs/integrations/lingxing-walmart-openapi/normalized/interfaces.csv#LX-2AD144D844C7,docs/integrations/lingxing-walmart-openapi/normalized/request_params.csv#LX-2AD144D844C7 (2 rows),docs/integrations/lingxing-walmart-openapi/normalized/response_fields.csv#LX-2AD144D844C7 (3 rows),doc=文档已收录; tested=未验证; phase1=待评估,READY_FOR_PRP,no,no,P1,财务,candidate_source_read,AUTH_UNKNOWN,no matching repository legacy Markdown snapshot; structurally eligible for PRP only; not provider-verified or call-authorized
LX-DD8358220FF8,Amazon,Finance,财务,查询利润报表-ASIN,/bd/profit/report/open/report/asin/list,POST,UNVERIFIED,,docs/integrations/lingxing-walmart-openapi/normalized/deleted_interfaces.csv#LX-DD8358220FF8,NONE,NONE,no verification row,DELETED,yes,yes,P1,TBD,reference_only,DELETED,no matching repository legacy Markdown snapshot; excluded from implementation without a separate Owner re-evaluation
LX-1508CACCC55B,Amazon,Finance,财务,查询利润报表-MSKU,/bd/profit/report/open/report/msku/list,POST,UNVERIFIED,,docs/integrations/lingxing-walmart-openapi/normalized/deleted_interfaces.csv#LX-1508CACCC55B,NONE,NONE,no verification row,DELETED,yes,yes,P1,TBD,reference_only,DELETED,no matching repository legacy Markdown snapshot; excluded from implementation without a separate Owner re-evaluation
LX-A453FAE8A107,Lingxing ERP (platform scope unverified),Finance,财务,查询利润报表-SKU,/bd/profit/report/open/report/sku/list,POST,UNVERIFIED,,docs/integrations/lingxing-walmart-openapi/normalized/interfaces.csv#LX-A453FAE8A107,docs/integrations/lingxing-walmart-openapi/normalized/request_params.csv#LX-A453FAE8A107 (12 rows),docs/integrations/lingxing-walmart-openapi/normalized/response_fields.csv#LX-A453FAE8A107 (204 rows),doc=文档已收录; tested=未验证; phase1=待评估,READY_FOR_PRP,no,no,P1,产品; 财务,candidate_source_read,AUTH_UNKNOWN,no matching repository legacy Markdown snapshot; structurally eligible for PRP only; not provider-verified or call-authorized
LX-836E011F05F7,Amazon,Finance,财务,查询利润报表-父ASIN,/bd/profit/report/open/report/parent/asin/list,POST,UNVERIFIED,,docs/integrations/lingxing-walmart-openapi/normalized/deleted_interfaces.csv#LX-836E011F05F7,NONE,NONE,no verification row,DELETED,yes,yes,P1,TBD,reference_only,DELETED,no matching repository legacy Markdown snapshot; excluded from implementation without a separate Owner re-evaluation
LX-067CAC8E94C1,Amazon,Finance,统计,查询利润统计-ASIN,/bd/profit/statistics/open/asin/list,POST,UNVERIFIED,,docs/integrations/lingxing-walmart-openapi/normalized/deleted_interfaces.csv#LX-067CAC8E94C1,NONE,NONE,no verification row,DELETED,yes,yes,P1,TBD,reference_only,DELETED,no matching repository legacy Markdown snapshot; excluded from implementation without a separate Owner re-evaluation
LX-3D58C3293860,Lingxing ERP (platform scope unverified),Finance,统计,查询利润统计-MSKU,/bd/profit/statistics/open/msku/list,POST,UNVERIFIED,,docs/integrations/lingxing-walmart-openapi/normalized/interfaces.csv#LX-3D58C3293860,docs/integrations/lingxing-walmart-openapi/normalized/request_params.csv#LX-3D58C3293860 (9 rows),docs/integrations/lingxing-walmart-openapi/normalized/response_fields.csv#LX-3D58C3293860 (199 rows),doc=文档已收录; tested=未验证; phase1=待评估,READY_FOR_PRP,no,no,P1,产品; 财务; 运营,candidate_source_read,AUTH_UNKNOWN,no matching repository legacy Markdown snapshot; structurally eligible for PRP only; not provider-verified or call-authorized
LX-D391B0E9A207,Amazon,Finance,统计,查询利润统计-父ASIN,/bd/profit/statistics/open/parent/asin/list,POST,UNVERIFIED,,docs/integrations/lingxing-walmart-openapi/normalized/deleted_interfaces.csv#LX-D391B0E9A207,NONE,NONE,no verification row,DELETED,yes,yes,P1,TBD,reference_only,DELETED,no matching repository legacy Markdown snapshot; excluded from implementation without a separate Owner re-evaluation
LX-B7DA9DE52C6A,Walmart,Finance,多平台,查询可用报告列表 - Walmart Payment,/cepf/fms/openapi/walmartPayment/queryReport,POST,UNVERIFIED,,docs/integrations/lingxing-walmart-openapi/normalized/interfaces.csv#LX-B7DA9DE52C6A,docs/integrations/lingxing-walmart-openapi/normalized/request_params.csv#LX-B7DA9DE52C6A (2 rows),docs/integrations/lingxing-walmart-openapi/normalized/response_fields.csv#LX-B7DA9DE52C6A (10 rows),doc=文档已收录; tested=未验证; phase1=待评估,READY_FOR_PRP,no,no,P1,Walmart,candidate_source_read,AUTH_UNKNOWN,no matching repository legacy Markdown snapshot; structurally eligible for PRP only; not provider-verified or call-authorized
LX-66894A74C546,Walmart,Finance,多平台,查询报告详情 - Walmart Payment,/cepf/fms/openapi/walmartPayment/queryPage,POST,UNVERIFIED,,docs/integrations/lingxing-walmart-openapi/normalized/interfaces.csv#LX-66894A74C546,docs/integrations/lingxing-walmart-openapi/normalized/request_params.csv#LX-66894A74C546 (6 rows),docs/integrations/lingxing-walmart-openapi/normalized/response_fields.csv#LX-66894A74C546 (36 rows),doc=文档已收录; tested=未验证; phase1=待评估,READY_FOR_PRP,no,no,P1,Walmart,candidate_source_read,AUTH_UNKNOWN,no matching repository legacy Markdown snapshot; structurally eligible for PRP only; not provider-verified or call-authorized
LX-FF6962F51900,Lingxing ERP (platform scope unverified),Finance,财务,查询收款单列表,/basicOpen/finance/queryReceiptFundsList,POST,UNVERIFIED,,docs/integrations/lingxing-walmart-openapi/normalized/interfaces.csv#LX-FF6962F51900,docs/integrations/lingxing-walmart-openapi/normalized/request_params.csv#LX-FF6962F51900 (9 rows),docs/integrations/lingxing-walmart-openapi/normalized/response_fields.csv#LX-FF6962F51900 (30 rows),doc=文档已收录; tested=未验证; phase1=待评估,READY_FOR_PRP,no,no,P1,财务,candidate_source_read,AUTH_UNKNOWN,no matching repository legacy Markdown snapshot; structurally eligible for PRP only; not provider-verified or call-authorized
LX-C6759B059E67,Amazon,Finance,基础数据,查询汇率,/erp/sc/routing/finance/currency/currencyMonth,POST,UNVERIFIED,,docs/integrations/lingxing-walmart-openapi/normalized/deleted_interfaces.csv#LX-C6759B059E67,NONE,NONE,no verification row,DELETED,yes,yes,P1,TBD,reference_only,DELETED,no matching repository legacy Markdown snapshot; excluded from implementation without a separate Owner re-evaluation
LX-29D1971BB402,Amazon,Finance,财务,查询结算中心 - 交易明细,/bd/sp/api/open/settlement/transaction/detail/list,POST,UNVERIFIED,,docs/integrations/lingxing-walmart-openapi/normalized/deleted_interfaces.csv#LX-29D1971BB402,NONE,NONE,no verification row,DELETED,yes,yes,P1,TBD,reference_only,DELETED,no matching repository legacy Markdown snapshot; excluded from implementation without a separate Owner re-evaluation
LX-0FFECA57D294,Amazon,Finance,财务,查询结算中心 - 结算汇总,/bd/sp/api/open/settlement/summary/list,POST,UNVERIFIED,,docs/integrations/lingxing-walmart-openapi/normalized/deleted_interfaces.csv#LX-0FFECA57D294,NONE,NONE,no verification row,DELETED,yes,yes,P1,TBD,reference_only,DELETED,no matching repository legacy Markdown snapshot; excluded from implementation without a separate Owner re-evaluation
LX-DEF946C2CC04,Multi-platform (Walmart applicability unverified),Finance,多平台 / 财务 / 利润报表（旧）,查询结算利润（利润报表）-msku,/basicOpen/multiplatform/profit/report/msku,POST,UNVERIFIED,,docs/integrations/lingxing-walmart-openapi/normalized/interfaces.csv#LX-DEF946C2CC04,docs/integrations/lingxing-walmart-openapi/normalized/request_params.csv#LX-DEF946C2CC04 (13 rows),docs/integrations/lingxing-walmart-openapi/normalized/response_fields.csv#LX-DEF946C2CC04 (274 rows),doc=文档已收录; tested=未验证; phase1=待评估,READY_FOR_PRP,no,no,P1,产品; 财务,candidate_source_read,AUTH_UNKNOWN,no matching repository legacy Markdown snapshot; structurally eligible for PRP only; not provider-verified or call-authorized
LX-61200503BD63,Multi-platform (Walmart applicability unverified),Finance,多平台 / 财务 / 利润报表（旧）,查询结算利润（利润报表）-sku,/basicOpen/multiplatform/profit/report/sku,POST,UNVERIFIED,,docs/integrations/lingxing-walmart-openapi/normalized/interfaces.csv#LX-61200503BD63,docs/integrations/lingxing-walmart-openapi/normalized/request_params.csv#LX-61200503BD63 (13 rows),docs/integrations/lingxing-walmart-openapi/normalized/response_fields.csv#LX-61200503BD63 (260 rows),doc=文档已收录; tested=未验证; phase1=待评估,READY_FOR_PRP,no,no,P1,产品; 财务,candidate_source_read,AUTH_UNKNOWN,no matching repository legacy Markdown snapshot; structurally eligible for PRP only; not provider-verified or call-authorized
LX-62F91F9CB35B,Lingxing ERP (platform scope unverified),Finance,财务,查询请款池 - 货款月结,/basicOpen/finance/requestFundsPool/inbound/list,POST,UNVERIFIED,,docs/integrations/lingxing-walmart-openapi/normalized/interfaces.csv#LX-62F91F9CB35B,docs/integrations/lingxing-walmart-openapi/normalized/request_params.csv#LX-62F91F9CB35B (8 rows),docs/integrations/lingxing-walmart-openapi/normalized/response_fields.csv#LX-62F91F9CB35B (32 rows),doc=文档已收录; tested=未验证; phase1=待评估,READY_FOR_PRP,no,no,P1,财务,candidate_source_read,AUTH_UNKNOWN,no matching repository legacy Markdown snapshot; structurally eligible for PRP only; not provider-verified or call-authorized
LX-92FE8988B86C,Lingxing ERP (platform scope unverified),Finance,财务,查询请款池 - 货款现结,/basicOpen/finance/requestFundsPool/purchase/list,POST,UNVERIFIED,,docs/integrations/lingxing-walmart-openapi/normalized/interfaces.csv#LX-92FE8988B86C,docs/integrations/lingxing-walmart-openapi/normalized/request_params.csv#LX-92FE8988B86C (8 rows),docs/integrations/lingxing-walmart-openapi/normalized/response_fields.csv#LX-92FE8988B86C (45 rows),doc=文档已收录; tested=未验证; phase1=待评估,READY_FOR_PRP,no,no,P1,财务; 采购,candidate_source_read,AUTH_UNKNOWN,no matching repository legacy Markdown snapshot; structurally eligible for PRP only; not provider-verified or call-authorized
LX-9C950113F6EA,Lingxing ERP (platform scope unverified),Finance,财务,查询请款池 - 货款预付款,/basicOpen/finance/requestFundsPool/prepay/list,POST,UNVERIFIED,,docs/integrations/lingxing-walmart-openapi/normalized/interfaces.csv#LX-9C950113F6EA,docs/integrations/lingxing-walmart-openapi/normalized/request_params.csv#LX-9C950113F6EA (8 rows),docs/integrations/lingxing-walmart-openapi/normalized/response_fields.csv#LX-9C950113F6EA (26 rows),doc=文档已收录; tested=未验证; phase1=待评估,READY_FOR_PRP,no,no,P1,财务,candidate_source_read,AUTH_UNKNOWN,no matching repository legacy Markdown snapshot; structurally eligible for PRP only; not provider-verified or call-authorized
LX-D0E648500CCA,Lingxing ERP (platform scope unverified),Finance,财务,查询请款池-其他应付款,/basicOpen/finance/requestFundsPool/customFee/list,POST,UNVERIFIED,,docs/integrations/lingxing-walmart-openapi/normalized/interfaces.csv#LX-D0E648500CCA,docs/integrations/lingxing-walmart-openapi/normalized/request_params.csv#LX-D0E648500CCA (8 rows),docs/integrations/lingxing-walmart-openapi/normalized/response_fields.csv#LX-D0E648500CCA (41 rows),doc=文档已收录; tested=未验证; phase1=待评估,READY_FOR_PRP,no,no,P1,财务,candidate_source_read,AUTH_UNKNOWN,no matching repository legacy Markdown snapshot; structurally eligible for PRP only; not provider-verified or call-authorized
LX-0A3BA5A66954,Lingxing ERP (platform scope unverified),Finance,财务,查询请款池-其他费用,/basicOpen/finance/requestFundsPool/otherFee/list,POST,UNVERIFIED,,docs/integrations/lingxing-walmart-openapi/normalized/interfaces.csv#LX-0A3BA5A66954,docs/integrations/lingxing-walmart-openapi/normalized/request_params.csv#LX-0A3BA5A66954 (10 rows),docs/integrations/lingxing-walmart-openapi/normalized/response_fields.csv#LX-0A3BA5A66954 (48 rows),doc=文档已收录; tested=未验证; phase1=待评估,READY_FOR_PRP,no,no,P1,财务,candidate_source_read,AUTH_UNKNOWN,no matching repository legacy Markdown snapshot; structurally eligible for PRP only; not provider-verified or call-authorized
LX-A095838ED68E,Lingxing ERP (platform scope unverified),Finance,财务,查询请款池-物流请款,/basicOpen/finance/requestFundsPool/logistics/list,POST,UNVERIFIED,,docs/integrations/lingxing-walmart-openapi/normalized/interfaces.csv#LX-A095838ED68E,docs/integrations/lingxing-walmart-openapi/normalized/request_params.csv#LX-A095838ED68E (7 rows),docs/integrations/lingxing-walmart-openapi/normalized/response_fields.csv#LX-A095838ED68E (53 rows),doc=文档已收录; tested=未验证; phase1=待评估,READY_FOR_PRP,no,no,P1,财务,candidate_source_read,AUTH_UNKNOWN,no matching repository legacy Markdown snapshot; structurally eligible for PRP only; not provider-verified or call-authorized
LX-A623F7D01F1B,Lingxing ERP (platform scope unverified),Finance,财务,查询费用明细列表,/bd/fee/management/open/feeManagement/otherFee/list,POST,UNVERIFIED,,docs/integrations/lingxing-walmart-openapi/normalized/interfaces.csv#LX-A623F7D01F1B,docs/integrations/lingxing-walmart-openapi/normalized/request_params.csv#LX-A623F7D01F1B (13 rows),docs/integrations/lingxing-walmart-openapi/normalized/response_fields.csv#LX-A623F7D01F1B (41 rows),doc=文档已收录; tested=未验证; phase1=待评估,READY_FOR_PRP,no,no,P1,财务,candidate_source_read,AUTH_UNKNOWN,no matching repository legacy Markdown snapshot; structurally eligible for PRP only; not provider-verified or call-authorized
LX-022E3FB1A8C6,Lingxing ERP (platform scope unverified),Finance,财务,查询费用类型列表,/bd/fee/management/open/feeManagement/otherFee/type,POST,UNVERIFIED,,docs/integrations/lingxing-walmart-openapi/normalized/interfaces.csv#LX-022E3FB1A8C6,NONE,docs/integrations/lingxing-walmart-openapi/normalized/response_fields.csv#LX-022E3FB1A8C6 (7 rows),doc=文档已收录; tested=未验证; phase1=待评估,PARTIAL_CONTRACT,no,no,P1,财务,candidate_source_read,MISSING_REQUEST_PARAMS,no matching repository legacy Markdown snapshot; path/method present but parameter or field evidence is incomplete
LX-D797CA8C373A,Lingxing ERP (platform scope unverified),Finance,财务,立即重算-利润报表数据,/bd/profit/report/open/report/settle/compute/manual,POST,UNVERIFIED,,docs/integrations/lingxing-walmart-openapi/normalized/interfaces.csv#LX-D797CA8C373A,docs/integrations/lingxing-walmart-openapi/normalized/request_params.csv#LX-D797CA8C373A (1 rows),docs/integrations/lingxing-walmart-openapi/normalized/response_fields.csv#LX-D797CA8C373A (7 rows),doc=文档已收录; tested=未验证; phase1=待评估,DO_NOT_USE,yes,no,P1,财务,reference_only,DO_NOT_USE,"no matching repository legacy Markdown snapshot; side_effect_endpoint: endpoint carries write, mutation, task-generation, recalculation, refund, split, merge, or weighing semantics; not eligible for read-only sync PRP; must not be used for automated real calls; requires separate owner approval if ever needed, with dedicated permission, audit, idempotency, misoperation prevention, and production authorization; excluded from implementation without a separate Owner re-evaluation"
LX-81629DDA1B88,Other non-Walmart,Finance,多平台 / 财务 / 美客多财务,美客多账单明细,/basicOpen/multiplatformFinance/mercado/bill/list,POST,UNVERIFIED,,docs/integrations/lingxing-walmart-openapi/normalized/deleted_interfaces.csv#LX-81629DDA1B88,NONE,NONE,no verification row,DELETED,yes,yes,P1,TBD,reference_only,DELETED,no matching repository legacy Markdown snapshot; excluded from implementation without a separate Owner re-evaluation
LX-CDEC1BCCBD6A,Multi-platform (Walmart applicability unverified),Finance,基础数据,获取国家下的州、省编码,/basicOpen/multiplatform/profit/report/stateList,POST,UNVERIFIED,,docs/integrations/lingxing-walmart-openapi/normalized/interfaces.csv#LX-CDEC1BCCBD6A,docs/integrations/lingxing-walmart-openapi/normalized/request_params.csv#LX-CDEC1BCCBD6A (1 rows),docs/integrations/lingxing-walmart-openapi/normalized/response_fields.csv#LX-CDEC1BCCBD6A (11 rows),doc=文档已收录; tested=未验证; phase1=待评估,READY_FOR_PRP,no,no,P1,工作台,candidate_source_read,AUTH_UNKNOWN,no matching repository legacy Markdown snapshot; structurally eligible for PRP only; not provider-verified or call-authorized
LX-61CA08C2A0B0,Other non-Walmart,Finance,多平台 / 财务 / Lazada财务,账单明细-LazadaSettlement,/basicOpen/finance/lazada/settlement/list,POST,UNVERIFIED,,docs/integrations/lingxing-walmart-openapi/normalized/deleted_interfaces.csv#LX-61CA08C2A0B0,NONE,NONE,no verification row,DELETED,yes,yes,P1,TBD,reference_only,DELETED,no matching repository legacy Markdown snapshot; excluded from implementation without a separate Owner re-evaluation
LX-9BC7C0FC1FF2,Other non-Walmart,Finance,多平台 / 财务 / Shopee财务,账单明细-ShopeeAdjustment,/basicOpen/finance/shopee/adjustment/list,POST,UNVERIFIED,,docs/integrations/lingxing-walmart-openapi/normalized/deleted_interfaces.csv#LX-9BC7C0FC1FF2,NONE,NONE,no verification row,DELETED,yes,yes,P1,TBD,reference_only,DELETED,no matching repository legacy Markdown snapshot; excluded from implementation without a separate Owner re-evaluation
LX-7A37661DCA50,Other non-Walmart,Finance,多平台 / 财务 / Shopee财务,账单明细-ShopeeIncome,/basicOpen/finance/shopee/income/list,POST,UNVERIFIED,,docs/integrations/lingxing-walmart-openapi/normalized/deleted_interfaces.csv#LX-7A37661DCA50,NONE,NONE,no verification row,DELETED,yes,yes,P1,TBD,reference_only,DELETED,no matching repository legacy Markdown snapshot; excluded from implementation without a separate Owner re-evaluation
LX-EE2593BAC4F5,Lingxing ERP (platform scope unverified),Finance,物流,FBM物流对账-确认/批量确认,/basicOpen/logistics/logisticsBill/confirm,POST,UNVERIFIED,,docs/integrations/lingxing-walmart-openapi/normalized/interfaces.csv#LX-EE2593BAC4F5,docs/integrations/lingxing-walmart-openapi/normalized/request_params.csv#LX-EE2593BAC4F5 (2 rows),docs/integrations/lingxing-walmart-openapi/normalized/response_fields.csv#LX-EE2593BAC4F5 (5 rows),doc=文档已收录; tested=未验证; phase1=待评估,DO_NOT_USE,yes,no,P2,财务,reference_only,DO_NOT_USE,no matching repository legacy Markdown snapshot; excluded from implementation without a separate Owner re-evaluation
LX-F9E744EBA863,Other non-Walmart,Finance,多平台 / 财务 / Temu半托跨境财务,Temu半托-发货面单费,/basicOpen/multiplatformFinance/temuHalf/ship/fee/list,POST,UNVERIFIED,,docs/integrations/lingxing-walmart-openapi/normalized/deleted_interfaces.csv#LX-F9E744EBA863,NONE,NONE,no verification row,DELETED,yes,yes,P2,TBD,reference_only,DELETED,no matching repository legacy Markdown snapshot; excluded from implementation without a separate Owner re-evaluation
LX-6EA203F42077,Lingxing ERP (platform scope unverified),Finance,财务,作废费用单,/bd/fee/management/open/feeManagement/otherFee/discard,POST,UNVERIFIED,,docs/integrations/lingxing-walmart-openapi/normalized/interfaces.csv#LX-6EA203F42077,docs/integrations/lingxing-walmart-openapi/normalized/request_params.csv#LX-6EA203F42077 (1 rows),docs/integrations/lingxing-walmart-openapi/normalized/response_fields.csv#LX-6EA203F42077 (3 rows),doc=文档已收录; tested=未验证; phase1=待评估,DO_NOT_USE,yes,no,P2,财务,reference_only,DO_NOT_USE,no matching repository legacy Markdown snapshot; excluded from implementation without a separate Owner re-evaluation
LX-7ED46019A235,Lingxing ERP (platform scope unverified),Finance,财务,创建费用单,/bd/fee/management/open/feeManagement/otherFee/create,POST,UNVERIFIED,,docs/integrations/lingxing-walmart-openapi/normalized/interfaces.csv#LX-7ED46019A235,docs/integrations/lingxing-walmart-openapi/normalized/request_params.csv#LX-7ED46019A235 (13 rows),docs/integrations/lingxing-walmart-openapi/normalized/response_fields.csv#LX-7ED46019A235 (3 rows),doc=文档已收录; tested=未验证; phase1=待评估,DO_NOT_USE,yes,no,P2,财务,reference_only,DO_NOT_USE,no matching repository legacy Markdown snapshot; excluded from implementation without a separate Owner re-evaluation
LX-1E89A7A2DA3C,Lingxing ERP (platform scope unverified),Finance,财务,删除费用单,/bd/fee/management/open/feeManagement/otherFee/delete,DELETE,UNVERIFIED,,docs/integrations/lingxing-walmart-openapi/normalized/interfaces.csv#LX-1E89A7A2DA3C,docs/integrations/lingxing-walmart-openapi/normalized/request_params.csv#LX-1E89A7A2DA3C (1 rows),docs/integrations/lingxing-walmart-openapi/normalized/response_fields.csv#LX-1E89A7A2DA3C (3 rows),doc=文档已收录; tested=未验证; phase1=待评估,DO_NOT_USE,yes,no,P2,财务,reference_only,DO_NOT_USE,no matching repository legacy Markdown snapshot; excluded from implementation without a separate Owner re-evaluation
LX-A0706D312540,Amazon,Finance,财务,查询发货结算报告,/cost/center/api/settlement/report,POST,UNVERIFIED,,docs/integrations/lingxing-walmart-openapi/normalized/deleted_interfaces.csv#LX-A0706D312540,NONE,NONE,no verification row,DELETED,yes,yes,P2,TBD,reference_only,DELETED,no matching repository legacy Markdown snapshot; excluded from implementation without a separate Owner re-evaluation
LX-20735537E141,Lingxing ERP (platform scope unverified),Finance,财务,编辑费用单,/bd/fee/management/open/feeManagement/otherFee/edit,POST,UNVERIFIED,,docs/integrations/lingxing-walmart-openapi/normalized/interfaces.csv#LX-20735537E141,docs/integrations/lingxing-walmart-openapi/normalized/request_params.csv#LX-20735537E141 (15 rows),docs/integrations/lingxing-walmart-openapi/normalized/response_fields.csv#LX-20735537E141 (3 rows),doc=文档已收录; tested=未验证; phase1=待评估,DO_NOT_USE,yes,no,P2,财务,reference_only,DO_NOT_USE,no matching repository legacy Markdown snapshot; excluded from implementation without a separate Owner re-evaluation
LX-D3A5B6A994C9,Amazon,Finance,财务,查询利润报表（旧） - ASIN（子级）,/erp/sc/routing/finance/ProfitState/profitAsinSon,POST,UNVERIFIED,,docs/integrations/lingxing-walmart-openapi/normalized/deleted_interfaces.csv#LX-D3A5B6A994C9,NONE,NONE,no verification row,DELETED,yes,yes,P3,TBD,reference_only,DELETED,no matching repository legacy Markdown snapshot; excluded from implementation without a separate Owner re-evaluation
LX-3D57A52589E7,Amazon,Finance,财务,查询利润报表（旧） - ASIN（父级）,/erp/sc/routing/finance/ProfitState/profitAsin,POST,UNVERIFIED,,docs/integrations/lingxing-walmart-openapi/normalized/deleted_interfaces.csv#LX-3D57A52589E7,NONE,NONE,no verification row,DELETED,yes,yes,P3,TBD,reference_only,DELETED,no matching repository legacy Markdown snapshot; excluded from implementation without a separate Owner re-evaluation
LX-C158E1CD652D,Lingxing ERP (platform scope unverified),Finance,财务,查询利润报表（旧） - MSKU,/erp/sc/routing/finance/ProfitState/profitMsku,POST,UNVERIFIED,,docs/integrations/lingxing-walmart-openapi/normalized/interfaces.csv#LX-C158E1CD652D,docs/integrations/lingxing-walmart-openapi/normalized/request_params.csv#LX-C158E1CD652D (5 rows),docs/integrations/lingxing-walmart-openapi/normalized/response_fields.csv#LX-C158E1CD652D (128 rows),doc=文档已收录; tested=未验证; phase1=待评估,READY_FOR_PRP,no,no,P3,产品; 财务; 运营,candidate_source_read,AUTH_UNKNOWN,no matching repository legacy Markdown snapshot; structurally eligible for PRP only; not provider-verified or call-authorized
LX-E9129B6BC59E,Lingxing ERP (platform scope unverified),Finance,财务,查询利润报表（旧）-结算明细,/erp/sc/routing/finance/ProfitState/profitSettlement,POST,UNVERIFIED,,docs/integrations/lingxing-walmart-openapi/normalized/interfaces.csv#LX-E9129B6BC59E,docs/integrations/lingxing-walmart-openapi/normalized/request_params.csv#LX-E9129B6BC59E (8 rows),docs/integrations/lingxing-walmart-openapi/normalized/response_fields.csv#LX-E9129B6BC59E (45 rows),doc=文档已收录; tested=未验证; phase1=待评估,READY_FOR_PRP,no,no,P3,财务,candidate_source_read,AUTH_UNKNOWN,no matching repository legacy Markdown snapshot; structurally eligible for PRP only; not provider-verified or call-authorized
LX-F9F6C21DEC55,Lingxing ERP (platform scope unverified),Finance,统计,查询利润统计（旧）-MSKU,/erp/sc/routing/finance/ProfitStatis/profitMsku,POST,UNVERIFIED,,docs/integrations/lingxing-walmart-openapi/normalized/interfaces.csv#LX-F9F6C21DEC55,docs/integrations/lingxing-walmart-openapi/normalized/request_params.csv#LX-F9F6C21DEC55 (8 rows),docs/integrations/lingxing-walmart-openapi/normalized/response_fields.csv#LX-F9F6C21DEC55 (37 rows),doc=文档已收录; tested=未验证; phase1=待评估,READY_FOR_PRP,no,no,P3,产品; 财务; 运营,candidate_source_read,AUTH_UNKNOWN,no matching repository legacy Markdown snapshot; structurally eligible for PRP only; not provider-verified or call-authorized
LX-77BF3BD27008,Multi-platform (Walmart applicability unverified),Finance,多平台 / 财务 / 利润报表（旧）,查询结算利润（利润报表）-店铺（旧版）,/basicOpen/multiplatform/profit/report/seller,POST,UNVERIFIED,,docs/integrations/lingxing-walmart-openapi/normalized/interfaces.csv#LX-77BF3BD27008,docs/integrations/lingxing-walmart-openapi/normalized/request_params.csv#LX-77BF3BD27008 (8 rows),docs/integrations/lingxing-walmart-openapi/normalized/response_fields.csv#LX-77BF3BD27008 (255 rows),doc=文档已收录; tested=未验证; phase1=待评估,READY_FOR_PRP,no,no,P3,财务,candidate_source_read,AUTH_UNKNOWN,no matching repository legacy Markdown snapshot; structurally eligible for PRP only; not provider-verified or call-authorized
LX-C7469949AF25,Amazon,Inventory,VC,VC报表-库存报表,/basicOpen/vc/report/inventory/list,POST,UNVERIFIED,,docs/integrations/lingxing-walmart-openapi/normalized/deleted_interfaces.csv#LX-C7469949AF25,NONE,NONE,no verification row,DELETED,yes,yes,P0,TBD,reference_only,DELETED,no matching repository legacy Markdown snapshot; excluded from implementation without a separate Owner re-evaluation
LX-29AE97DABE08,Lingxing ERP (platform scope unverified),Inventory,仓库 / 出入库,加工单列表,/erp/sc/routing/inventoryReceipt/StorageProcess/getOrderLists,POST,UNVERIFIED,,docs/integrations/lingxing-walmart-openapi/normalized/interfaces.csv#LX-29AE97DABE08,docs/integrations/lingxing-walmart-openapi/normalized/request_params.csv#LX-29AE97DABE08 (9 rows),docs/integrations/lingxing-walmart-openapi/normalized/response_fields.csv#LX-29AE97DABE08 (45 rows),doc=文档已收录; tested=未验证; phase1=待评估,READY_FOR_PRP,no,no,P0,仓库; 销售,candidate_source_read,AUTH_UNKNOWN,no matching repository legacy Markdown snapshot; structurally eligible for PRP only; not provider-verified or call-authorized
LX-EED28B643827,Other non-Walmart,Inventory,多平台,多平台-查询Coupang库存,/basicOpen/multiplatform/coupang/stockSearch,POST,UNVERIFIED,,docs/integrations/lingxing-walmart-openapi/normalized/deleted_interfaces.csv#LX-EED28B643827,NONE,NONE,no verification row,DELETED,yes,yes,P0,TBD,reference_only,DELETED,no matching repository legacy Markdown snapshot; excluded from implementation without a separate Owner re-evaluation
LX-0A3640E4803A,Multi-platform (Walmart applicability unverified),Inventory,多平台,多平台-查询FBS库存,/basicOpen/multiplatform/fbs/stockSearch,POST,UNVERIFIED,,docs/integrations/lingxing-walmart-openapi/normalized/deleted_interfaces.csv#LX-0A3640E4803A,NONE,NONE,no verification row,DELETED,yes,yes,P0,TBD,reference_only,DELETED,no matching repository legacy Markdown snapshot; excluded from implementation without a separate Owner re-evaluation
LX-CB2AA7F5DD72,Multi-platform (Walmart applicability unverified),Inventory,多平台,多平台-查询FBT库存,/basicOpen/multiplatform/fbt/stockSearch/v2,POST,UNVERIFIED,,docs/integrations/lingxing-walmart-openapi/normalized/deleted_interfaces.csv#LX-CB2AA7F5DD72,NONE,NONE,no verification row,DELETED,yes,yes,P0,TBD,reference_only,DELETED,no matching repository legacy Markdown snapshot; excluded from implementation without a separate Owner re-evaluation
LX-754101458F29,Other non-Walmart,Inventory,多平台,多平台-查询wayfair库存,/basicOpen/multiplatform/wayfair/stockSearch,POST,UNVERIFIED,,docs/integrations/lingxing-walmart-openapi/normalized/deleted_interfaces.csv#LX-754101458F29,NONE,NONE,no verification row,DELETED,yes,yes,P0,TBD,reference_only,DELETED,no matching repository legacy Markdown snapshot; excluded from implementation without a separate Owner re-evaluation
LX-7267D332382D,Amazon,Inventory,统计,库存报表-FBA-历史报表-汇总-明细,/erp/sc/routing/fba/fbaStockReport/getList,POST,UNVERIFIED,,docs/integrations/lingxing-walmart-openapi/normalized/deleted_interfaces.csv#LX-7267D332382D,NONE,NONE,no verification row,DELETED,yes,yes,P0,TBD,reference_only,DELETED,no matching repository legacy Markdown snapshot; excluded from implementation without a separate Owner re-evaluation
LX-2ED2F6B3D698,Amazon,Inventory,统计,库存报表-FBA-新版-明细,/cost/center/openApi/fba/detail/query,POST,UNVERIFIED,,docs/integrations/lingxing-walmart-openapi/normalized/deleted_interfaces.csv#LX-2ED2F6B3D698,NONE,NONE,no verification row,DELETED,yes,yes,P0,TBD,reference_only,DELETED,no matching repository legacy Markdown snapshot; excluded from implementation without a separate Owner re-evaluation
LX-97BF8DB332A5,Amazon,Inventory,统计,库存报表-FBA-新版-汇总,/cost/center/openApi/fba/gather/query,POST,UNVERIFIED,,docs/integrations/lingxing-walmart-openapi/normalized/deleted_interfaces.csv#LX-97BF8DB332A5,NONE,NONE,no verification row,DELETED,yes,yes,P0,TBD,reference_only,DELETED,no matching repository legacy Markdown snapshot; excluded from implementation without a separate Owner re-evaluation
LX-0070B9951962,Lingxing ERP (platform scope unverified),Inventory,统计,库存报表-本地仓-历史报表-明细,/erp/sc/routing/inventoryLog/WareHouseReport/getLocalWareHouseDetailList,POST,UNVERIFIED,,docs/integrations/lingxing-walmart-openapi/normalized/interfaces.csv#LX-0070B9951962,docs/integrations/lingxing-walmart-openapi/normalized/request_params.csv#LX-0070B9951962 (5 rows),docs/integrations/lingxing-walmart-openapi/normalized/response_fields.csv#LX-0070B9951962 (62 rows),doc=文档已收录; tested=未验证; phase1=待评估,READY_FOR_PRP,no,no,P0,运营,candidate_source_read,AUTH_UNKNOWN,no matching repository legacy Markdown snapshot; structurally eligible for PRP only; not provider-verified or call-authorized
LX-171BF687A225,Lingxing ERP (platform scope unverified),Inventory,统计,库存报表-本地仓-历史报表-汇总,/erp/sc/routing/inventoryLog/WareHouseReport/getLocalWareHouseSummaryList,POST,UNVERIFIED,,docs/integrations/lingxing-walmart-openapi/normalized/interfaces.csv#LX-171BF687A225,docs/integrations/lingxing-walmart-openapi/normalized/request_params.csv#LX-171BF687A225 (3 rows),docs/integrations/lingxing-walmart-openapi/normalized/response_fields.csv#LX-171BF687A225 (50 rows),doc=文档已收录; tested=未验证; phase1=待评估,READY_FOR_PRP,no,no,P0,运营,candidate_source_read,AUTH_UNKNOWN,no matching repository legacy Markdown snapshot; structurally eligible for PRP only; not provider-verified or call-authorized
LX-FCDF84763AAF,Lingxing ERP (platform scope unverified),Inventory,统计,库存报表-本地仓-新报表-明细,/inventory/center/openapi/storageReport/local/detail/page,POST,UNVERIFIED,,docs/integrations/lingxing-walmart-openapi/normalized/interfaces.csv#LX-FCDF84763AAF,docs/integrations/lingxing-walmart-openapi/normalized/request_params.csv#LX-FCDF84763AAF (5 rows),docs/integrations/lingxing-walmart-openapi/normalized/response_fields.csv#LX-FCDF84763AAF (80 rows),doc=文档已收录; tested=未验证; phase1=待评估,READY_FOR_PRP,no,no,P0,运营,candidate_source_read,AUTH_UNKNOWN,no matching repository legacy Markdown snapshot; structurally eligible for PRP only; not provider-verified or call-authorized
LX-5891B9352423,Lingxing ERP (platform scope unverified),Inventory,统计,库存报表-本地仓-新报表-汇总,/inventory/center/openapi/storageReport/local/aggregate/list,POST,UNVERIFIED,,docs/integrations/lingxing-walmart-openapi/normalized/interfaces.csv#LX-5891B9352423,docs/integrations/lingxing-walmart-openapi/normalized/request_params.csv#LX-5891B9352423 (3 rows),docs/integrations/lingxing-walmart-openapi/normalized/response_fields.csv#LX-5891B9352423 (67 rows),doc=文档已收录; tested=未验证; phase1=待评估,READY_FOR_PRP,no,no,P0,运营,candidate_source_read,AUTH_UNKNOWN,no matching repository legacy Markdown snapshot; structurally eligible for PRP only; not provider-verified or call-authorized
LX-3D1F244FB7C8,Lingxing ERP (platform scope unverified),Inventory,统计,库存报表-海外仓-历史报表-明细,/erp/sc/routing/inventoryLog/WareHouseReport/getOverSeaDetailList,POST,UNVERIFIED,,docs/integrations/lingxing-walmart-openapi/normalized/interfaces.csv#LX-3D1F244FB7C8,docs/integrations/lingxing-walmart-openapi/normalized/request_params.csv#LX-3D1F244FB7C8 (5 rows),docs/integrations/lingxing-walmart-openapi/normalized/response_fields.csv#LX-3D1F244FB7C8 (64 rows),doc=文档已收录; tested=未验证; phase1=待评估,READY_FOR_PRP,no,no,P0,运营,candidate_source_read,AUTH_UNKNOWN,no matching repository legacy Markdown snapshot; structurally eligible for PRP only; not provider-verified or call-authorized
LX-A5CE884A505B,Lingxing ERP (platform scope unverified),Inventory,统计,库存报表-海外仓-历史报表-汇总,/erp/sc/routing/inventoryLog/WareHouseReport/getOverSeaSummaryList,POST,UNVERIFIED,,docs/integrations/lingxing-walmart-openapi/normalized/interfaces.csv#LX-A5CE884A505B,docs/integrations/lingxing-walmart-openapi/normalized/request_params.csv#LX-A5CE884A505B (3 rows),docs/integrations/lingxing-walmart-openapi/normalized/response_fields.csv#LX-A5CE884A505B (55 rows),doc=文档已收录; tested=未验证; phase1=待评估,READY_FOR_PRP,no,no,P0,运营,candidate_source_read,AUTH_UNKNOWN,no matching repository legacy Markdown snapshot; structurally eligible for PRP only; not provider-verified or call-authorized
LX-8116408E9FBA,Lingxing ERP (platform scope unverified),Inventory,统计,库存报表-海外仓-新报表-明细,/inventory/center/openapi/storageReport/overseas/detail/page,POST,UNVERIFIED,,docs/integrations/lingxing-walmart-openapi/normalized/interfaces.csv#LX-8116408E9FBA,docs/integrations/lingxing-walmart-openapi/normalized/request_params.csv#LX-8116408E9FBA (5 rows),docs/integrations/lingxing-walmart-openapi/normalized/response_fields.csv#LX-8116408E9FBA (85 rows),doc=文档已收录; tested=未验证; phase1=待评估,READY_FOR_PRP,no,no,P0,运营,candidate_source_read,AUTH_UNKNOWN,no matching repository legacy Markdown snapshot; structurally eligible for PRP only; not provider-verified or call-authorized
LX-CD4E8AC1BDC2,Lingxing ERP (platform scope unverified),Inventory,统计,库存报表-海外仓-新报表-汇总,/inventory/center/openapi/storageReport/overseas/aggregate/list,POST,UNVERIFIED,,docs/integrations/lingxing-walmart-openapi/normalized/interfaces.csv#LX-CD4E8AC1BDC2,docs/integrations/lingxing-walmart-openapi/normalized/request_params.csv#LX-CD4E8AC1BDC2 (3 rows),docs/integrations/lingxing-walmart-openapi/normalized/response_fields.csv#LX-CD4E8AC1BDC2 (71 rows),doc=文档已收录; tested=未验证; phase1=待评估,READY_FOR_PRP,no,no,P0,运营,candidate_source_read,AUTH_UNKNOWN,no matching repository legacy Markdown snapshot; structurally eligible for PRP only; not provider-verified or call-authorized
LX-647D3B813478,Amazon,Inventory,补货建议,按ASIN查询FBA补货建议图表,/erp/sc/routing/fbaSug/asin/getDailySalesInfoFeature,POST,UNVERIFIED,,docs/integrations/lingxing-walmart-openapi/normalized/deleted_interfaces.csv#LX-647D3B813478,NONE,NONE,no verification row,DELETED,yes,yes,P0,TBD,reference_only,DELETED,no matching repository legacy Markdown snapshot; excluded from implementation without a separate Owner re-evaluation
LX-10AEF8B863DC,Amazon,Inventory,补货建议,按MSKU查询FBA补货建议图表,/erp/sc/routing/fbaSug/msku/getDailySalesInfoFeature,POST,UNVERIFIED,,docs/integrations/lingxing-walmart-openapi/normalized/deleted_interfaces.csv#LX-10AEF8B863DC,NONE,NONE,no verification row,DELETED,yes,yes,P0,TBD,reference_only,DELETED,no matching repository legacy Markdown snapshot; excluded from implementation without a separate Owner re-evaluation
LX-A791179C9A78,Lingxing ERP (platform scope unverified),Inventory,仓库 / 库存&流水,查询AWD库存列表,/basicOpen/openapi/storage/awdWarehouseDetail,POST,UNVERIFIED,,docs/integrations/lingxing-walmart-openapi/normalized/interfaces.csv#LX-A791179C9A78,docs/integrations/lingxing-walmart-openapi/normalized/request_params.csv#LX-A791179C9A78 (11 rows),docs/integrations/lingxing-walmart-openapi/normalized/response_fields.csv#LX-A791179C9A78 (51 rows),doc=文档已收录; tested=未验证; phase1=待评估,READY_FOR_PRP,no,no,P0,仓库,candidate_source_read,AUTH_UNKNOWN,no matching repository legacy Markdown snapshot; structurally eligible for PRP only; not provider-verified or call-authorized
LX-D669477A844A,Amazon,Inventory,仓库 / 库存&流水,查询FBA库存列表,/erp/sc/routing/fba/fbaStock/fbaList,POST,UNVERIFIED,,docs/integrations/lingxing-walmart-openapi/normalized/deleted_interfaces.csv#LX-D669477A844A,NONE,NONE,no verification row,DELETED,yes,yes,P0,TBD,reference_only,DELETED,no matching repository legacy Markdown snapshot; excluded from implementation without a separate Owner re-evaluation
LX-52EB7C94DD2E,Amazon,Inventory,仓库 / 库存&流水,查询FBA库存列表-v2,/basicOpen/openapi/storage/fbaWarehouseDetail,POST,UNVERIFIED,,docs/integrations/lingxing-walmart-openapi/normalized/deleted_interfaces.csv#LX-52EB7C94DD2E,NONE,NONE,no verification row,DELETED,yes,yes,P0,TBD,reference_only,DELETED,no matching repository legacy Markdown snapshot; excluded from implementation without a separate Owner re-evaluation
LX-220615AFB318,Amazon,Inventory,多平台,查询FBC平台仓信息,/basicOpen/openapi/fbc/stockSearch,POST,UNVERIFIED,,docs/integrations/lingxing-walmart-openapi/normalized/deleted_interfaces.csv#LX-220615AFB318,NONE,NONE,no verification row,DELETED,yes,yes,P0,TBD,reference_only,DELETED,no matching repository legacy Markdown snapshot; excluded from implementation without a separate Owner re-evaluation
LX-B12AC94A93F3,Multi-platform (Walmart applicability unverified),Inventory,多平台,查询FULL库存,/basicOpen/multiplatform/full/stockSearch,POST,UNVERIFIED,,docs/integrations/lingxing-walmart-openapi/normalized/deleted_interfaces.csv#LX-B12AC94A93F3,NONE,NONE,no verification row,DELETED,yes,yes,P0,TBD,reference_only,DELETED,no matching repository legacy Markdown snapshot; excluded from implementation without a separate Owner re-evaluation
LX-FB4EA16F878B,Other non-Walmart,Inventory,多平台,查询Temu平台仓备货单列表,/basicOpen/stockOrder/temu/queryPage,POST,UNVERIFIED,,docs/integrations/lingxing-walmart-openapi/normalized/deleted_interfaces.csv#LX-FB4EA16F878B,NONE,NONE,no verification row,DELETED,yes,yes,P0,TBD,reference_only,DELETED,no matching repository legacy Markdown snapshot; excluded from implementation without a separate Owner re-evaluation
LX-88185DB81F58,Other non-Walmart,Inventory,多平台,查询Temu库存,/basicOpen/multiplatform/fbt/stockSearch,POST,UNVERIFIED,,docs/integrations/lingxing-walmart-openapi/normalized/deleted_interfaces.csv#LX-88185DB81F58,NONE,NONE,no verification row,DELETED,yes,yes,P0,TBD,reference_only,DELETED,no matching repository legacy Markdown snapshot; excluded from implementation without a separate Owner re-evaluation
LX-2F6DEEBA27AE,Amazon,Inventory,亚马逊源表数据,查询亚马逊源报表-FBA可售库存,/erp/sc/data/mws_report/getAfnFulfillableQuantity,POST,UNVERIFIED,,docs/integrations/lingxing-walmart-openapi/normalized/deleted_interfaces.csv#LX-2F6DEEBA27AE,NONE,NONE,no verification row,DELETED,yes,yes,P0,TBD,reference_only,DELETED,no matching repository legacy Markdown snapshot; excluded from implementation without a separate Owner re-evaluation
LX-FAD313A316C6,Amazon,Inventory,亚马逊源表数据,查询亚马逊源报表-FBA库存,/erp/sc/data/mws_report/manageInventory,POST,UNVERIFIED,,docs/integrations/lingxing-walmart-openapi/normalized/deleted_interfaces.csv#LX-FAD313A316C6,NONE,NONE,no verification row,DELETED,yes,yes,P0,TBD,reference_only,DELETED,no matching repository legacy Markdown snapshot; excluded from implementation without a separate Owner re-evaluation
LX-C665F51291FD,Amazon,Inventory,亚马逊源表数据,查询亚马逊源报表-每日库存,/erp/sc/data/mws_report/dailyInventory,POST,UNVERIFIED,,docs/integrations/lingxing-walmart-openapi/normalized/deleted_interfaces.csv#LX-C665F51291FD,NONE,NONE,no verification row,DELETED,yes,yes,P0,TBD,reference_only,DELETED,no matching repository legacy Markdown snapshot; excluded from implementation without a separate Owner re-evaluation
LX-6C3BA086A3D0,Amazon,Inventory,亚马逊源表数据,查询亚马逊源报表-预留库存,/erp/sc/data/mws_report/reservedInventory,POST,UNVERIFIED,,docs/integrations/lingxing-walmart-openapi/normalized/deleted_interfaces.csv#LX-6C3BA086A3D0,NONE,NONE,no verification row,DELETED,yes,yes,P0,TBD,reference_only,DELETED,no matching repository legacy Markdown snapshot; excluded from implementation without a separate Owner re-evaluation
LX-FB5A5A1C2113,Amazon,Inventory,亚马逊源表数据,查询亚马逊源报表——Inventory Event Detail,/erp/sc/data/mws_report/getFbaInventoryEventDetailList,POST,UNVERIFIED,,docs/integrations/lingxing-walmart-openapi/normalized/deleted_interfaces.csv#LX-FB5A5A1C2113,NONE,NONE,no verification row,DELETED,yes,yes,P0,TBD,reference_only,DELETED,no matching repository legacy Markdown snapshot; excluded from implementation without a separate Owner re-evaluation
LX-2FC0FB186F97,Amazon,Inventory,亚马逊源表数据,查询亚马逊源报表—库龄表,/erp/sc/routing/fba/fbaStock/getFbaAgeList,POST,UNVERIFIED,,docs/integrations/lingxing-walmart-openapi/normalized/deleted_interfaces.csv#LX-2FC0FB186F97,NONE,NONE,no verification row,DELETED,yes,yes,P0,TBD,reference_only,DELETED,no matching repository legacy Markdown snapshot; excluded from implementation without a separate Owner re-evaluation
LX-326AAA5EA5C0,Amazon,Inventory,亚马逊源表数据,查询亚马逊源表数据--Inventory Event Detail v1,/erp/sc/data/mws_report_v1/getFbaInventoryEventDetailList,POST,UNVERIFIED,,docs/integrations/lingxing-walmart-openapi/normalized/deleted_interfaces.csv#LX-326AAA5EA5C0,NONE,NONE,no verification row,DELETED,yes,yes,P0,TBD,reference_only,DELETED,no matching repository legacy Markdown snapshot; excluded from implementation without a separate Owner re-evaluation
LX-47310BFA3E0D,Lingxing ERP (platform scope unverified),Inventory,仓库 / 库存&流水,查询仓位库存明细,/erp/sc/routing/data/local_inventory/inventoryBinDetails,POST,UNVERIFIED,,docs/integrations/lingxing-walmart-openapi/normalized/interfaces.csv#LX-47310BFA3E0D,docs/integrations/lingxing-walmart-openapi/normalized/request_params.csv#LX-47310BFA3E0D (4 rows),docs/integrations/lingxing-walmart-openapi/normalized/response_fields.csv#LX-47310BFA3E0D (25 rows),doc=文档已收录; tested=未验证; phase1=待评估,READY_FOR_PRP,no,no,P0,仓库,candidate_source_read,AUTH_UNKNOWN,no matching repository legacy Markdown snapshot; structurally eligible for PRP only; not provider-verified or call-authorized
LX-8DE4E360B561,Lingxing ERP (platform scope unverified),Inventory,仓库 / 库存&流水,查询仓位流水,/erp/sc/routing/data/local_inventory/wareHouseBinStatement,POST,UNVERIFIED,,docs/integrations/lingxing-walmart-openapi/normalized/interfaces.csv#LX-8DE4E360B561,docs/integrations/lingxing-walmart-openapi/normalized/request_params.csv#LX-8DE4E360B561 (7 rows),docs/integrations/lingxing-walmart-openapi/normalized/response_fields.csv#LX-8DE4E360B561 (24 rows),doc=文档已收录; tested=未验证; phase1=待评估,READY_FOR_PRP,no,no,P0,仓库,candidate_source_read,AUTH_UNKNOWN,no matching repository legacy Markdown snapshot; structurally eligible for PRP only; not provider-verified or call-authorized
LX-41E509578C0D,Lingxing ERP (platform scope unverified),Inventory,仓库 / 仓库设置,查询仓库列表,/erp/sc/data/local_inventory/warehouse,POST,UNVERIFIED,,docs/integrations/lingxing-walmart-openapi/normalized/interfaces.csv#LX-41E509578C0D,docs/integrations/lingxing-walmart-openapi/normalized/request_params.csv#LX-41E509578C0D (5 rows),docs/integrations/lingxing-walmart-openapi/normalized/response_fields.csv#LX-41E509578C0D (18 rows),doc=文档已收录; tested=未验证; phase1=待评估,READY_FOR_PRP,no,no,P0,仓库,candidate_source_read,AUTH_UNKNOWN,no matching repository legacy Markdown snapshot; structurally eligible for PRP only; not provider-verified or call-authorized
LX-41B3AF612B29,Lingxing ERP (platform scope unverified),Inventory,仓库 / 库存&流水,查询仓库库存明细,/erp/sc/routing/data/local_inventory/inventoryDetails,POST,HTTPS,old-system/source/docs/lingxing/InventoryDetails.md,docs/integrations/lingxing-walmart-openapi/normalized/interfaces.csv#LX-41B3AF612B29,docs/integrations/lingxing-walmart-openapi/normalized/request_params.csv#LX-41B3AF612B29 (4 rows),docs/integrations/lingxing-walmart-openapi/normalized/response_fields.csv#LX-41B3AF612B29 (54 rows),doc=文档已收录; tested=未验证; phase1=待评估,READY_FOR_PRP,no,no,P0,仓库,candidate_source_read,AUTH_UNKNOWN,structurally eligible for PRP only; not provider-verified or call-authorized
LX-EB2B3813F515,Lingxing ERP (platform scope unverified),Inventory,仓库 / 海外仓,查询备货单详情,/basicOpen/overSeaWarehouse/stockOrder/detail,POST,UNVERIFIED,,docs/integrations/lingxing-walmart-openapi/normalized/interfaces.csv#LX-EB2B3813F515,docs/integrations/lingxing-walmart-openapi/normalized/request_params.csv#LX-EB2B3813F515 (1 rows),docs/integrations/lingxing-walmart-openapi/normalized/response_fields.csv#LX-EB2B3813F515 (229 rows),doc=文档已收录; tested=未验证; phase1=待评估,READY_FOR_PRP,no,no,P0,仓库,candidate_source_read,AUTH_UNKNOWN,no matching repository legacy Markdown snapshot; structurally eligible for PRP only; not provider-verified or call-authorized
LX-F0CE5B7F589B,Lingxing ERP (platform scope unverified),Inventory,仓库 / 库存&流水,查询库存流水（新）,/erp/sc/routing/inventoryLog/WareHouseInventory/wareHouseCenterStatement,POST,UNVERIFIED,,docs/integrations/lingxing-walmart-openapi/normalized/interfaces.csv#LX-F0CE5B7F589B,docs/integrations/lingxing-walmart-openapi/normalized/request_params.csv#LX-F0CE5B7F589B (7 rows),docs/integrations/lingxing-walmart-openapi/normalized/response_fields.csv#LX-F0CE5B7F589B (49 rows),doc=文档已收录; tested=未验证; phase1=待评估,READY_FOR_PRP,no,no,P0,仓库,candidate_source_read,AUTH_UNKNOWN,no matching repository legacy Markdown snapshot; structurally eligible for PRP only; not provider-verified or call-authorized
LX-1181D4F827FB,Lingxing ERP (platform scope unverified),Inventory,仓库 / 库存&流水,查询批次明细,/erp/sc/routing/data/local_inventory/getBatchDetailList,POST,UNVERIFIED,,docs/integrations/lingxing-walmart-openapi/normalized/interfaces.csv#LX-1181D4F827FB,docs/integrations/lingxing-walmart-openapi/normalized/request_params.csv#LX-1181D4F827FB (7 rows),docs/integrations/lingxing-walmart-openapi/normalized/response_fields.csv#LX-1181D4F827FB (45 rows),doc=文档已收录; tested=未验证; phase1=待评估,READY_FOR_PRP,no,no,P0,仓库,candidate_source_read,AUTH_UNKNOWN,no matching repository legacy Markdown snapshot; structurally eligible for PRP only; not provider-verified or call-authorized
LX-BCB9BCE2437F,Lingxing ERP (platform scope unverified),Inventory,仓库 / 库存&流水,查询批次流水,/erp/sc/routing/data/local_inventory/getBatchStatementList,POST,UNVERIFIED,,docs/integrations/lingxing-walmart-openapi/normalized/interfaces.csv#LX-BCB9BCE2437F,docs/integrations/lingxing-walmart-openapi/normalized/request_params.csv#LX-BCB9BCE2437F (9 rows),docs/integrations/lingxing-walmart-openapi/normalized/response_fields.csv#LX-BCB9BCE2437F (43 rows),doc=文档已收录; tested=未验证; phase1=待评估,READY_FOR_PRP,no,no,P0,仓库,candidate_source_read,AUTH_UNKNOWN,no matching repository legacy Markdown snapshot; structurally eligible for PRP only; not provider-verified or call-authorized
LX-E7E783692504,Amazon,Inventory,补货建议,查询报表型数据明细-ASIN,/erp/sc/routing/fbaSug/asin/getSourceList,POST,UNVERIFIED,,docs/integrations/lingxing-walmart-openapi/normalized/deleted_interfaces.csv#LX-E7E783692504,NONE,NONE,no verification row,DELETED,yes,yes,P0,TBD,reference_only,DELETED,no matching repository legacy Markdown snapshot; excluded from implementation without a separate Owner re-evaluation
LX-2D6D0BBDF459,Amazon,Inventory,补货建议,查询报表型数据明细-MSKU,/erp/sc/routing/fbaSug/msku/getSourceList,POST,UNVERIFIED,,docs/integrations/lingxing-walmart-openapi/normalized/deleted_interfaces.csv#LX-2D6D0BBDF459,NONE,NONE,no verification row,DELETED,yes,yes,P0,TBD,reference_only,DELETED,no matching repository legacy Markdown snapshot; excluded from implementation without a separate Owner re-evaluation
LX-EC6F4C39346F,Lingxing ERP (platform scope unverified),Inventory,仓库 / 仓库设置,查询本地仓位列表,/erp/sc/routing/data/local_inventory/warehouseBin,POST,UNVERIFIED,,docs/integrations/lingxing-walmart-openapi/normalized/interfaces.csv#LX-EC6F4C39346F,docs/integrations/lingxing-walmart-openapi/normalized/request_params.csv#LX-EC6F4C39346F (6 rows),docs/integrations/lingxing-walmart-openapi/normalized/response_fields.csv#LX-EC6F4C39346F (16 rows),doc=文档已收录; tested=未验证; phase1=待评估,READY_FOR_PRP,no,no,P0,仓库,candidate_source_read,AUTH_UNKNOWN,no matching repository legacy Markdown snapshot; structurally eligible for PRP only; not provider-verified or call-authorized
LX-D5353A465E6D,Lingxing ERP (platform scope unverified),Inventory,仓库 / 出入库,查询盘点单列表,/erp/sc/routing/inventoryReceipt/InventoryCheck/getOrderList,POST,UNVERIFIED,,docs/integrations/lingxing-walmart-openapi/normalized/interfaces.csv#LX-D5353A465E6D,docs/integrations/lingxing-walmart-openapi/normalized/request_params.csv#LX-D5353A465E6D (10 rows),docs/integrations/lingxing-walmart-openapi/normalized/response_fields.csv#LX-D5353A465E6D (39 rows),doc=文档已收录; tested=未验证; phase1=待评估,READY_FOR_PRP,no,no,P0,仓库; 销售,candidate_source_read,AUTH_UNKNOWN,no matching repository legacy Markdown snapshot; structurally eligible for PRP only; not provider-verified or call-authorized
LX-642D33967219,Lingxing ERP (platform scope unverified),Inventory,仓库 / 出入库,查询盘点单详情,/erp/sc/routing/inventoryReceipt/InventoryCheck/getOrderDetail,POST,UNVERIFIED,,docs/integrations/lingxing-walmart-openapi/normalized/interfaces.csv#LX-642D33967219,docs/integrations/lingxing-walmart-openapi/normalized/request_params.csv#LX-642D33967219 (7 rows),docs/integrations/lingxing-walmart-openapi/normalized/response_fields.csv#LX-642D33967219 (63 rows),doc=文档已收录; tested=未验证; phase1=待评估,READY_FOR_PRP,no,no,P0,仓库; 销售,candidate_source_read,AUTH_UNKNOWN,no matching repository legacy Markdown snapshot; structurally eligible for PRP only; not provider-verified or call-authorized
LX-4E3A3DA2B70A,Lingxing ERP (platform scope unverified),Inventory,仓库 / 出入库,查询调拨单列表,/erp/sc/routing/inventoryReceipt/StorageAllocation/getStorageAllocationList,POST,UNVERIFIED,,docs/integrations/lingxing-walmart-openapi/normalized/interfaces.csv#LX-4E3A3DA2B70A,docs/integrations/lingxing-walmart-openapi/normalized/request_params.csv#LX-4E3A3DA2B70A (7 rows),docs/integrations/lingxing-walmart-openapi/normalized/response_fields.csv#LX-4E3A3DA2B70A (99 rows),doc=文档已收录; tested=未验证; phase1=待评估,READY_FOR_PRP,no,no,P0,仓库,candidate_source_read,AUTH_UNKNOWN,no matching repository legacy Markdown snapshot; structurally eligible for PRP only; not provider-verified or call-authorized
LX-9909117FD1E7,Lingxing ERP (platform scope unverified),Inventory,仓库 / 出入库,查询调整单列表,/erp/sc/routing/inventoryReceipt/StorageAdjustment/getStorageAdjustOrderList,POST,UNVERIFIED,,docs/integrations/lingxing-walmart-openapi/normalized/interfaces.csv#LX-9909117FD1E7,docs/integrations/lingxing-walmart-openapi/normalized/request_params.csv#LX-9909117FD1E7 (9 rows),docs/integrations/lingxing-walmart-openapi/normalized/response_fields.csv#LX-9909117FD1E7 (60 rows),doc=文档已收录; tested=未验证; phase1=待评估,READY_FOR_PRP,no,no,P0,仓库; 销售,candidate_source_read,AUTH_UNKNOWN,no matching repository legacy Markdown snapshot; structurally eligible for PRP only; not provider-verified or call-authorized
LX-8F9A0C4E13C0,Lingxing ERP (platform scope unverified),Inventory,工具,查询预警消息列表-库存,/basicOpen/settings/warningMessage/inventoryList,POST,UNVERIFIED,,docs/integrations/lingxing-walmart-openapi/normalized/interfaces.csv#LX-8F9A0C4E13C0,docs/integrations/lingxing-walmart-openapi/normalized/request_params.csv#LX-8F9A0C4E13C0 (7 rows),docs/integrations/lingxing-walmart-openapi/normalized/response_fields.csv#LX-8F9A0C4E13C0 (22 rows),doc=文档已收录; tested=未验证; phase1=待评估,READY_FOR_PRP,no,no,P0,仓库; 运营,candidate_source_read,AUTH_UNKNOWN,no matching repository legacy Markdown snapshot; structurally eligible for PRP only; not provider-verified or call-authorized
LX-E95A3442D310,Lingxing ERP (platform scope unverified),Inventory,物流,查询头程物流渠道列表,/erp/sc/data/local_inventory/channelList,POST,UNVERIFIED,,docs/integrations/lingxing-walmart-openapi/normalized/interfaces.csv#LX-E95A3442D310,docs/integrations/lingxing-walmart-openapi/normalized/request_params.csv#LX-E95A3442D310 (2 rows),docs/integrations/lingxing-walmart-openapi/normalized/response_fields.csv#LX-E95A3442D310 (32 rows),doc=文档已收录; tested=未验证; phase1=待评估,READY_FOR_PRP,no,no,P1,工作台,candidate_source_read,AUTH_UNKNOWN,no matching repository legacy Markdown snapshot; structurally eligible for PRP only; not provider-verified or call-authorized
LX-B6632DFC6552,Amazon,Inventory,FBA / 发货计划,FBA仓发货计划释放库存,/basicOpen/openapi/fba/releaseStorage,POST,UNVERIFIED,,docs/integrations/lingxing-walmart-openapi/normalized/deleted_interfaces.csv#LX-B6632DFC6552,NONE,NONE,no verification row,DELETED,yes,yes,P2,TBD,reference_only,DELETED,no matching repository legacy Markdown snapshot; excluded from implementation without a separate Owner re-evaluation
LX-FBD38287D8DA,Amazon,Inventory,FBA / 发货计划,FBA仓发货计划锁库存,/basicOpen/openapi/fba/allocateStorage,POST,UNVERIFIED,,docs/integrations/lingxing-walmart-openapi/normalized/deleted_interfaces.csv#LX-FBD38287D8DA,NONE,NONE,no verification row,DELETED,yes,yes,P2,TBD,reference_only,DELETED,no matching repository legacy Markdown snapshot; excluded from implementation without a separate Owner re-evaluation
LX-7B4BDD7828CB,Other non-Walmart,Inventory,多平台,Shein修改库存,/basicOpen/multiplatform/shein/createPublishQueue,POST,UNVERIFIED,,docs/integrations/lingxing-walmart-openapi/normalized/deleted_interfaces.csv#LX-7B4BDD7828CB,NONE,NONE,no verification row,DELETED,yes,yes,P2,TBD,reference_only,DELETED,no matching repository legacy Markdown snapshot; excluded from implementation without a separate Owner re-evaluation
LX-F5534CBF1947,Other non-Walmart,Inventory,多平台,Temu修改库存,/basicOpen/multiplatform/temu/createPublishQueue,POST,UNVERIFIED,,docs/integrations/lingxing-walmart-openapi/normalized/deleted_interfaces.csv#LX-F5534CBF1947,NONE,NONE,no verification row,DELETED,yes,yes,P2,TBD,reference_only,DELETED,no matching repository legacy Markdown snapshot; excluded from implementation without a separate Owner re-evaluation
LX-6476F601BDF1,Walmart,Inventory,多平台,Walmart修改库存,/basicOpen/multiplatform/walmart/publishQueue,POST,UNVERIFIED,,docs/integrations/lingxing-walmart-openapi/normalized/interfaces.csv#LX-6476F601BDF1,docs/integrations/lingxing-walmart-openapi/normalized/request_params.csv#LX-6476F601BDF1 (4 rows),docs/integrations/lingxing-walmart-openapi/normalized/response_fields.csv#LX-6476F601BDF1 (13 rows),doc=文档已收录; tested=未验证; phase1=待评估,DO_NOT_USE,yes,no,P2,Walmart,reference_only,DO_NOT_USE,no matching repository legacy Markdown snapshot; excluded from implementation without a separate Owner re-evaluation
LX-E1A734FC8376,Unclear/deleted,Inventory,销售 / Listing,修改 FBM库存&处理时间,/basicOpen/FbmManagement/modifyFbmInventory,POST,UNVERIFIED,,docs/integrations/lingxing-walmart-openapi/normalized/deleted_interfaces.csv#LX-E1A734FC8376,NONE,NONE,no verification row,DELETED,yes,yes,P2,TBD,reference_only,DELETED,no matching repository legacy Markdown snapshot; excluded from implementation without a separate Owner re-evaluation
LX-5C1C08254572,Lingxing ERP (platform scope unverified),Inventory,仓库 / 出入库,创建加工单 / 拆分单,/erp/sc/routing/inventoryReceipt/StorageProcess/addStorageProcessOrder,POST,UNVERIFIED,,docs/integrations/lingxing-walmart-openapi/normalized/interfaces.csv#LX-5C1C08254572,docs/integrations/lingxing-walmart-openapi/normalized/request_params.csv#LX-5C1C08254572 (18 rows),docs/integrations/lingxing-walmart-openapi/normalized/response_fields.csv#LX-5C1C08254572 (8 rows),doc=文档已收录; tested=未验证; phase1=待评估,DO_NOT_USE,yes,no,P2,仓库; 销售,reference_only,DO_NOT_USE,no matching repository legacy Markdown snapshot; excluded from implementation without a separate Owner re-evaluation
LX-8F4BA5E003C6,Lingxing ERP (platform scope unverified),Inventory,仓库 / 出入库,创建已完成的SKU调整单,/erp/sc/routing/inventoryReceipt/StorageAdjustment/addSkuAdjustmentOrder,POST,UNVERIFIED,,docs/integrations/lingxing-walmart-openapi/normalized/interfaces.csv#LX-8F4BA5E003C6,docs/integrations/lingxing-walmart-openapi/normalized/request_params.csv#LX-8F4BA5E003C6 (18 rows),docs/integrations/lingxing-walmart-openapi/normalized/response_fields.csv#LX-8F4BA5E003C6 (7 rows),doc=文档已收录; tested=未验证; phase1=待评估,DO_NOT_USE,yes,no,P2,产品; 仓库; 销售,reference_only,DO_NOT_USE,no matching repository legacy Markdown snapshot; excluded from implementation without a separate Owner re-evaluation
LX-1FA55392B264,Lingxing ERP (platform scope unverified),Inventory,仓库 / 出入库,创建已完成的成本补录单,/erp/sc/routing/inventoryReceipt/CostChangeOrder/finishCostChangeOrder,POST,UNVERIFIED,,docs/integrations/lingxing-walmart-openapi/normalized/interfaces.csv#LX-1FA55392B264,docs/integrations/lingxing-walmart-openapi/normalized/request_params.csv#LX-1FA55392B264 (10 rows),docs/integrations/lingxing-walmart-openapi/normalized/response_fields.csv#LX-1FA55392B264 (7 rows),doc=文档已收录; tested=未验证; phase1=待评估,DO_NOT_USE,yes,no,P2,仓库; 销售,reference_only,DO_NOT_USE,no matching repository legacy Markdown snapshot; excluded from implementation without a separate Owner re-evaluation
LX-A054BADFE10F,Lingxing ERP (platform scope unverified),Inventory,仓库 / 出入库,创建已完成的换标调整单,/erp/sc/routing/inventoryReceipt/StorageAdjustment/addRebrandAdjustmentOrder,POST,UNVERIFIED,,docs/integrations/lingxing-walmart-openapi/normalized/interfaces.csv#LX-A054BADFE10F,docs/integrations/lingxing-walmart-openapi/normalized/request_params.csv#LX-A054BADFE10F (17 rows),docs/integrations/lingxing-walmart-openapi/normalized/response_fields.csv#LX-A054BADFE10F (7 rows),doc=文档已收录; tested=未验证; phase1=待评估,DO_NOT_USE,yes,no,P2,仓库; 销售,reference_only,DO_NOT_USE,no matching repository legacy Markdown snapshot; excluded from implementation without a separate Owner re-evaluation
LX-E6238EC4E51A,Lingxing ERP (platform scope unverified),Inventory,仓库 / 出入库,创建已完成的数量调整单,/erp/sc/routing/inventoryReceipt/StorageAdjustment/addAdjustmentOrder,POST,UNVERIFIED,,docs/integrations/lingxing-walmart-openapi/normalized/interfaces.csv#LX-E6238EC4E51A,docs/integrations/lingxing-walmart-openapi/normalized/request_params.csv#LX-E6238EC4E51A (13 rows),docs/integrations/lingxing-walmart-openapi/normalized/response_fields.csv#LX-E6238EC4E51A (7 rows),doc=文档已收录; tested=未验证; phase1=待评估,DO_NOT_USE,yes,no,P2,仓库; 销售,reference_only,DO_NOT_USE,no matching repository legacy Markdown snapshot; excluded from implementation without a separate Owner re-evaluation
LX-2D7501EFFF14,Lingxing ERP (platform scope unverified),Inventory,仓库 / 出入库,创建已完成的盘点单,/erp/sc/routing/inventoryReceipt/InventoryCheck/addOrder,POST,UNVERIFIED,,docs/integrations/lingxing-walmart-openapi/normalized/interfaces.csv#LX-2D7501EFFF14,docs/integrations/lingxing-walmart-openapi/normalized/request_params.csv#LX-2D7501EFFF14 (11 rows),docs/integrations/lingxing-walmart-openapi/normalized/response_fields.csv#LX-2D7501EFFF14 (8 rows),doc=文档已收录; tested=未验证; phase1=待评估,DO_NOT_USE,yes,no,P2,产品; 仓库; 销售,reference_only,DO_NOT_USE,no matching repository legacy Markdown snapshot; excluded from implementation without a separate Owner re-evaluation
LX-41BB2D2886D2,Lingxing ERP (platform scope unverified),Inventory,仓库 / 出入库,创建待收货/已完成的调拨单,/erp/sc/routing/inventoryReceipt/StorageAllocation/addAllocationOrder,POST,UNVERIFIED,,docs/integrations/lingxing-walmart-openapi/normalized/interfaces.csv#LX-41BB2D2886D2,docs/integrations/lingxing-walmart-openapi/normalized/request_params.csv#LX-41BB2D2886D2 (36 rows),docs/integrations/lingxing-walmart-openapi/normalized/response_fields.csv#LX-41BB2D2886D2 (8 rows),doc=文档已收录; tested=未验证; phase1=待评估,DO_NOT_USE,yes,no,P2,仓库; 销售,reference_only,DO_NOT_USE,no matching repository legacy Markdown snapshot; excluded from implementation without a separate Owner re-evaluation
LX-5EBF326CAE51,Lingxing ERP (platform scope unverified),Inventory,仓库 / 出入库,创建待调拨的调拨单,/erp/sc/routing/inventoryReceipt/StorageAllocation/submitAllocationOrder,POST,UNVERIFIED,,docs/integrations/lingxing-walmart-openapi/normalized/interfaces.csv#LX-5EBF326CAE51,docs/integrations/lingxing-walmart-openapi/normalized/request_params.csv#LX-5EBF326CAE51 (34 rows),docs/integrations/lingxing-walmart-openapi/normalized/response_fields.csv#LX-5EBF326CAE51 (7 rows),doc=文档已收录; tested=未验证; phase1=待评估,DO_NOT_USE,yes,no,P2,仓库; 销售,reference_only,DO_NOT_USE,no matching repository legacy Markdown snapshot; excluded from implementation without a separate Owner re-evaluation
LX-9AE1466FB085,Lingxing ERP (platform scope unverified),Inventory,仓库 / 海外仓,删除备货单,/basicOpen/overSeaWarehouse/stockOrder/delete,DELETE,UNVERIFIED,,docs/integrations/lingxing-walmart-openapi/normalized/interfaces.csv#LX-9AE1466FB085,docs/integrations/lingxing-walmart-openapi/normalized/request_params.csv#LX-9AE1466FB085 (1 rows),docs/integrations/lingxing-walmart-openapi/normalized/response_fields.csv#LX-9AE1466FB085 (6 rows),doc=文档已收录; tested=未验证; phase1=待评估,DO_NOT_USE,yes,no,P2,仓库; 销售,reference_only,DO_NOT_USE,no matching repository legacy Markdown snapshot; excluded from implementation without a separate Owner re-evaluation
LX-E4F62AF71863,Multi-platform (Walmart applicability unverified),Inventory,多平台,平台仓发货单分配库存,/basicOpen/multiplatform/allocate/stock,POST,UNVERIFIED,,docs/integrations/lingxing-walmart-openapi/normalized/interfaces.csv#LX-E4F62AF71863,docs/integrations/lingxing-walmart-openapi/normalized/request_params.csv#LX-E4F62AF71863 (1 rows),docs/integrations/lingxing-walmart-openapi/normalized/response_fields.csv#LX-E4F62AF71863 (12 rows),doc=文档已收录; tested=未验证; phase1=待评估,DO_NOT_USE,yes,no,P2,销售,reference_only,DO_NOT_USE,no matching repository legacy Markdown snapshot; excluded from implementation without a separate Owner re-evaluation
LX-3B84A6C4C9B4,Lingxing ERP (platform scope unverified),Inventory,仓库 / 海外仓,海外仓备货单发货,/erp/sc/routing/owms/inbound/sendInbound,POST,UNVERIFIED,,docs/integrations/lingxing-walmart-openapi/normalized/interfaces.csv#LX-3B84A6C4C9B4,docs/integrations/lingxing-walmart-openapi/normalized/request_params.csv#LX-3B84A6C4C9B4 (1 rows),docs/integrations/lingxing-walmart-openapi/normalized/response_fields.csv#LX-3B84A6C4C9B4 (7 rows),doc=文档已收录; tested=未验证; phase1=待评估,DO_NOT_USE,yes,no,P2,仓库,reference_only,DO_NOT_USE,no matching repository legacy Markdown snapshot; excluded from implementation without a separate Owner re-evaluation
LX-B6250EFFD833,Lingxing ERP (platform scope unverified),Inventory,仓库 / 出入库,添加入库单,/erp/sc/routing/storage/storage/orderAdd,POST,UNVERIFIED,,docs/integrations/lingxing-walmart-openapi/normalized/interfaces.csv#LX-B6250EFFD833,docs/integrations/lingxing-walmart-openapi/normalized/request_params.csv#LX-B6250EFFD833 (22 rows),docs/integrations/lingxing-walmart-openapi/normalized/response_fields.csv#LX-B6250EFFD833 (8 rows),doc=文档已收录; tested=未验证; phase1=待评估,DO_NOT_USE,yes,no,P2,仓库; 销售,reference_only,DO_NOT_USE,no matching repository legacy Markdown snapshot; excluded from implementation without a separate Owner re-evaluation
LX-FEFC2C739C57,Lingxing ERP (platform scope unverified),Inventory,仓库 / 出入库,添加出库单,/erp/sc/routing/storage/storage/orderAddOut,POST,UNVERIFIED,,docs/integrations/lingxing-walmart-openapi/normalized/interfaces.csv#LX-FEFC2C739C57,docs/integrations/lingxing-walmart-openapi/normalized/request_params.csv#LX-FEFC2C739C57 (26 rows),docs/integrations/lingxing-walmart-openapi/normalized/response_fields.csv#LX-FEFC2C739C57 (7 rows),doc=文档已收录; tested=未验证; phase1=待评估,DO_NOT_USE,yes,no,P2,仓库; 销售,reference_only,DO_NOT_USE,no matching repository legacy Markdown snapshot; excluded from implementation without a separate Owner re-evaluation
LX-E8270027E4C1,Lingxing ERP (platform scope unverified),Inventory,仓库 / 海外仓,备货单分配库存,/basicOpen/overSeaWarehouse/stockOrder/allocate,POST,UNVERIFIED,,docs/integrations/lingxing-walmart-openapi/normalized/interfaces.csv#LX-E8270027E4C1,docs/integrations/lingxing-walmart-openapi/normalized/request_params.csv#LX-E8270027E4C1 (1 rows),docs/integrations/lingxing-walmart-openapi/normalized/response_fields.csv#LX-E8270027E4C1 (6 rows),doc=文档已收录; tested=未验证; phase1=待评估,DO_NOT_USE,yes,no,P3,仓库; 销售,reference_only,DO_NOT_USE,no matching repository legacy Markdown snapshot; excluded from implementation without a separate Owner re-evaluation
LX-6F8ABDE7B566,Lingxing ERP (platform scope unverified),Inventory,仓库 / 库存&流水,查询库存流水（旧）,/erp/sc/routing/data/local_inventory/wareHouseStatement,POST,UNVERIFIED,,docs/integrations/lingxing-walmart-openapi/normalized/interfaces.csv#LX-6F8ABDE7B566,docs/integrations/lingxing-walmart-openapi/normalized/request_params.csv#LX-6F8ABDE7B566 (6 rows),docs/integrations/lingxing-walmart-openapi/normalized/response_fields.csv#LX-6F8ABDE7B566 (35 rows),doc=文档已收录; tested=未验证; phase1=待评估,READY_FOR_PRP,no,no,P3,仓库,candidate_source_read,AUTH_UNKNOWN,no matching repository legacy Markdown snapshot; structurally eligible for PRP only; not provider-verified or call-authorized
LX-A6E36DA67F9C,Lingxing ERP (platform scope unverified),Inventory,仓库 / 出入库,调拨单全部收货,/erp/sc/routing/inventoryReceipt/StorageAllocation/receiveAllocationOrder,POST,UNVERIFIED,,docs/integrations/lingxing-walmart-openapi/normalized/interfaces.csv#LX-A6E36DA67F9C,docs/integrations/lingxing-walmart-openapi/normalized/request_params.csv#LX-A6E36DA67F9C (1 rows),docs/integrations/lingxing-walmart-openapi/normalized/response_fields.csv#LX-A6E36DA67F9C (7 rows),doc=文档已收录; tested=未验证; phase1=待评估,DO_NOT_USE,yes,no,P3,仓库; 销售,reference_only,DO_NOT_USE,no matching repository legacy Markdown snapshot; excluded from implementation without a separate Owner re-evaluation
LX-C59B5D5BB158,Lingxing ERP (platform scope unverified),Inventory,仓库 / 出入库,调拨单分批收货,/erp/sc/routing/inventoryReceipt/StorageAllocation/partlyReceiveAllocationOrder,POST,UNVERIFIED,,docs/integrations/lingxing-walmart-openapi/normalized/interfaces.csv#LX-C59B5D5BB158,docs/integrations/lingxing-walmart-openapi/normalized/request_params.csv#LX-C59B5D5BB158 (7 rows),docs/integrations/lingxing-walmart-openapi/normalized/response_fields.csv#LX-C59B5D5BB158 (7 rows),doc=文档已收录; tested=未验证; phase1=待评估,DO_NOT_USE,yes,no,P3,仓库; 销售,reference_only,DO_NOT_USE,no matching repository legacy Markdown snapshot; excluded from implementation without a separate Owner re-evaluation
LX-375342860CAD,Lingxing ERP (platform scope unverified),Inventory,仓库 / 出入库,调拨单结束到货,/erp/sc/routing/inventoryReceipt/StorageAllocation/finishReceiveAllocationOrder,POST,UNVERIFIED,,docs/integrations/lingxing-walmart-openapi/normalized/interfaces.csv#LX-375342860CAD,docs/integrations/lingxing-walmart-openapi/normalized/request_params.csv#LX-375342860CAD (1 rows),docs/integrations/lingxing-walmart-openapi/normalized/response_fields.csv#LX-375342860CAD (7 rows),doc=文档已收录; tested=未验证; phase1=待评估,DO_NOT_USE,yes,no,P3,仓库; 销售,reference_only,DO_NOT_USE,no matching repository legacy Markdown snapshot; excluded from implementation without a separate Owner re-evaluation
LX-44D4A6C312C6,Lingxing ERP (platform scope unverified),Listing,产品,获取UPC编码列表,/listing/publish/api/upc/upcList,POST,UNVERIFIED,,docs/integrations/lingxing-walmart-openapi/normalized/interfaces.csv#LX-44D4A6C312C6,docs/integrations/lingxing-walmart-openapi/normalized/request_params.csv#LX-44D4A6C312C6 (2 rows),docs/integrations/lingxing-walmart-openapi/normalized/response_fields.csv#LX-44D4A6C312C6 (16 rows),doc=文档已收录; tested=未验证; phase1=待评估,READY_FOR_PRP,no,no,P0,产品,candidate_source_read,AUTH_UNKNOWN,no matching repository legacy Markdown snapshot; structurally eligible for PRP only; not provider-verified or call-authorized
LX-0CF22467375C,Lingxing ERP (platform scope unverified),Listing,产品,创建UPC编码,/listing/publish/api/upc/addCommodityCode,POST,UNVERIFIED,,docs/integrations/lingxing-walmart-openapi/normalized/interfaces.csv#LX-0CF22467375C,docs/integrations/lingxing-walmart-openapi/normalized/request_params.csv#LX-0CF22467375C (2 rows),docs/integrations/lingxing-walmart-openapi/normalized/response_fields.csv#LX-0CF22467375C (4 rows),doc=文档已收录; tested=未验证; phase1=待评估,DO_NOT_USE,yes,no,P2,产品,reference_only,DO_NOT_USE,no matching repository legacy Markdown snapshot; excluded from implementation without a separate Owner re-evaluation
LX-C3A91E5872F8,Amazon,Other,VC,VC报表-流量报表,/basicOpen/vc/report/traffic/list,POST,UNVERIFIED,,docs/integrations/lingxing-walmart-openapi/normalized/deleted_interfaces.csv#LX-C3A91E5872F8,NONE,NONE,no verification row,DELETED,yes,yes,P1,TBD,reference_only,DELETED,no matching repository legacy Markdown snapshot; excluded from implementation without a separate Owner re-evaluation
LX-A07E627F7B70,Lingxing ERP (platform scope unverified),Other,基础数据,定制化附件下载接口,/erp/sc/routing/customized/file/download,POST,UNVERIFIED,,docs/integrations/lingxing-walmart-openapi/normalized/interfaces.csv#LX-A07E627F7B70,docs/integrations/lingxing-walmart-openapi/normalized/request_params.csv#LX-A07E627F7B70 (1 rows),docs/integrations/lingxing-walmart-openapi/normalized/response_fields.csv#LX-A07E627F7B70 (9 rows),doc=文档已收录; tested=未验证; phase1=待评估,READY_FOR_PRP,no,no,P1,工作台,candidate_source_read,AUTH_UNKNOWN,no matching repository legacy Markdown snapshot; structurally eligible for PRP only; not provider-verified or call-authorized
LX-A5A268931A5E,Amazon,Other,亚马逊源表数据,报告导出 - 报告下载链接续期,/basicOpen/report/amazonReportExportTask,POST,UNVERIFIED,,docs/integrations/lingxing-walmart-openapi/normalized/deleted_interfaces.csv#LX-A5A268931A5E,NONE,NONE,no verification row,DELETED,yes,yes,P1,TBD,reference_only,DELETED,no matching repository legacy Markdown snapshot; excluded from implementation without a separate Owner re-evaluation
LX-61E78101B1CA,Amazon,Other,亚马逊源表数据,报告导出-查询导出任务结果,/basicOpen/report/query/reportExportTask,POST,UNVERIFIED,,docs/integrations/lingxing-walmart-openapi/normalized/deleted_interfaces.csv#LX-61E78101B1CA,NONE,NONE,no verification row,DELETED,yes,yes,P1,TBD,reference_only,DELETED,no matching repository legacy Markdown snapshot; excluded from implementation without a separate Owner re-evaluation
LX-04CE920F9507,Lingxing ERP (platform scope unverified),Other,基础数据,查询ERP用户信息列表,/erp/sc/data/account/lists,GET,UNVERIFIED,,docs/integrations/lingxing-walmart-openapi/normalized/interfaces.csv#LX-04CE920F9507,NONE,docs/integrations/lingxing-walmart-openapi/normalized/response_fields.csv#LX-04CE920F9507 (18 rows),doc=文档已收录; tested=未验证; phase1=待评估,PARTIAL_CONTRACT,no,no,P1,工作台,candidate_source_read,MISSING_REQUEST_PARAMS,no matching repository legacy Markdown snapshot; path/method present but parameter or field evidence is incomplete
LX-2FC431E25099,Amazon,Other,补货限制,查询IPI信息,/erp/sc/routing/fbaLimit/restock/getIpiInfo,POST,UNVERIFIED,,docs/integrations/lingxing-walmart-openapi/normalized/deleted_interfaces.csv#LX-2FC431E25099,NONE,NONE,no verification row,DELETED,yes,yes,P1,TBD,reference_only,DELETED,no matching repository legacy Markdown snapshot; excluded from implementation without a separate Owner re-evaluation
LX-00C35C824841,Amazon,Other,基础数据,查询亚马逊国家下地区列表,/erp/sc/data/worldState/lists,POST,UNVERIFIED,,docs/integrations/lingxing-walmart-openapi/normalized/deleted_interfaces.csv#LX-00C35C824841,NONE,NONE,no verification row,DELETED,yes,yes,P1,TBD,reference_only,DELETED,no matching repository legacy Markdown snapshot; excluded from implementation without a separate Owner re-evaluation
LX-C4CB3335310B,Amazon,Other,亚马逊源表数据,查询亚马逊源报表-交易明细,/erp/sc/data/mws_report/transaction,POST,UNVERIFIED,,docs/integrations/lingxing-walmart-openapi/normalized/deleted_interfaces.csv#LX-C4CB3335310B,NONE,NONE,no verification row,DELETED,yes,yes,P1,TBD,reference_only,DELETED,no matching repository legacy Markdown snapshot; excluded from implementation without a separate Owner re-evaluation
LX-02A75E695712,Amazon,Other,亚马逊源表数据,查询亚马逊源报表-盘存记录,/basicOpen/openapi/mwsReport/adjustmentList,POST,UNVERIFIED,,docs/integrations/lingxing-walmart-openapi/normalized/deleted_interfaces.csv#LX-02A75E695712,NONE,NONE,no verification row,DELETED,yes,yes,P1,TBD,reference_only,DELETED,no matching repository legacy Markdown snapshot; excluded from implementation without a separate Owner re-evaluation
LX-3FFAF18CCAEF,Amazon,Other,统计,查询亚马逊赔偿报告列表,/basicOpen/openapi/mwsReport/reimbursementList,POST,UNVERIFIED,,docs/integrations/lingxing-walmart-openapi/normalized/deleted_interfaces.csv#LX-3FFAF18CCAEF,NONE,NONE,no verification row,DELETED,yes,yes,P1,TBD,reference_only,DELETED,no matching repository legacy Markdown snapshot; excluded from implementation without a separate Owner re-evaluation
LX-B70161F2CA8D,Lingxing ERP (platform scope unverified),Other,采购,查询供应商列表,/erp/sc/data/local_inventory/supplier,POST,UNVERIFIED,,docs/integrations/lingxing-walmart-openapi/normalized/interfaces.csv#LX-B70161F2CA8D,docs/integrations/lingxing-walmart-openapi/normalized/request_params.csv#LX-B70161F2CA8D (2 rows),docs/integrations/lingxing-walmart-openapi/normalized/response_fields.csv#LX-B70161F2CA8D (55 rows),doc=文档已收录; tested=未验证; phase1=待评估,READY_FOR_PRP,no,no,P1,采购,candidate_source_read,AUTH_UNKNOWN,no matching repository legacy Markdown snapshot; structurally eligible for PRP only; not provider-verified or call-authorized
LX-FDCFE7F2A098,Amazon,Other,补货建议,查询建议信息-ASIN,/erp/sc/routing/fbaSug/asin/getInfo,POST,UNVERIFIED,,docs/integrations/lingxing-walmart-openapi/normalized/deleted_interfaces.csv#LX-FDCFE7F2A098,NONE,NONE,no verification row,DELETED,yes,yes,P1,TBD,reference_only,DELETED,no matching repository legacy Markdown snapshot; excluded from implementation without a separate Owner re-evaluation
LX-FC39BD159D05,Lingxing ERP (platform scope unverified),Other,统计,查询报告,/openReport/report/task/getReport,GET,UNVERIFIED,,docs/integrations/lingxing-walmart-openapi/normalized/interfaces.csv#LX-FC39BD159D05,docs/integrations/lingxing-walmart-openapi/normalized/request_params.csv#LX-FC39BD159D05 (1 rows),docs/integrations/lingxing-walmart-openapi/normalized/response_fields.csv#LX-FC39BD159D05 (11 rows),doc=文档已收录; tested=未验证; phase1=待评估,READY_FOR_PRP,no,no,P1,运营,candidate_source_read,AUTH_UNKNOWN,no matching repository legacy Markdown snapshot; structurally eligible for PRP only; not provider-verified or call-authorized
LX-001128D990D5,Lingxing ERP (platform scope unverified),Other,工具,查询竞品监控列表,/basicOpen/tool/competitiveMonitor/list,POST,UNVERIFIED,,docs/integrations/lingxing-walmart-openapi/normalized/interfaces.csv#LX-001128D990D5,docs/integrations/lingxing-walmart-openapi/normalized/request_params.csv#LX-001128D990D5 (7 rows),docs/integrations/lingxing-walmart-openapi/normalized/response_fields.csv#LX-001128D990D5 (48 rows),doc=文档已收录; tested=未验证; phase1=待评估,READY_FOR_PRP,no,no,P1,工作台,candidate_source_read,AUTH_UNKNOWN,no matching repository legacy Markdown snapshot; structurally eligible for PRP only; not provider-verified or call-authorized
LX-DDA5705ED9EA,Amazon,Other,补货建议,查询补货列表,/erp/sc/routing/restocking/analysis/getSummaryList,POST,UNVERIFIED,,docs/integrations/lingxing-walmart-openapi/normalized/deleted_interfaces.csv#LX-DDA5705ED9EA,NONE,NONE,no verification row,DELETED,yes,yes,P1,TBD,reference_only,DELETED,no matching repository legacy Markdown snapshot; excluded from implementation without a separate Owner re-evaluation
LX-12841C784119,Amazon,Other,补货限制,查询补货限制列表,/basicOpen/openapi/replenishmentRestriction/page/list,POST,UNVERIFIED,,docs/integrations/lingxing-walmart-openapi/normalized/deleted_interfaces.csv#LX-12841C784119,NONE,NONE,no verification row,DELETED,yes,yes,P1,TBD,reference_only,DELETED,no matching repository legacy Markdown snapshot; excluded from implementation without a separate Owner re-evaluation
LX-EDBDC061B22F,Amazon,Other,补货建议,查询规则 - ASIN,/erp/sc/routing/fbaSug/asin/getConfig,POST,UNVERIFIED,,docs/integrations/lingxing-walmart-openapi/normalized/deleted_interfaces.csv#LX-EDBDC061B22F,NONE,NONE,no verification row,DELETED,yes,yes,P1,TBD,reference_only,DELETED,no matching repository legacy Markdown snapshot; excluded from implementation without a separate Owner re-evaluation
LX-93C1FB831AAA,Lingxing ERP (platform scope unverified),Other,统计,查询运营日志,/basicOpen/operateManage/operateLog/list,POST,UNVERIFIED,,docs/integrations/lingxing-walmart-openapi/normalized/interfaces.csv#LX-93C1FB831AAA,docs/integrations/lingxing-walmart-openapi/normalized/request_params.csv#LX-93C1FB831AAA (6 rows),docs/integrations/lingxing-walmart-openapi/normalized/response_fields.csv#LX-93C1FB831AAA (26 rows),doc=文档已收录; tested=未验证; phase1=待评估,DO_NOT_USE,yes,no,P1,运营,reference_only,DO_NOT_USE,no matching repository legacy Markdown snapshot; excluded from implementation without a separate Owner re-evaluation
LX-8F98CEB43A6D,Lingxing ERP (platform scope unverified),Other,统计,查询运营日志(新),/basicOpen/operateManage/operateLog/list/v2,POST,UNVERIFIED,,docs/integrations/lingxing-walmart-openapi/normalized/interfaces.csv#LX-8F98CEB43A6D,docs/integrations/lingxing-walmart-openapi/normalized/request_params.csv#LX-8F98CEB43A6D (9 rows),docs/integrations/lingxing-walmart-openapi/normalized/response_fields.csv#LX-8F98CEB43A6D (31 rows),doc=文档已收录; tested=未验证; phase1=待评估,DO_NOT_USE,yes,no,P1,运营,reference_only,DO_NOT_USE,no matching repository legacy Markdown snapshot; excluded from implementation without a separate Owner re-evaluation
LX-766F8D291DF3,Lingxing ERP (platform scope unverified),Other,统计,查询采购报表列表 - 供应商,/basicOpen/report/purchase/supplier/list,POST,UNVERIFIED,,docs/integrations/lingxing-walmart-openapi/normalized/interfaces.csv#LX-766F8D291DF3,docs/integrations/lingxing-walmart-openapi/normalized/request_params.csv#LX-766F8D291DF3 (8 rows),docs/integrations/lingxing-walmart-openapi/normalized/response_fields.csv#LX-766F8D291DF3 (41 rows),doc=文档已收录; tested=未验证; phase1=待评估,READY_FOR_PRP,no,no,P1,运营; 采购,candidate_source_read,AUTH_UNKNOWN,no matching repository legacy Markdown snapshot; structurally eligible for PRP only; not provider-verified or call-authorized
LX-DCA6FEF9EA75,Lingxing ERP (platform scope unverified),Other,统计,查询采购报表列表 - 采购员,/basicOpen/report/purchase/buyer/list,POST,UNVERIFIED,,docs/integrations/lingxing-walmart-openapi/normalized/interfaces.csv#LX-DCA6FEF9EA75,docs/integrations/lingxing-walmart-openapi/normalized/request_params.csv#LX-DCA6FEF9EA75 (6 rows),docs/integrations/lingxing-walmart-openapi/normalized/response_fields.csv#LX-DCA6FEF9EA75 (30 rows),doc=文档已收录; tested=未验证; phase1=待评估,READY_FOR_PRP,no,no,P1,运营; 采购,candidate_source_read,AUTH_UNKNOWN,no matching repository legacy Markdown snapshot; structurally eligible for PRP only; not provider-verified or call-authorized
LX-223398DA3539,Lingxing ERP (platform scope unverified),Other,采购,查询采购方列表,/erp/sc/routing/data/purchaser/lists,POST,UNVERIFIED,,docs/integrations/lingxing-walmart-openapi/normalized/interfaces.csv#LX-223398DA3539,docs/integrations/lingxing-walmart-openapi/normalized/request_params.csv#LX-223398DA3539 (2 rows),docs/integrations/lingxing-walmart-openapi/normalized/response_fields.csv#LX-223398DA3539 (14 rows),doc=文档已收录; tested=未验证; phase1=待评估,READY_FOR_PRP,no,no,P1,采购,candidate_source_read,AUTH_UNKNOWN,no matching repository legacy Markdown snapshot; structurally eligible for PRP only; not provider-verified or call-authorized
LX-03B82747B50A,Lingxing ERP (platform scope unverified),Other,采购,查询采购计划列表,/erp/sc/routing/data/local_inventory/getPurchasePlans,POST,UNVERIFIED,,docs/integrations/lingxing-walmart-openapi/normalized/interfaces.csv#LX-03B82747B50A,docs/integrations/lingxing-walmart-openapi/normalized/request_params.csv#LX-03B82747B50A (10 rows),docs/integrations/lingxing-walmart-openapi/normalized/response_fields.csv#LX-03B82747B50A (47 rows),doc=文档已收录; tested=未验证; phase1=待评估,READY_FOR_PRP,no,no,P1,采购,candidate_source_read,AUTH_UNKNOWN,no matching repository legacy Markdown snapshot; structurally eligible for PRP only; not provider-verified or call-authorized
LX-9118DDA102D0,Lingxing ERP (platform scope unverified),Other,授权,获取 access-token和refresh-token,/api/auth-server/oauth/access-token,POST,HTTPS,old-system/source/docs/lingxing/GetToken.md,docs/integrations/lingxing-walmart-openapi/normalized/interfaces.csv#LX-9118DDA102D0,docs/integrations/lingxing-walmart-openapi/normalized/request_params.csv#LX-9118DDA102D0 (2 rows),docs/integrations/lingxing-walmart-openapi/normalized/response_fields.csv#LX-9118DDA102D0 (6 rows),doc=文档已收录; tested=未验证; phase1=待评估,READY_FOR_PRP,no,no,P1,工作台,candidate_source_read,AUTH_UNKNOWN,structurally eligible for PRP only; not provider-verified or call-authorized
LX-CEFFEEDBFB8D,Lingxing ERP (platform scope unverified),Other,目标管理,负责人维度-查询目标,/bd/goal/management/open/user/batchSelect,POST,UNVERIFIED,,docs/integrations/lingxing-walmart-openapi/normalized/interfaces.csv#LX-CEFFEEDBFB8D,docs/integrations/lingxing-walmart-openapi/normalized/request_params.csv#LX-CEFFEEDBFB8D (2 rows),docs/integrations/lingxing-walmart-openapi/normalized/response_fields.csv#LX-CEFFEEDBFB8D (59 rows),doc=文档已收录; tested=未验证; phase1=待评估,READY_FOR_PRP,no,no,P1,运营,candidate_source_read,AUTH_UNKNOWN,no matching repository legacy Markdown snapshot; structurally eligible for PRP only; not provider-verified or call-authorized
LX-EC7DBB7862BD,Amazon,Other,VC,VC发货单-确认发货,/basicOpen/openapi/getInvoice/invoice/batchSendGoods,POST,UNVERIFIED,,docs/integrations/lingxing-walmart-openapi/normalized/deleted_interfaces.csv#LX-EC7DBB7862BD,NONE,NONE,no verification row,DELETED,yes,yes,P2,TBD,reference_only,DELETED,no matching repository legacy Markdown snapshot; excluded from implementation without a separate Owner re-evaluation
LX-0BAC0252E36F,Lingxing ERP (platform scope unverified),Other,采购,作废采购单,/erp/sc/routing/purchase/purchase/cancel,POST,UNVERIFIED,,docs/integrations/lingxing-walmart-openapi/normalized/interfaces.csv#LX-0BAC0252E36F,docs/integrations/lingxing-walmart-openapi/normalized/request_params.csv#LX-0BAC0252E36F (3 rows),docs/integrations/lingxing-walmart-openapi/normalized/response_fields.csv#LX-0BAC0252E36F (7 rows),doc=文档已收录; tested=未验证; phase1=待评估,DO_NOT_USE,yes,no,P2,采购,reference_only,DO_NOT_USE,no matching repository legacy Markdown snapshot; excluded from implementation without a separate Owner re-evaluation
LX-78F82D8A146C,Lingxing ERP (platform scope unverified),Other,采购,作废采购计划,/basicOpen/purchase/planCancel,POST,UNVERIFIED,,docs/integrations/lingxing-walmart-openapi/normalized/interfaces.csv#LX-78F82D8A146C,docs/integrations/lingxing-walmart-openapi/normalized/request_params.csv#LX-78F82D8A146C (2 rows),docs/integrations/lingxing-walmart-openapi/normalized/response_fields.csv#LX-78F82D8A146C (7 rows),doc=文档已收录; tested=未验证; phase1=待评估,DO_NOT_USE,yes,no,P2,采购,reference_only,DO_NOT_USE,no matching repository legacy Markdown snapshot; excluded from implementation without a separate Owner re-evaluation
LX-99132180876E,Lingxing ERP (platform scope unverified),Other,基础数据,修改我的汇率,/basicOpen/settings/exchangeRate/update,POST,UNVERIFIED,,docs/integrations/lingxing-walmart-openapi/normalized/interfaces.csv#LX-99132180876E,docs/integrations/lingxing-walmart-openapi/normalized/request_params.csv#LX-99132180876E (3 rows),docs/integrations/lingxing-walmart-openapi/normalized/response_fields.csv#LX-99132180876E (7 rows),doc=文档已收录; tested=未验证; phase1=待评估,DO_NOT_USE,yes,no,P2,工作台,reference_only,DO_NOT_USE,no matching repository legacy Markdown snapshot; excluded from implementation without a separate Owner re-evaluation
LX-A4E9258A3B23,Lingxing ERP (platform scope unverified),Other,采购,创建待采购的采购计划,/erp/sc/routing/data/local_inventory/createPurchasePlan,POST,UNVERIFIED,,docs/integrations/lingxing-walmart-openapi/normalized/interfaces.csv#LX-A4E9258A3B23,docs/integrations/lingxing-walmart-openapi/normalized/request_params.csv#LX-A4E9258A3B23 (19 rows),docs/integrations/lingxing-walmart-openapi/normalized/response_fields.csv#LX-A4E9258A3B23 (8 rows),doc=文档已收录; tested=未验证; phase1=待评估,DO_NOT_USE,yes,no,P2,采购,reference_only,DO_NOT_USE,no matching repository legacy Markdown snapshot; excluded from implementation without a separate Owner re-evaluation
LX-7A8CF9DA594A,Lingxing ERP (platform scope unverified),Other,统计,创建报告,/openReport/report/task/createReport,POST,UNVERIFIED,,docs/integrations/lingxing-walmart-openapi/normalized/interfaces.csv#LX-7A8CF9DA594A,docs/integrations/lingxing-walmart-openapi/normalized/request_params.csv#LX-7A8CF9DA594A (6 rows),docs/integrations/lingxing-walmart-openapi/normalized/response_fields.csv#LX-7A8CF9DA594A (7 rows),doc=文档已收录; tested=未验证; phase1=待评估,DO_NOT_USE,yes,no,P2,运营,reference_only,DO_NOT_USE,no matching repository legacy Markdown snapshot; excluded from implementation without a separate Owner re-evaluation
LX-A263B195A5CB,Amazon,Other,补货建议,单个设置规则-ASIN,/erp/sc/routing/fbaSug/asin/setConfig,POST,UNVERIFIED,,docs/integrations/lingxing-walmart-openapi/normalized/deleted_interfaces.csv#LX-A263B195A5CB,NONE,NONE,no verification row,DELETED,yes,yes,P2,TBD,reference_only,DELETED,no matching repository legacy Markdown snapshot; excluded from implementation without a separate Owner re-evaluation
LX-6D84E6D8DCE8,Amazon,Other,补货建议,批量设置规则 - ASIN,/erp/sc/routing/fbaSug/asin/setConfigs,POST,UNVERIFIED,,docs/integrations/lingxing-walmart-openapi/normalized/deleted_interfaces.csv#LX-6D84E6D8DCE8,NONE,NONE,no verification row,DELETED,yes,yes,P2,TBD,reference_only,DELETED,no matching repository legacy Markdown snapshot; excluded from implementation without a separate Owner re-evaluation
LX-9BF0C09F6E66,Amazon,Other,亚马逊源表数据,报告导出 - 创建导出任务,/basicOpen/report/create/reportExportTask,POST,UNVERIFIED,,docs/integrations/lingxing-walmart-openapi/normalized/deleted_interfaces.csv#LX-9BF0C09F6E66,NONE,NONE,no verification row,DELETED,yes,yes,P2,TBD,reference_only,DELETED,no matching repository legacy Markdown snapshot; excluded from implementation without a separate Owner re-evaluation
LX-86C8BA75BA4C,Amazon,Other,VC,查询VC发货单列表,/basicOpen/openapi/getInvoice/page/list,POST,UNVERIFIED,,docs/integrations/lingxing-walmart-openapi/normalized/deleted_interfaces.csv#LX-86C8BA75BA4C,NONE,NONE,no verification row,DELETED,yes,yes,P2,TBD,reference_only,DELETED,no matching repository legacy Markdown snapshot; excluded from implementation without a separate Owner re-evaluation
LX-3BF1A3763CCE,Amazon,Other,VC,查询VC发货单详情,/basicOpen/openapi/getInvoice/detail,POST,UNVERIFIED,,docs/integrations/lingxing-walmart-openapi/normalized/deleted_interfaces.csv#LX-3BF1A3763CCE,NONE,NONE,no verification row,DELETED,yes,yes,P2,TBD,reference_only,DELETED,no matching repository legacy Markdown snapshot; excluded from implementation without a separate Owner re-evaluation
LX-09D9FC0B390B,Lingxing ERP (platform scope unverified),Other,采购,编辑采购计划备注（批量）,/basicOpen/purchase/planModifyRemark,POST,UNVERIFIED,,docs/integrations/lingxing-walmart-openapi/normalized/interfaces.csv#LX-09D9FC0B390B,docs/integrations/lingxing-walmart-openapi/normalized/request_params.csv#LX-09D9FC0B390B (3 rows),docs/integrations/lingxing-walmart-openapi/normalized/response_fields.csv#LX-09D9FC0B390B (7 rows),doc=文档已收录; tested=未验证; phase1=待评估,DO_NOT_USE,yes,no,P2,采购,reference_only,DO_NOT_USE,no matching repository legacy Markdown snapshot; excluded from implementation without a separate Owner re-evaluation
LX-D4AEBED1B7C5,Lingxing ERP (platform scope unverified),Other,目标管理,负责人维度-删除目标,/bd/goal/management/open/user/batchDelete,POST,UNVERIFIED,,docs/integrations/lingxing-walmart-openapi/normalized/interfaces.csv#LX-D4AEBED1B7C5,docs/integrations/lingxing-walmart-openapi/normalized/request_params.csv#LX-D4AEBED1B7C5 (3 rows),docs/integrations/lingxing-walmart-openapi/normalized/response_fields.csv#LX-D4AEBED1B7C5 (4 rows),doc=文档已收录; tested=未验证; phase1=待评估,DO_NOT_USE,yes,no,P2,运营,reference_only,DO_NOT_USE,no matching repository legacy Markdown snapshot; excluded from implementation without a separate Owner re-evaluation
LX-5852A627B6FE,Lingxing ERP (platform scope unverified),Other,授权,续约接口令牌,/api/auth-server/oauth/refresh,POST,UNVERIFIED,,docs/integrations/lingxing-walmart-openapi/normalized/interfaces.csv#LX-5852A627B6FE,docs/integrations/lingxing-walmart-openapi/normalized/request_params.csv#LX-5852A627B6FE (2 rows),docs/integrations/lingxing-walmart-openapi/normalized/response_fields.csv#LX-5852A627B6FE (6 rows),doc=文档已收录; tested=未验证; phase1=待评估,READY_FOR_PRP,no,no,P3,工作台,contract_reference,AUTH_UNKNOWN,no matching repository legacy Markdown snapshot; structurally eligible for PRP only; not provider-verified or call-authorized
LX-81721F0D55C3,Lingxing ERP (platform scope unverified),Other,目标管理,负责人维度-新增/更新目标,/bd/goal/management/open/user/batchOperate,POST,UNVERIFIED,,docs/integrations/lingxing-walmart-openapi/normalized/interfaces.csv#LX-81721F0D55C3,docs/integrations/lingxing-walmart-openapi/normalized/request_params.csv#LX-81721F0D55C3 (18 rows),docs/integrations/lingxing-walmart-openapi/normalized/response_fields.csv#LX-81721F0D55C3 (6 rows),doc=文档已收录; tested=未验证; phase1=待评估,DO_NOT_USE,yes,no,P3,运营,reference_only,DO_NOT_USE,no matching repository legacy Markdown snapshot; excluded from implementation without a separate Owner re-evaluation
LX-F6A548F96FD0,Lingxing ERP (platform scope unverified),Product,产品,产品管理-查询透明计划商品列表,/basicOpen/product/getTransparencyProductList,POST,UNVERIFIED,,docs/integrations/lingxing-walmart-openapi/normalized/interfaces.csv#LX-F6A548F96FD0,docs/integrations/lingxing-walmart-openapi/normalized/request_params.csv#LX-F6A548F96FD0 (6 rows),docs/integrations/lingxing-walmart-openapi/normalized/response_fields.csv#LX-F6A548F96FD0 (22 rows),doc=文档已收录; tested=未验证; phase1=待评估,READY_FOR_PRP,no,no,P0,产品,candidate_source_read,AUTH_UNKNOWN,no matching repository legacy Markdown snapshot; structurally eligible for PRP only; not provider-verified or call-authorized
LX-75F4963569A6,Lingxing ERP (platform scope unverified),Product,产品,查询产品分类列表,/erp/sc/routing/data/local_inventory/category,POST,UNVERIFIED,,docs/integrations/lingxing-walmart-openapi/normalized/interfaces.csv#LX-75F4963569A6,docs/integrations/lingxing-walmart-openapi/normalized/request_params.csv#LX-75F4963569A6 (3 rows),docs/integrations/lingxing-walmart-openapi/normalized/response_fields.csv#LX-75F4963569A6 (10 rows),doc=文档已收录; tested=未验证; phase1=待评估,READY_FOR_PRP,no,no,P0,产品,candidate_source_read,AUTH_UNKNOWN,no matching repository legacy Markdown snapshot; structurally eligible for PRP only; not provider-verified or call-authorized
LX-82FF3AF996D2,Lingxing ERP (platform scope unverified),Product,产品,查询产品品牌列表,/erp/sc/data/local_inventory/brand,POST,UNVERIFIED,,docs/integrations/lingxing-walmart-openapi/normalized/interfaces.csv#LX-82FF3AF996D2,docs/integrations/lingxing-walmart-openapi/normalized/request_params.csv#LX-82FF3AF996D2 (2 rows),docs/integrations/lingxing-walmart-openapi/normalized/response_fields.csv#LX-82FF3AF996D2 (9 rows),doc=文档已收录; tested=未验证; phase1=待评估,READY_FOR_PRP,no,no,P0,产品,candidate_source_read,AUTH_UNKNOWN,no matching repository legacy Markdown snapshot; structurally eligible for PRP only; not provider-verified or call-authorized
LX-226730376E6B,Lingxing ERP (platform scope unverified),Product,产品,查询产品标签,/label/operation/v1/label/product/list,GET,UNVERIFIED,,docs/integrations/lingxing-walmart-openapi/normalized/interfaces.csv#LX-226730376E6B,NONE,docs/integrations/lingxing-walmart-openapi/normalized/response_fields.csv#LX-226730376E6B (10 rows),doc=文档已收录; tested=未验证; phase1=待评估,PARTIAL_CONTRACT,no,no,P0,产品,candidate_source_read,MISSING_REQUEST_PARAMS,no matching repository legacy Markdown snapshot; path/method present but parameter or field evidence is incomplete
LX-BD16C6D25A0D,Lingxing ERP (platform scope unverified),Product,产品,查询产品辅料列表,/erp/sc/routing/data/local_inventory/productAuxList,POST,UNVERIFIED,,docs/integrations/lingxing-walmart-openapi/normalized/interfaces.csv#LX-BD16C6D25A0D,docs/integrations/lingxing-walmart-openapi/normalized/request_params.csv#LX-BD16C6D25A0D (2 rows),docs/integrations/lingxing-walmart-openapi/normalized/response_fields.csv#LX-BD16C6D25A0D (43 rows),doc=文档已收录; tested=未验证; phase1=待评估,READY_FOR_PRP,no,no,P0,产品,candidate_source_read,AUTH_UNKNOWN,no matching repository legacy Markdown snapshot; structurally eligible for PRP only; not provider-verified or call-authorized
LX-DA189364D1B7,Lingxing ERP (platform scope unverified),Product,产品,查询捆绑产品关系列表,/erp/sc/routing/data/local_inventory/bundledProductList,POST,UNVERIFIED,,docs/integrations/lingxing-walmart-openapi/normalized/interfaces.csv#LX-DA189364D1B7,docs/integrations/lingxing-walmart-openapi/normalized/request_params.csv#LX-DA189364D1B7 (2 rows),docs/integrations/lingxing-walmart-openapi/normalized/response_fields.csv#LX-DA189364D1B7 (16 rows),doc=文档已收录; tested=未验证; phase1=待评估,READY_FOR_PRP,no,no,P0,产品,candidate_source_read,AUTH_UNKNOWN,no matching repository legacy Markdown snapshot; structurally eligible for PRP only; not provider-verified or call-authorized
LX-6F96FE519F29,Lingxing ERP (platform scope unverified),Product,产品,查询操作日志,/basicOpen/product/getPagingLogLists,POST,UNVERIFIED,,docs/integrations/lingxing-walmart-openapi/normalized/interfaces.csv#LX-6F96FE519F29,docs/integrations/lingxing-walmart-openapi/normalized/request_params.csv#LX-6F96FE519F29 (5 rows),docs/integrations/lingxing-walmart-openapi/normalized/response_fields.csv#LX-6F96FE519F29 (12 rows),doc=文档已收录; tested=未验证; phase1=待评估,READY_FOR_PRP,no,no,P0,产品,candidate_source_read,AUTH_UNKNOWN,no matching repository legacy Markdown snapshot; structurally eligible for PRP only; not provider-verified or call-authorized
LX-3F1F087FF8A1,Lingxing ERP (platform scope unverified),Product,产品,查询本地产品列表,/erp/sc/routing/data/local_inventory/productList,POST,HTTPS,old-system/source/docs/lingxing/ProductLists.md,docs/integrations/lingxing-walmart-openapi/normalized/interfaces.csv#LX-3F1F087FF8A1,docs/integrations/lingxing-walmart-openapi/normalized/request_params.csv#LX-3F1F087FF8A1 (8 rows),docs/integrations/lingxing-walmart-openapi/normalized/response_fields.csv#LX-3F1F087FF8A1 (67 rows),doc=文档已收录; tested=未验证; phase1=待评估,READY_FOR_PRP,no,no,P0,产品,candidate_source_read,AUTH_UNKNOWN,structurally eligible for PRP only; not provider-verified or call-authorized
LX-95A42DA552D3,Lingxing ERP (platform scope unverified),Product,统计,查询采购报表列表 - 产品,/basicOpen/report/purchase/product/list,POST,UNVERIFIED,,docs/integrations/lingxing-walmart-openapi/normalized/interfaces.csv#LX-95A42DA552D3,docs/integrations/lingxing-walmart-openapi/normalized/request_params.csv#LX-95A42DA552D3 (8 rows),docs/integrations/lingxing-walmart-openapi/normalized/response_fields.csv#LX-95A42DA552D3 (43 rows),doc=文档已收录; tested=未验证; phase1=待评估,READY_FOR_PRP,no,no,P0,产品; 运营; 采购,candidate_source_read,AUTH_UNKNOWN,no matching repository legacy Markdown snapshot; structurally eligible for PRP only; not provider-verified or call-authorized
LX-8DD1FB86D648,Lingxing ERP (platform scope unverified),Product,工具,查询预警消息列表-商品,/basicOpen/settings/warningMessage/goodsList,POST,UNVERIFIED,,docs/integrations/lingxing-walmart-openapi/normalized/interfaces.csv#LX-8DD1FB86D648,docs/integrations/lingxing-walmart-openapi/normalized/request_params.csv#LX-8DD1FB86D648 (9 rows),docs/integrations/lingxing-walmart-openapi/normalized/response_fields.csv#LX-8DD1FB86D648 (32 rows),doc=文档已收录; tested=未验证; phase1=待评估,READY_FOR_PRP,no,no,P0,运营,candidate_source_read,AUTH_UNKNOWN,no matching repository legacy Markdown snapshot; structurally eligible for PRP only; not provider-verified or call-authorized
LX-320D9D20B37C,Lingxing ERP (platform scope unverified),Product,基础数据,下载附件,/erp/sc/routing/common/file/download,POST,UNVERIFIED,,docs/integrations/lingxing-walmart-openapi/normalized/interfaces.csv#LX-320D9D20B37C,docs/integrations/lingxing-walmart-openapi/normalized/request_params.csv#LX-320D9D20B37C (1 rows),docs/integrations/lingxing-walmart-openapi/normalized/response_fields.csv#LX-320D9D20B37C (10 rows),doc=文档已收录; tested=未验证; phase1=待评估,READY_FOR_PRP,no,no,P1,产品,candidate_source_read,AUTH_UNKNOWN,no matching repository legacy Markdown snapshot; structurally eligible for PRP only; not provider-verified or call-authorized
LX-07FB91F93A00,Amazon,Product,统计,查询产品表现,/bd/productPerformance/openApi/asinList,POST,UNVERIFIED,,docs/integrations/lingxing-walmart-openapi/normalized/deleted_interfaces.csv#LX-07FB91F93A00,NONE,NONE,no verification row,DELETED,yes,yes,P1,TBD,reference_only,DELETED,no matching repository legacy Markdown snapshot; excluded from implementation without a separate Owner re-evaluation
LX-7D9505D63FEB,Amazon,Product,补货建议,查询建议信息-MSKU,/erp/sc/routing/fbaSug/msku/getInfo,POST,UNVERIFIED,,docs/integrations/lingxing-walmart-openapi/normalized/deleted_interfaces.csv#LX-7D9505D63FEB,NONE,NONE,no verification row,DELETED,yes,yes,P1,TBD,reference_only,DELETED,no matching repository legacy Markdown snapshot; excluded from implementation without a separate Owner re-evaluation
LX-6D538A2534F5,Amazon,Product,补货建议,查询规则 - MSKU,/erp/sc/routing/fbaSug/msku/getConfig,POST,UNVERIFIED,,docs/integrations/lingxing-walmart-openapi/normalized/deleted_interfaces.csv#LX-6D538A2534F5,NONE,NONE,no verification row,DELETED,yes,yes,P1,TBD,reference_only,DELETED,no matching repository legacy Markdown snapshot; excluded from implementation without a separate Owner re-evaluation
LX-F6890246F185,Lingxing ERP (platform scope unverified),Product,产品,创建产品标签,/label/operation/v1/label/product/create,POST,UNVERIFIED,,docs/integrations/lingxing-walmart-openapi/normalized/interfaces.csv#LX-F6890246F185,docs/integrations/lingxing-walmart-openapi/normalized/request_params.csv#LX-F6890246F185 (1 rows),docs/integrations/lingxing-walmart-openapi/normalized/response_fields.csv#LX-F6890246F185 (7 rows),doc=文档已收录; tested=未验证; phase1=待评估,DO_NOT_USE,yes,no,P2,产品,reference_only,DO_NOT_USE,no matching repository legacy Markdown snapshot; excluded from implementation without a separate Owner re-evaluation
LX-147DA91911E3,Lingxing ERP (platform scope unverified),Product,产品,删除产品标签,/label/operation/v1/label/product/unmarkLabel,POST,UNVERIFIED,,docs/integrations/lingxing-walmart-openapi/normalized/interfaces.csv#LX-147DA91911E3,docs/integrations/lingxing-walmart-openapi/normalized/request_params.csv#LX-147DA91911E3 (4 rows),docs/integrations/lingxing-walmart-openapi/normalized/response_fields.csv#LX-147DA91911E3 (5 rows),doc=文档已收录; tested=未验证; phase1=待评估,DO_NOT_USE,yes,no,P2,产品,reference_only,DO_NOT_USE,no matching repository legacy Markdown snapshot; excluded from implementation without a separate Owner re-evaluation
LX-E9A089D7A679,Amazon,Product,补货建议,单个设置规则-MSKU,/erp/sc/routing/fbaSug/msku/setConfig,POST,UNVERIFIED,,docs/integrations/lingxing-walmart-openapi/normalized/deleted_interfaces.csv#LX-E9A089D7A679,NONE,NONE,no verification row,DELETED,yes,yes,P2,TBD,reference_only,DELETED,no matching repository legacy Markdown snapshot; excluded from implementation without a separate Owner re-evaluation
LX-8682BCB2E674,Amazon,Product,补货建议,批量设置规则 - MSKU,/erp/sc/routing/fbaSug/msku/setConfigs,POST,UNVERIFIED,,docs/integrations/lingxing-walmart-openapi/normalized/deleted_interfaces.csv#LX-8682BCB2E674,NONE,NONE,no verification row,DELETED,yes,yes,P2,TBD,reference_only,DELETED,no matching repository legacy Markdown snapshot; excluded from implementation without a separate Owner re-evaluation
LX-2046A9CB4520,Lingxing ERP (platform scope unverified),Product,产品,标记产品标签,/label/operation/v1/label/product/mark,POST,UNVERIFIED,,docs/integrations/lingxing-walmart-openapi/normalized/interfaces.csv#LX-2046A9CB4520,docs/integrations/lingxing-walmart-openapi/normalized/request_params.csv#LX-2046A9CB4520 (4 rows),docs/integrations/lingxing-walmart-openapi/normalized/response_fields.csv#LX-2046A9CB4520 (5 rows),doc=文档已收录; tested=未验证; phase1=待评估,DO_NOT_USE,yes,no,P2,产品,reference_only,DO_NOT_USE,no matching repository legacy Markdown snapshot; excluded from implementation without a separate Owner re-evaluation
LX-90CFB48DDD46,Lingxing ERP (platform scope unverified),Product,产品,产品启用、禁用,/basicOpen/product/productManager/product/operate/batch,POST,UNVERIFIED,,docs/integrations/lingxing-walmart-openapi/normalized/interfaces.csv#LX-90CFB48DDD46,docs/integrations/lingxing-walmart-openapi/normalized/request_params.csv#LX-90CFB48DDD46 (2 rows),docs/integrations/lingxing-walmart-openapi/normalized/response_fields.csv#LX-90CFB48DDD46 (7 rows),doc=文档已收录; tested=未验证; phase1=待评估,DO_NOT_USE,yes,no,P3,产品,reference_only,DO_NOT_USE,no matching repository legacy Markdown snapshot; excluded from implementation without a separate Owner re-evaluation
LX-BB8D0DF598AF,Lingxing ERP (platform scope unverified),ProductInfo,产品,批量查询本地产品详情,/erp/sc/routing/data/local_inventory/batchGetProductInfo,POST,HTTPS,old-system/source/docs/lingxing/batchGetProductInfo.md,docs/integrations/lingxing-walmart-openapi/normalized/interfaces.csv#LX-BB8D0DF598AF,docs/integrations/lingxing-walmart-openapi/normalized/request_params.csv#LX-BB8D0DF598AF (3 rows),docs/integrations/lingxing-walmart-openapi/normalized/response_fields.csv#LX-BB8D0DF598AF (124 rows),doc=文档已收录; tested=未验证; phase1=待评估,READY_FOR_PRP,no,no,P0,产品,candidate_source_read,AUTH_UNKNOWN,structurally eligible for PRP only; not provider-verified or call-authorized
LX-DCB0C142100B,Lingxing ERP (platform scope unverified),ProductInfo,产品,查询本地产品详情,/erp/sc/routing/data/local_inventory/productInfo,POST,HTTPS,old-system/source/docs/lingxing/ProductDetails.md,docs/integrations/lingxing-walmart-openapi/normalized/interfaces.csv#LX-DCB0C142100B,docs/integrations/lingxing-walmart-openapi/normalized/request_params.csv#LX-DCB0C142100B (3 rows),docs/integrations/lingxing-walmart-openapi/normalized/response_fields.csv#LX-DCB0C142100B (132 rows),doc=文档已收录; tested=未验证; phase1=待评估,READY_FOR_PRP,no,no,P0,产品,candidate_source_read,AUTH_UNKNOWN,structurally eligible for PRP only; not provider-verified or call-authorized
LX-D193FFF9539F,Amazon,Sales / Order,销售 / 刊登管理,刊登管理-查询刊登结果,/listing/publish/openapi/amazon/product/list,POST,UNVERIFIED,,docs/integrations/lingxing-walmart-openapi/normalized/deleted_interfaces.csv#LX-D193FFF9539F,NONE,NONE,no verification row,DELETED,yes,yes,P0,TBD,reference_only,DELETED,no matching repository legacy Markdown snapshot; excluded from implementation without a separate Owner re-evaluation
LX-C76D747AD0DA,Lingxing ERP (platform scope unverified),Sales / Order,销售 / 刊登管理,刊登管理-获取指定 productType 的 JSON Schema,/basicOpen/openapi/publish/manage/getProductType,POST,UNVERIFIED,,docs/integrations/lingxing-walmart-openapi/normalized/interfaces.csv#LX-C76D747AD0DA,docs/integrations/lingxing-walmart-openapi/normalized/request_params.csv#LX-C76D747AD0DA (2 rows),docs/integrations/lingxing-walmart-openapi/normalized/response_fields.csv#LX-C76D747AD0DA (14 rows),doc=文档已收录; tested=未验证; phase1=待评估,READY_FOR_PRP,no,no,P0,产品; 销售,candidate_source_read,AUTH_UNKNOWN,no matching repository legacy Markdown snapshot; structurally eligible for PRP only; not provider-verified or call-authorized
LX-EB69D6DC93FB,Lingxing ERP (platform scope unverified),Sales / Order,销售 / Listing,查询Listing操作日志列表,/basicOpen/listingManage/listingOperateLog/pageList,POST,UNVERIFIED,,docs/integrations/lingxing-walmart-openapi/normalized/interfaces.csv#LX-EB69D6DC93FB,docs/integrations/lingxing-walmart-openapi/normalized/request_params.csv#LX-EB69D6DC93FB (8 rows),docs/integrations/lingxing-walmart-openapi/normalized/response_fields.csv#LX-EB69D6DC93FB (13 rows),doc=文档已收录; tested=未验证; phase1=待评估,READY_FOR_PRP,no,no,P0,运营; 销售,candidate_source_read,AUTH_UNKNOWN,no matching repository legacy Markdown snapshot; structurally eligible for PRP only; not provider-verified or call-authorized
LX-71422945ADAC,Lingxing ERP (platform scope unverified),Sales / Order,销售 / Listing,查询Listing标签列表,/basicOpen/globalTag/listing/page/list,POST,UNVERIFIED,,docs/integrations/lingxing-walmart-openapi/normalized/interfaces.csv#LX-71422945ADAC,docs/integrations/lingxing-walmart-openapi/normalized/request_params.csv#LX-71422945ADAC (4 rows),docs/integrations/lingxing-walmart-openapi/normalized/response_fields.csv#LX-71422945ADAC (16 rows),doc=文档已收录; tested=未验证; phase1=待评估,READY_FOR_PRP,no,no,P0,运营; 销售,candidate_source_read,AUTH_UNKNOWN,no matching repository legacy Markdown snapshot; structurally eligible for PRP only; not provider-verified or call-authorized
LX-23D1D18A4827,Amazon,Sales / Order,VC,查询VC-Listing列表,/basicOpen/listingManage/vcListing/pageList,POST,UNVERIFIED,,docs/integrations/lingxing-walmart-openapi/normalized/deleted_interfaces.csv#LX-23D1D18A4827,NONE,NONE,no verification row,DELETED,yes,yes,P0,TBD,reference_only,DELETED,no matching repository legacy Markdown snapshot; excluded from implementation without a separate Owner re-evaluation
LX-03C994177272,Amazon,Sales / Order,VC,查询VC订单列表,/basicOpen/platformOrder/vcOrder/pageList,POST,UNVERIFIED,,docs/integrations/lingxing-walmart-openapi/normalized/deleted_interfaces.csv#LX-03C994177272,NONE,NONE,no verification row,DELETED,yes,yes,P0,TBD,reference_only,DELETED,no matching repository legacy Markdown snapshot; excluded from implementation without a separate Owner re-evaluation
LX-9D753B291919,Amazon,Sales / Order,VC,查询VC订单详情【DF】,/basicOpen/platformOrder/vcOrderDf/detail,POST,UNVERIFIED,,docs/integrations/lingxing-walmart-openapi/normalized/deleted_interfaces.csv#LX-9D753B291919,NONE,NONE,no verification row,DELETED,yes,yes,P0,TBD,reference_only,DELETED,no matching repository legacy Markdown snapshot; excluded from implementation without a separate Owner re-evaluation
LX-4CABE0BC0700,Amazon,Sales / Order,VC,查询VC订单详情【PO】,/basicOpen/platformOrder/vcOrderPo/detail,POST,UNVERIFIED,,docs/integrations/lingxing-walmart-openapi/normalized/deleted_interfaces.csv#LX-4CABE0BC0700,NONE,NONE,no verification row,DELETED,yes,yes,P0,TBD,reference_only,DELETED,no matching repository legacy Markdown snapshot; excluded from implementation without a separate Owner re-evaluation
LX-B455B00EA7B8,Amazon,Sales / Order,销售 / Listing,查询亚马逊Listing,/erp/sc/data/mws/listing,POST,UNVERIFIED,,docs/integrations/lingxing-walmart-openapi/normalized/deleted_interfaces.csv#LX-B455B00EA7B8,NONE,NONE,no verification row,DELETED,yes,yes,P0,TBD,reference_only,DELETED,no matching repository legacy Markdown snapshot; excluded from implementation without a separate Owner re-evaluation
LX-B8EB457780F2,Amazon,Sales / Order,销售 / 平台订单,查询亚马逊多渠道订单列表-v2,/order/amzod/api/orderList,POST,UNVERIFIED,,docs/integrations/lingxing-walmart-openapi/normalized/deleted_interfaces.csv#LX-B8EB457780F2,NONE,NONE,no verification row,DELETED,yes,yes,P0,TBD,reference_only,DELETED,no matching repository legacy Markdown snapshot; excluded from implementation without a separate Owner re-evaluation
LX-A225E1E678EF,Amazon,Sales / Order,亚马逊源表数据,查询亚马逊源报表-FBA换货订单,/erp/sc/routing/data/order/fbaExchangeOrderList,POST,UNVERIFIED,,docs/integrations/lingxing-walmart-openapi/normalized/deleted_interfaces.csv#LX-A225E1E678EF,NONE,NONE,no verification row,DELETED,yes,yes,P0,TBD,reference_only,DELETED,no matching repository legacy Markdown snapshot; excluded from implementation without a separate Owner re-evaluation
LX-81A02022C253,Amazon,Sales / Order,亚马逊源表数据,查询亚马逊源报表-所有订单,/erp/sc/data/mws_report/allOrders,POST,UNVERIFIED,,docs/integrations/lingxing-walmart-openapi/normalized/deleted_interfaces.csv#LX-81A02022C253,NONE,NONE,no verification row,DELETED,yes,yes,P0,TBD,reference_only,DELETED,no matching repository legacy Markdown snapshot; excluded from implementation without a separate Owner re-evaluation
LX-E63338D86135,Amazon,Sales / Order,亚马逊源表数据,查询亚马逊源报表-移除订单（新）,/erp/sc/routing/data/order/removalOrderListNew,POST,UNVERIFIED,,docs/integrations/lingxing-walmart-openapi/normalized/deleted_interfaces.csv#LX-E63338D86135,NONE,NONE,no verification row,DELETED,yes,yes,P0,TBD,reference_only,DELETED,no matching repository legacy Markdown snapshot; excluded from implementation without a separate Owner re-evaluation
LX-B095F755E401,Amazon,Sales / Order,销售 / 平台订单,查询亚马逊订单列表,/erp/sc/data/mws/orders,POST,HTTPS,old-system/source/docs/lingxing/Orderlists.md,docs/integrations/lingxing-walmart-openapi/normalized/deleted_interfaces.csv#LX-B095F755E401,old-system/source/docs/lingxing/Orderlists.md#请求参数 (10 rows),old-system/source/docs/lingxing/Orderlists.md#返回结果 (45 rows),no verification row,DELETED,yes,yes,P0,TBD,reference_only,DELETED,excluded from implementation without a separate Owner re-evaluation
LX-543268311F9C,Amazon,Sales / Order,销售 / 平台订单,查询亚马逊订单详情,/erp/sc/data/mws/orderDetail,POST,UNVERIFIED,,docs/integrations/lingxing-walmart-openapi/normalized/deleted_interfaces.csv#LX-543268311F9C,NONE,NONE,no verification row,DELETED,yes,yes,P0,TBD,reference_only,DELETED,no matching repository legacy Markdown snapshot; excluded from implementation without a separate Owner re-evaluation
LX-7A3AB5828B68,Amazon,Sales / Order,统计,查询亚马逊销量统计,/erp/sc/data/sales_report/asinDailyLists,POST,UNVERIFIED,,docs/integrations/lingxing-walmart-openapi/normalized/deleted_interfaces.csv#LX-7A3AB5828B68,NONE,NONE,no verification row,DELETED,yes,yes,P0,TBD,reference_only,DELETED,no matching repository legacy Markdown snapshot; excluded from implementation without a separate Owner re-evaluation
LX-F560D3DA6DF1,Lingxing ERP (platform scope unverified),Sales / Order,销售 / 促销管理,查询优惠券详情+listing+订单(批量),/promotionApi/open/promotion/couponAllDetailBatch,POST,UNVERIFIED,,docs/integrations/lingxing-walmart-openapi/normalized/interfaces.csv#LX-F560D3DA6DF1,docs/integrations/lingxing-walmart-openapi/normalized/request_params.csv#LX-F560D3DA6DF1 (7 rows),docs/integrations/lingxing-walmart-openapi/normalized/response_fields.csv#LX-F560D3DA6DF1 (79 rows),doc=文档已收录; tested=未验证; phase1=待评估,READY_FOR_PRP,no,no,P0,运营; 销售,candidate_source_read,AUTH_UNKNOWN,no matching repository legacy Markdown snapshot; structurally eligible for PRP only; not provider-verified or call-authorized
LX-324AF6B69AEF,Lingxing ERP (platform scope unverified),Sales / Order,销售 / 促销管理,查询会员折扣or价格折扣详情+listing+订单(批量),/promotionApi/open/promotion/primeDiscountAllDetailBatch,POST,UNVERIFIED,,docs/integrations/lingxing-walmart-openapi/normalized/interfaces.csv#LX-324AF6B69AEF,docs/integrations/lingxing-walmart-openapi/normalized/request_params.csv#LX-324AF6B69AEF (7 rows),docs/integrations/lingxing-walmart-openapi/normalized/response_fields.csv#LX-324AF6B69AEF (80 rows),doc=文档已收录; tested=未验证; phase1=待评估,READY_FOR_PRP,no,no,P0,运营; 销售,candidate_source_read,AUTH_UNKNOWN,no matching repository legacy Markdown snapshot; structurally eligible for PRP only; not provider-verified or call-authorized
LX-D1E4B7906B42,Lingxing ERP (platform scope unverified),Sales / Order,销售 / 促销管理,查询商品折扣列表,/basicOpen/promotion/listingList,POST,UNVERIFIED,,docs/integrations/lingxing-walmart-openapi/normalized/interfaces.csv#LX-D1E4B7906B42,docs/integrations/lingxing-walmart-openapi/normalized/request_params.csv#LX-D1E4B7906B42 (10 rows),docs/integrations/lingxing-walmart-openapi/normalized/response_fields.csv#LX-D1E4B7906B42 (42 rows),doc=文档已收录; tested=未验证; phase1=待评估,READY_FOR_PRP,no,no,P0,运营; 销售,candidate_source_read,AUTH_UNKNOWN,no matching repository legacy Markdown snapshot; structurally eligible for PRP only; not provider-verified or call-authorized
LX-03449E2EC06C,Lingxing ERP (platform scope unverified),Sales / Order,销售 / 促销管理,查询商品折扣详情-列表-优惠卷,/basicOpen/promotion/listingDetailCoupon,POST,UNVERIFIED,,docs/integrations/lingxing-walmart-openapi/normalized/interfaces.csv#LX-03449E2EC06C,docs/integrations/lingxing-walmart-openapi/normalized/request_params.csv#LX-03449E2EC06C (10 rows),docs/integrations/lingxing-walmart-openapi/normalized/response_fields.csv#LX-03449E2EC06C (41 rows),doc=文档已收录; tested=未验证; phase1=待评估,READY_FOR_PRP,no,no,P0,运营; 销售,candidate_source_read,AUTH_UNKNOWN,no matching repository legacy Markdown snapshot; structurally eligible for PRP only; not provider-verified or call-authorized
LX-FE476B81237F,Lingxing ERP (platform scope unverified),Sales / Order,销售 / 促销管理,查询商品折扣详情-列表-会员折扣,/basicOpen/promotion/listingDetailPrimeDiscount,POST,UNVERIFIED,,docs/integrations/lingxing-walmart-openapi/normalized/interfaces.csv#LX-FE476B81237F,docs/integrations/lingxing-walmart-openapi/normalized/request_params.csv#LX-FE476B81237F (10 rows),docs/integrations/lingxing-walmart-openapi/normalized/response_fields.csv#LX-FE476B81237F (39 rows),doc=文档已收录; tested=未验证; phase1=待评估,READY_FOR_PRP,no,no,P0,运营; 销售,candidate_source_read,AUTH_UNKNOWN,no matching repository legacy Markdown snapshot; structurally eligible for PRP only; not provider-verified or call-authorized
LX-A404B2104669,Lingxing ERP (platform scope unverified),Sales / Order,销售 / 促销管理,查询商品折扣详情-列表-秒杀,/basicOpen/promotion/listingDetailSecKill,POST,UNVERIFIED,,docs/integrations/lingxing-walmart-openapi/normalized/interfaces.csv#LX-A404B2104669,docs/integrations/lingxing-walmart-openapi/normalized/request_params.csv#LX-A404B2104669 (10 rows),docs/integrations/lingxing-walmart-openapi/normalized/response_fields.csv#LX-A404B2104669 (47 rows),doc=文档已收录; tested=未验证; phase1=待评估,READY_FOR_PRP,no,no,P0,运营; 销售,candidate_source_read,AUTH_UNKNOWN,no matching repository legacy Markdown snapshot; structurally eligible for PRP only; not provider-verified or call-authorized
LX-020A91A14B42,Lingxing ERP (platform scope unverified),Sales / Order,销售 / 促销管理,查询商品折扣详情-列表-管理促销,/basicOpen/promotion/listingDetailManage,POST,UNVERIFIED,,docs/integrations/lingxing-walmart-openapi/normalized/interfaces.csv#LX-020A91A14B42,docs/integrations/lingxing-walmart-openapi/normalized/request_params.csv#LX-020A91A14B42 (10 rows),docs/integrations/lingxing-walmart-openapi/normalized/response_fields.csv#LX-020A91A14B42 (47 rows),doc=文档已收录; tested=未验证; phase1=待评估,READY_FOR_PRP,no,no,P0,运营; 销售,candidate_source_read,AUTH_UNKNOWN,no matching repository legacy Markdown snapshot; structurally eligible for PRP only; not provider-verified or call-authorized
LX-9BF4536568D4,Lingxing ERP (platform scope unverified),Sales / Order,采购,查询委外订单列表,/erp/sc/routing/purchase/purchaseOutsourceOrder/getOrders,POST,UNVERIFIED,,docs/integrations/lingxing-walmart-openapi/normalized/interfaces.csv#LX-9BF4536568D4,docs/integrations/lingxing-walmart-openapi/normalized/request_params.csv#LX-9BF4536568D4 (5 rows),docs/integrations/lingxing-walmart-openapi/normalized/response_fields.csv#LX-9BF4536568D4 (37 rows),doc=文档已收录; tested=未验证; phase1=待评估,READY_FOR_PRP,no,no,P0,采购; 销售,candidate_source_read,AUTH_UNKNOWN,no matching repository legacy Markdown snapshot; structurally eligible for PRP only; not provider-verified or call-authorized
LX-71639106AB00,Amazon,Sales / Order,销售 / 刊登管理,查询已有商品信息,/listing/publish/openapi/amazon/product/search,POST,HTTPS,old-system/source/docs/lingxing/QueryProductList.md,docs/integrations/lingxing-walmart-openapi/normalized/deleted_interfaces.csv#LX-71639106AB00,old-system/source/docs/lingxing/QueryProductList.md#请求参数 (2 rows),old-system/source/docs/lingxing/QueryProductList.md#返回结果 (6 rows),no verification row,DELETED,yes,yes,P0,TBD,reference_only,DELETED,excluded from implementation without a separate Owner re-evaluation
LX-C4DB859443E2,Multi-platform (Walmart applicability unverified),Sales / Order,多平台,查询平台订单列表,/cepfPlatformOrder/open-api/newPlatformOrder/list,POST,UNVERIFIED,,docs/integrations/lingxing-walmart-openapi/normalized/interfaces.csv#LX-C4DB859443E2,docs/integrations/lingxing-walmart-openapi/normalized/request_params.csv#LX-C4DB859443E2 (15 rows),docs/integrations/lingxing-walmart-openapi/normalized/response_fields.csv#LX-C4DB859443E2 (143 rows),doc=文档已收录; tested=未验证; phase1=待评估,READY_FOR_PRP,no,no,P0,销售,candidate_source_read,AUTH_UNKNOWN,no matching repository legacy Markdown snapshot; structurally eligible for PRP only; not provider-verified or call-authorized
LX-1C7C9C7B770D,Lingxing ERP (platform scope unverified),Sales / Order,统计,查询店铺汇总销量,/erp/sc/data/sales_report/sales,POST,UNVERIFIED,,docs/integrations/lingxing-walmart-openapi/normalized/interfaces.csv#LX-1C7C9C7B770D,docs/integrations/lingxing-walmart-openapi/normalized/request_params.csv#LX-1C7C9C7B770D (5 rows),docs/integrations/lingxing-walmart-openapi/normalized/response_fields.csv#LX-1C7C9C7B770D (14 rows),doc=文档已收录; tested=未验证; phase1=待评估,READY_FOR_PRP,no,no,P0,运营; 销售,candidate_source_read,AUTH_UNKNOWN,no matching repository legacy Markdown snapshot; structurally eligible for PRP only; not provider-verified or call-authorized
LX-72966FDD4C29,Lingxing ERP (platform scope unverified),Sales / Order,销售 / 促销管理,查询秒杀详情+listing+订单(批量),/promotionApi/open/promotion/secKillAllDetailBatch,POST,UNVERIFIED,,docs/integrations/lingxing-walmart-openapi/normalized/interfaces.csv#LX-72966FDD4C29,docs/integrations/lingxing-walmart-openapi/normalized/request_params.csv#LX-72966FDD4C29 (7 rows),docs/integrations/lingxing-walmart-openapi/normalized/response_fields.csv#LX-72966FDD4C29 (83 rows),doc=文档已收录; tested=未验证; phase1=待评估,READY_FOR_PRP,no,no,P0,运营; 销售,candidate_source_read,AUTH_UNKNOWN,no matching repository legacy Markdown snapshot; structurally eligible for PRP only; not provider-verified or call-authorized
LX-D92C9E37C544,Lingxing ERP (platform scope unverified),Sales / Order,销售 / 促销管理,查询管理促销详情+listing+订单(批量),/promotionApi/open/promotion/managementAllDetailBatch,POST,UNVERIFIED,,docs/integrations/lingxing-walmart-openapi/normalized/interfaces.csv#LX-D92C9E37C544,docs/integrations/lingxing-walmart-openapi/normalized/request_params.csv#LX-D92C9E37C544 (7 rows),docs/integrations/lingxing-walmart-openapi/normalized/response_fields.csv#LX-D92C9E37C544 (84 rows),doc=文档已收录; tested=未验证; phase1=待评估,READY_FOR_PRP,no,no,P0,运营; 销售,candidate_source_read,AUTH_UNKNOWN,no matching repository legacy Markdown snapshot; structurally eligible for PRP only; not provider-verified or call-authorized
LX-5C93F09C1D1B,Multi-platform (Walmart applicability unverified),Sales / Order,多平台,查询订单管理订单列表,/pb/mp/order/v2/list,POST,UNVERIFIED,,docs/integrations/lingxing-walmart-openapi/normalized/interfaces.csv#LX-5C93F09C1D1B,docs/integrations/lingxing-walmart-openapi/normalized/request_params.csv#LX-5C93F09C1D1B (14 rows),docs/integrations/lingxing-walmart-openapi/normalized/response_fields.csv#LX-5C93F09C1D1B (159 rows),doc=文档已收录; tested=未验证; phase1=待评估,READY_FOR_PRP,no,no,P0,销售,candidate_source_read,AUTH_UNKNOWN,no matching repository legacy Markdown snapshot; structurally eligible for PRP only; not provider-verified or call-authorized
LX-D332F931885E,Lingxing ERP (platform scope unverified),Sales / Order,采购,查询采购单列表,/erp/sc/routing/data/local_inventory/purchaseOrderList,POST,UNVERIFIED,,docs/integrations/lingxing-walmart-openapi/normalized/interfaces.csv#LX-D332F931885E,docs/integrations/lingxing-walmart-openapi/normalized/request_params.csv#LX-D332F931885E (8 rows),docs/integrations/lingxing-walmart-openapi/normalized/response_fields.csv#LX-D332F931885E (102 rows),doc=文档已收录; tested=未验证; phase1=待评估,READY_FOR_PRP,no,no,P0,采购; 销售,candidate_source_read,AUTH_UNKNOWN,no matching repository legacy Markdown snapshot; structurally eligible for PRP only; not provider-verified or call-authorized
LX-B31DFDC39206,Lingxing ERP (platform scope unverified),Sales / Order,采购,查询采购变更单列表,/erp/sc/routing/purchase/purchaseChangeOrder/changeOrderList,POST,UNVERIFIED,,docs/integrations/lingxing-walmart-openapi/normalized/interfaces.csv#LX-B31DFDC39206,docs/integrations/lingxing-walmart-openapi/normalized/request_params.csv#LX-B31DFDC39206 (7 rows),docs/integrations/lingxing-walmart-openapi/normalized/response_fields.csv#LX-B31DFDC39206 (59 rows),doc=文档已收录; tested=未验证; phase1=待评估,READY_FOR_PRP,no,no,P0,采购; 销售,candidate_source_read,AUTH_UNKNOWN,no matching repository legacy Markdown snapshot; structurally eligible for PRP only; not provider-verified or call-authorized
LX-561EC879C9F0,Amazon,Sales / Order,VC,VC报表-实时销量报表,/basicOpen/vc/report/realtimeSales/list,POST,UNVERIFIED,,docs/integrations/lingxing-walmart-openapi/normalized/deleted_interfaces.csv#LX-561EC879C9F0,NONE,NONE,no verification row,DELETED,yes,yes,P1,TBD,reference_only,DELETED,no matching repository legacy Markdown snapshot; excluded from implementation without a separate Owner re-evaluation
LX-918F82FAAD56,Amazon,Sales / Order,VC,VC报表-销量报表,/basicOpen/vc/report/sales/list,POST,UNVERIFIED,,docs/integrations/lingxing-walmart-openapi/normalized/deleted_interfaces.csv#LX-918F82FAAD56,NONE,NONE,no verification row,DELETED,yes,yes,P1,TBD,reference_only,DELETED,no matching repository legacy Markdown snapshot; excluded from implementation without a separate Owner re-evaluation
LX-D8AC40C34CC3,Amazon,Sales / Order,销售 / 刊登管理,刊登管理-查询 Amazon 子分类,/basicOpen/openapi/publish/manage/categoryChildren,POST,UNVERIFIED,,docs/integrations/lingxing-walmart-openapi/normalized/deleted_interfaces.csv#LX-D8AC40C34CC3,NONE,NONE,no verification row,DELETED,yes,yes,P1,TBD,reference_only,DELETED,no matching repository legacy Markdown snapshot; excluded from implementation without a separate Owner re-evaluation
LX-5C949B5E2033,Amazon,Sales / Order,销售 / 刊登管理,刊登管理-查询 Amazon 根分类,/basicOpen/openapi/publish/manage/categoryRoot,POST,UNVERIFIED,,docs/integrations/lingxing-walmart-openapi/normalized/deleted_interfaces.csv#LX-5C949B5E2033,NONE,NONE,no verification row,DELETED,yes,yes,P1,TBD,reference_only,DELETED,no matching repository legacy Markdown snapshot; excluded from implementation without a separate Owner re-evaluation
LX-074FA24909F1,Lingxing ERP (platform scope unverified),Sales / Order,销售 / 刊登管理,刊登管理-获取运费模板,/basicOpen/openapi/publish/manage/getMerchantShippingGroup,POST,UNVERIFIED,,docs/integrations/lingxing-walmart-openapi/normalized/interfaces.csv#LX-074FA24909F1,docs/integrations/lingxing-walmart-openapi/normalized/request_params.csv#LX-074FA24909F1 (4 rows),docs/integrations/lingxing-walmart-openapi/normalized/response_fields.csv#LX-074FA24909F1 (9 rows),doc=文档已收录; tested=未验证; phase1=待评估,READY_FOR_PRP,no,no,P1,销售,candidate_source_read,AUTH_UNKNOWN,no matching repository legacy Markdown snapshot; structurally eligible for PRP only; not provider-verified or call-authorized
LX-A1B412C86753,Amazon,Sales / Order,销售 / 自发货管理,查询亚马逊标发结果,/pb/mp/order/getFulfillmentResult,POST,UNVERIFIED,,docs/integrations/lingxing-walmart-openapi/normalized/deleted_interfaces.csv#LX-A1B412C86753,NONE,NONE,no verification row,DELETED,yes,yes,P1,TBD,reference_only,DELETED,no matching repository legacy Markdown snapshot; excluded from implementation without a separate Owner re-evaluation
LX-2EDE9B89E52C,Lingxing ERP (platform scope unverified),Sales / Order,销售 / 促销管理,查询促销活动列表-优惠券,/basicOpen/promotionalActivities/coupon/list,POST,UNVERIFIED,,docs/integrations/lingxing-walmart-openapi/normalized/interfaces.csv#LX-2EDE9B89E52C,docs/integrations/lingxing-walmart-openapi/normalized/request_params.csv#LX-2EDE9B89E52C (5 rows),docs/integrations/lingxing-walmart-openapi/normalized/response_fields.csv#LX-2EDE9B89E52C (25 rows),doc=文档已收录; tested=未验证; phase1=待评估,READY_FOR_PRP,no,no,P1,销售,candidate_source_read,AUTH_UNKNOWN,no matching repository legacy Markdown snapshot; structurally eligible for PRP only; not provider-verified or call-authorized
LX-4D53DF8CE668,Lingxing ERP (platform scope unverified),Sales / Order,销售 / 促销管理,查询促销活动列表-会员折扣/价格折扣,/basicOpen/promotionalActivities/vipDiscount/list,POST,UNVERIFIED,,docs/integrations/lingxing-walmart-openapi/normalized/interfaces.csv#LX-4D53DF8CE668,docs/integrations/lingxing-walmart-openapi/normalized/request_params.csv#LX-4D53DF8CE668 (5 rows),docs/integrations/lingxing-walmart-openapi/normalized/response_fields.csv#LX-4D53DF8CE668 (20 rows),doc=文档已收录; tested=未验证; phase1=待评估,READY_FOR_PRP,no,no,P1,销售,candidate_source_read,AUTH_UNKNOWN,no matching repository legacy Markdown snapshot; structurally eligible for PRP only; not provider-verified or call-authorized
LX-14EF57136BD3,Lingxing ERP (platform scope unverified),Sales / Order,销售 / 促销管理,查询促销活动列表-秒杀,/basicOpen/promotionalActivities/secKill/list,POST,UNVERIFIED,,docs/integrations/lingxing-walmart-openapi/normalized/interfaces.csv#LX-14EF57136BD3,docs/integrations/lingxing-walmart-openapi/normalized/request_params.csv#LX-14EF57136BD3 (5 rows),docs/integrations/lingxing-walmart-openapi/normalized/response_fields.csv#LX-14EF57136BD3 (27 rows),doc=文档已收录; tested=未验证; phase1=待评估,READY_FOR_PRP,no,no,P1,销售,candidate_source_read,AUTH_UNKNOWN,no matching repository legacy Markdown snapshot; structurally eligible for PRP only; not provider-verified or call-authorized
LX-1DC5C91C2FE2,Lingxing ERP (platform scope unverified),Sales / Order,销售 / 促销管理,查询促销活动列表-管理促销,/basicOpen/promotionalActivities/manage/list,POST,UNVERIFIED,,docs/integrations/lingxing-walmart-openapi/normalized/interfaces.csv#LX-1DC5C91C2FE2,docs/integrations/lingxing-walmart-openapi/normalized/request_params.csv#LX-1DC5C91C2FE2 (5 rows),docs/integrations/lingxing-walmart-openapi/normalized/response_fields.csv#LX-1DC5C91C2FE2 (29 rows),doc=文档已收录; tested=未验证; phase1=待评估,READY_FOR_PRP,no,no,P1,销售,candidate_source_read,AUTH_UNKNOWN,no matching repository legacy Markdown snapshot; structurally eligible for PRP only; not provider-verified or call-authorized
LX-D806EDEB25E4,Lingxing ERP (platform scope unverified),Sales / Order,销售 / Listing,查询调价队列,/basicOpen/module/adjustPrice/AdjustPriceManual,POST,UNVERIFIED,,docs/integrations/lingxing-walmart-openapi/normalized/interfaces.csv#LX-D806EDEB25E4,docs/integrations/lingxing-walmart-openapi/normalized/request_params.csv#LX-D806EDEB25E4 (10 rows),docs/integrations/lingxing-walmart-openapi/normalized/response_fields.csv#LX-D806EDEB25E4 (50 rows),doc=文档已收录; tested=未验证; phase1=待评估,READY_FOR_PRP,no,no,P1,运营; 销售,candidate_source_read,AUTH_UNKNOWN,no matching repository legacy Markdown snapshot; structurally eligible for PRP only; not provider-verified or call-authorized
LX-A4FD6B748623,Multi-platform (Walmart applicability unverified),Sales / Order,多平台,查询销量统计列表v2,/basicOpen/platformStatisticsV2/saleStat/pageList,POST,HTTPS,old-system/source/docs/lingxing/PlatformStatisticsSaleStatPageListV2.md,docs/integrations/lingxing-walmart-openapi/normalized/interfaces.csv#LX-A4FD6B748623,docs/integrations/lingxing-walmart-openapi/normalized/request_params.csv#LX-A4FD6B748623 (8 rows),docs/integrations/lingxing-walmart-openapi/normalized/response_fields.csv#LX-A4FD6B748623 (30 rows),doc=文档已收录; tested=未验证; phase1=待评估,READY_FOR_PRP,no,no,P1,运营,candidate_source_read,AUTH_UNKNOWN,structurally eligible for PRP only; not provider-verified or call-authorized
LX-2077895D6B9A,Lingxing ERP (platform scope unverified),Sales / Order,销售 / Listing,Listing删除商品标签,/basicOpen/listingManage/removeListingAndTag,POST,UNVERIFIED,,docs/integrations/lingxing-walmart-openapi/normalized/interfaces.csv#LX-2077895D6B9A,docs/integrations/lingxing-walmart-openapi/normalized/request_params.csv#LX-2077895D6B9A (4 rows),docs/integrations/lingxing-walmart-openapi/normalized/response_fields.csv#LX-2077895D6B9A (7 rows),doc=文档已收录; tested=未验证; phase1=待评估,DO_NOT_USE,yes,no,P2,运营; 销售,reference_only,DO_NOT_USE,no matching repository legacy Markdown snapshot; excluded from implementation without a separate Owner re-evaluation
LX-7D621DDB5AD5,Lingxing ERP (platform scope unverified),Sales / Order,销售 / 平台订单,SC订单-设置订单备注,/basicOpen/platformOrder/scOrder/setRemark,POST,UNVERIFIED,,docs/integrations/lingxing-walmart-openapi/normalized/interfaces.csv#LX-7D621DDB5AD5,docs/integrations/lingxing-walmart-openapi/normalized/request_params.csv#LX-7D621DDB5AD5 (3 rows),docs/integrations/lingxing-walmart-openapi/normalized/response_fields.csv#LX-7D621DDB5AD5 (6 rows),doc=文档已收录; tested=未验证; phase1=待评估,DO_NOT_USE,yes,no,P2,销售,reference_only,DO_NOT_USE,no matching repository legacy Markdown snapshot; excluded from implementation without a separate Owner re-evaluation
LX-E1F320E3A8B9,Amazon,Sales / Order,销售 / 自发货管理,亚马逊订单提交标发,/pb/mp/order/submitFulfillment,POST,UNVERIFIED,,docs/integrations/lingxing-walmart-openapi/normalized/deleted_interfaces.csv#LX-E1F320E3A8B9,NONE,NONE,no verification row,DELETED,yes,yes,P2,TBD,reference_only,DELETED,no matching repository legacy Markdown snapshot; excluded from implementation without a separate Owner re-evaluation
LX-76CFCB697A50,Lingxing ERP (platform scope unverified),Sales / Order,销售 / Listing,修改B2B价格,/basicOpen/b2bPrice/modifyPrice,POST,UNVERIFIED,,docs/integrations/lingxing-walmart-openapi/normalized/interfaces.csv#LX-76CFCB697A50,docs/integrations/lingxing-walmart-openapi/normalized/request_params.csv#LX-76CFCB697A50 (5 rows),docs/integrations/lingxing-walmart-openapi/normalized/response_fields.csv#LX-76CFCB697A50 (14 rows),doc=文档已收录; tested=未验证; phase1=待评估,DO_NOT_USE,yes,no,P2,运营; 销售,reference_only,DO_NOT_USE,no matching repository legacy Markdown snapshot; excluded from implementation without a separate Owner re-evaluation
LX-34F6AE02AF12,Amazon,Sales / Order,销售 / 刊登管理,刊登管理-提交商品资料,/listing/publish/openapi/amazon/product/publish,POST,UNVERIFIED,,docs/integrations/lingxing-walmart-openapi/normalized/deleted_interfaces.csv#LX-34F6AE02AF12,NONE,NONE,no verification row,DELETED,yes,yes,P2,TBD,reference_only,DELETED,no matching repository legacy Markdown snapshot; excluded from implementation without a separate Owner re-evaluation
LX-53CEF6E794BE,Amazon,Sales / Order,销售 / 平台订单,创建亚马逊多渠道订单,/order/amzod/api/createOrder,POST,UNVERIFIED,,docs/integrations/lingxing-walmart-openapi/normalized/deleted_interfaces.csv#LX-53CEF6E794BE,NONE,NONE,no verification row,DELETED,yes,yes,P2,TBD,reference_only,DELETED,no matching repository legacy Markdown snapshot; excluded from implementation without a separate Owner re-evaluation
LX-D58D9CF7D14C,Lingxing ERP (platform scope unverified),Sales / Order,采购,创建已完成的采购变更单,/erp/sc/routing/purchase/purchaseChangeOrder/createPurchaseChangeOrder,POST,UNVERIFIED,,docs/integrations/lingxing-walmart-openapi/normalized/interfaces.csv#LX-D58D9CF7D14C,docs/integrations/lingxing-walmart-openapi/normalized/request_params.csv#LX-D58D9CF7D14C (41 rows),docs/integrations/lingxing-walmart-openapi/normalized/response_fields.csv#LX-D58D9CF7D14C (7 rows),doc=文档已收录; tested=未验证; phase1=待评估,DO_NOT_USE,yes,no,P2,采购; 销售,reference_only,DO_NOT_USE,no matching repository legacy Markdown snapshot; excluded from implementation without a separate Owner re-evaluation
LX-4674779EEB39,Lingxing ERP (platform scope unverified),Sales / Order,采购,创建待到货的采购单,/erp/sc/routing/purchase/purchase/createPurchaseOrder,POST,UNVERIFIED,,docs/integrations/lingxing-walmart-openapi/normalized/interfaces.csv#LX-4674779EEB39,docs/integrations/lingxing-walmart-openapi/normalized/request_params.csv#LX-4674779EEB39 (41 rows),docs/integrations/lingxing-walmart-openapi/normalized/response_fields.csv#LX-4674779EEB39 (8 rows),doc=文档已收录; tested=未验证; phase1=待评估,DO_NOT_USE,yes,no,P2,采购; 销售,reference_only,DO_NOT_USE,no matching repository legacy Markdown snapshot; excluded from implementation without a separate Owner re-evaluation
LX-F8006AE8F077,Lingxing ERP (platform scope unverified),Sales / Order,统计,创建移除订单,/erp/sc/statistic/removalOrder/createAndCommit,POST,UNVERIFIED,,docs/integrations/lingxing-walmart-openapi/normalized/interfaces.csv#LX-F8006AE8F077,docs/integrations/lingxing-walmart-openapi/normalized/request_params.csv#LX-F8006AE8F077 (19 rows),docs/integrations/lingxing-walmart-openapi/normalized/response_fields.csv#LX-F8006AE8F077 (7 rows),doc=文档已收录; tested=未验证; phase1=待评估,DO_NOT_USE,yes,no,P2,运营; 销售,reference_only,DO_NOT_USE,no matching repository legacy Markdown snapshot; excluded from implementation without a separate Owner re-evaluation
LX-1D4F82B9EC6C,Multi-platform (Walmart applicability unverified),Sales / Order,多平台,创建订单,/pb/mp/order/v2/create,POST,UNVERIFIED,,docs/integrations/lingxing-walmart-openapi/normalized/interfaces.csv#LX-1D4F82B9EC6C,docs/integrations/lingxing-walmart-openapi/normalized/request_params.csv#LX-1D4F82B9EC6C (41 rows),docs/integrations/lingxing-walmart-openapi/normalized/response_fields.csv#LX-1D4F82B9EC6C (11 rows),doc=文档已收录; tested=未验证; phase1=待评估,DO_NOT_USE,yes,no,P2,销售,reference_only,DO_NOT_USE,no matching repository legacy Markdown snapshot; excluded from implementation without a separate Owner re-evaluation
LX-06BDDD3B9762,Lingxing ERP (platform scope unverified),Sales / Order,销售 / Listing,删除Listing标签,/basicOpen/globalTag/listing/removeTag,POST,UNVERIFIED,,docs/integrations/lingxing-walmart-openapi/normalized/interfaces.csv#LX-06BDDD3B9762,docs/integrations/lingxing-walmart-openapi/normalized/request_params.csv#LX-06BDDD3B9762 (1 rows),docs/integrations/lingxing-walmart-openapi/normalized/response_fields.csv#LX-06BDDD3B9762 (7 rows),doc=文档已收录; tested=未验证; phase1=待评估,DO_NOT_USE,yes,no,P2,运营; 销售,reference_only,DO_NOT_USE,no matching repository legacy Markdown snapshot; excluded from implementation without a separate Owner re-evaluation
LX-ED103184FB35,Unclear/deleted,Sales / Order,销售 / 平台订单,取消多渠道订单,/order/amzod/api/cancelOrder,POST,UNVERIFIED,,docs/integrations/lingxing-walmart-openapi/normalized/deleted_interfaces.csv#LX-ED103184FB35,NONE,NONE,no verification row,DELETED,yes,yes,P2,TBD,reference_only,DELETED,no matching repository legacy Markdown snapshot; excluded from implementation without a separate Owner re-evaluation
LX-D0A92205A559,Multi-platform (Walmart applicability unverified),Sales / Order,多平台,审核发货,/basicOpen/openapi/multiplatform/order/review,POST,UNVERIFIED,,docs/integrations/lingxing-walmart-openapi/normalized/interfaces.csv#LX-D0A92205A559,docs/integrations/lingxing-walmart-openapi/normalized/request_params.csv#LX-D0A92205A559 (1 rows),docs/integrations/lingxing-walmart-openapi/normalized/response_fields.csv#LX-D0A92205A559 (12 rows),doc=文档已收录; tested=未验证; phase1=待评估,DO_NOT_USE,yes,no,P2,销售,reference_only,DO_NOT_USE,no matching repository legacy Markdown snapshot; excluded from implementation without a separate Owner re-evaluation
LX-A96852EA632C,Lingxing ERP (platform scope unverified),Sales / Order,销售 / Listing,批量修改Listing价格,/erp/sc/listing/ProductPricing/pricingSubmit,POST,UNVERIFIED,,docs/integrations/lingxing-walmart-openapi/normalized/interfaces.csv#LX-A96852EA632C,docs/integrations/lingxing-walmart-openapi/normalized/request_params.csv#LX-A96852EA632C (7 rows),docs/integrations/lingxing-walmart-openapi/normalized/response_fields.csv#LX-A96852EA632C (14 rows),doc=文档已收录; tested=未验证; phase1=待评估,DO_NOT_USE,yes,no,P2,运营; 销售,reference_only,DO_NOT_USE,no matching repository legacy Markdown snapshot; excluded from implementation without a separate Owner re-evaluation
LX-D2402601914F,Lingxing ERP (platform scope unverified),Sales / Order,产品,批量编辑本地信息,/basicOpen/product/editOnSaleTimeAndRemark,POST,UNVERIFIED,,docs/integrations/lingxing-walmart-openapi/normalized/interfaces.csv#LX-D2402601914F,docs/integrations/lingxing-walmart-openapi/normalized/request_params.csv#LX-D2402601914F (6 rows),docs/integrations/lingxing-walmart-openapi/normalized/response_fields.csv#LX-D2402601914F (6 rows),doc=文档已收录; tested=未验证; phase1=待评估,DO_NOT_USE,yes,no,P2,产品,reference_only,DO_NOT_USE,no matching repository legacy Markdown snapshot; excluded from implementation without a separate Owner re-evaluation
LX-80C0100C2D4F,Lingxing ERP (platform scope unverified),Sales / Order,销售 / Listing,查询Listing标记标签列表,/basicOpen/listingManage/queryListingRelationTagList,POST,UNVERIFIED,,docs/integrations/lingxing-walmart-openapi/normalized/interfaces.csv#LX-80C0100C2D4F,docs/integrations/lingxing-walmart-openapi/normalized/request_params.csv#LX-80C0100C2D4F (3 rows),docs/integrations/lingxing-walmart-openapi/normalized/response_fields.csv#LX-80C0100C2D4F (13 rows),doc=文档已收录; tested=未验证; phase1=待评估,DO_NOT_USE,yes,no,P2,运营; 销售,reference_only,DO_NOT_USE,no matching repository legacy Markdown snapshot; excluded from implementation without a separate Owner re-evaluation
LX-42B55A79C3D8,Amazon,Sales / Order,销售 / 自发货管理,查询亚马逊自发货订单列表,/erp/sc/routing/order/Order/getOrderList,POST,UNVERIFIED,,docs/integrations/lingxing-walmart-openapi/normalized/deleted_interfaces.csv#LX-42B55A79C3D8,NONE,NONE,no verification row,DELETED,yes,yes,P2,TBD,reference_only,DELETED,no matching repository legacy Markdown snapshot; excluded from implementation without a separate Owner re-evaluation
LX-E42C58B6D66A,Amazon,Sales / Order,销售 / 自发货管理,查询亚马逊自发货订单详情,/erp/sc/routing/order/Order/getOrderDetail,POST,UNVERIFIED,,docs/integrations/lingxing-walmart-openapi/normalized/deleted_interfaces.csv#LX-E42C58B6D66A,NONE,NONE,no verification row,DELETED,yes,yes,P2,TBD,reference_only,DELETED,no matching repository legacy Markdown snapshot; excluded from implementation without a separate Owner re-evaluation
LX-25313630C917,Multi-platform (Walmart applicability unverified),Sales / Order,多平台,标记订单不发货,/pb/mp/order/v2/cancelOrder,POST,UNVERIFIED,,docs/integrations/lingxing-walmart-openapi/normalized/interfaces.csv#LX-25313630C917,docs/integrations/lingxing-walmart-openapi/normalized/request_params.csv#LX-25313630C917 (1 rows),docs/integrations/lingxing-walmart-openapi/normalized/response_fields.csv#LX-25313630C917 (11 rows),doc=文档已收录; tested=未验证; phase1=待评估,DO_NOT_USE,yes,no,P2,销售,reference_only,DO_NOT_USE,no matching repository legacy Markdown snapshot; excluded from implementation without a separate Owner re-evaluation
LX-1C246F17173F,Lingxing ERP (platform scope unverified),Sales / Order,销售 / Listing,添加Listing标签,/basicOpen/globalTag/listing/addTag,POST,UNVERIFIED,,docs/integrations/lingxing-walmart-openapi/normalized/interfaces.csv#LX-1C246F17173F,docs/integrations/lingxing-walmart-openapi/normalized/request_params.csv#LX-1C246F17173F (1 rows),docs/integrations/lingxing-walmart-openapi/normalized/response_fields.csv#LX-1C246F17173F (7 rows),doc=文档已收录; tested=未验证; phase1=待评估,DO_NOT_USE,yes,no,P2,运营; 销售,reference_only,DO_NOT_USE,no matching repository legacy Markdown snapshot; excluded from implementation without a separate Owner re-evaluation
LX-DCEB8C231969,Multi-platform (Walmart applicability unverified),Sales / Order,多平台,编辑/更新自发货订单,/pb/mp/order/v2/updateOrder,POST,UNVERIFIED,,docs/integrations/lingxing-walmart-openapi/normalized/interfaces.csv#LX-DCEB8C231969,docs/integrations/lingxing-walmart-openapi/normalized/request_params.csv#LX-DCEB8C231969 (29 rows),docs/integrations/lingxing-walmart-openapi/normalized/response_fields.csv#LX-DCEB8C231969 (8 rows),doc=文档已收录; tested=未验证; phase1=待评估,DO_NOT_USE,yes,no,P2,销售,reference_only,DO_NOT_USE,no matching repository legacy Markdown snapshot; excluded from implementation without a separate Owner re-evaluation
LX-3BAA5CBA09DF,Multi-platform (Walmart applicability unverified),Sales / Order,多平台,编辑订单,/pb/mp/order/editOrder,POST,UNVERIFIED,,docs/integrations/lingxing-walmart-openapi/normalized/interfaces.csv#LX-3BAA5CBA09DF,docs/integrations/lingxing-walmart-openapi/normalized/request_params.csv#LX-3BAA5CBA09DF (5 rows),docs/integrations/lingxing-walmart-openapi/normalized/response_fields.csv#LX-3BAA5CBA09DF (8 rows),doc=文档已收录; tested=未验证; phase1=待评估,DO_NOT_USE,yes,no,P2,销售,reference_only,DO_NOT_USE,no matching repository legacy Markdown snapshot; excluded from implementation without a separate Owner re-evaluation
LX-5CD66DB6C0A0,Lingxing ERP (platform scope unverified),Sales / Order,采购,编辑采购单备注,/basicOpen/purchase/orderModifyRemark,POST,UNVERIFIED,,docs/integrations/lingxing-walmart-openapi/normalized/interfaces.csv#LX-5CD66DB6C0A0,docs/integrations/lingxing-walmart-openapi/normalized/request_params.csv#LX-5CD66DB6C0A0 (2 rows),docs/integrations/lingxing-walmart-openapi/normalized/response_fields.csv#LX-5CD66DB6C0A0 (7 rows),doc=文档已收录; tested=未验证; phase1=待评估,DO_NOT_USE,yes,no,P2,采购; 销售,reference_only,DO_NOT_USE,no matching repository legacy Markdown snapshot; excluded from implementation without a separate Owner re-evaluation
LX-DA41D6369A41,Lingxing ERP (platform scope unverified),Sales / Order,销售 / Listing,解除Listing配对,/basicOpen/listingManage/unLinkListingPairs,POST,UNVERIFIED,,docs/integrations/lingxing-walmart-openapi/normalized/interfaces.csv#LX-DA41D6369A41,docs/integrations/lingxing-walmart-openapi/normalized/request_params.csv#LX-DA41D6369A41 (3 rows),docs/integrations/lingxing-walmart-openapi/normalized/response_fields.csv#LX-DA41D6369A41 (5 rows),doc=文档已收录; tested=未验证; phase1=待评估,DO_NOT_USE,yes,no,P2,运营; 销售,reference_only,DO_NOT_USE,no matching repository legacy Markdown snapshot; excluded from implementation without a separate Owner re-evaluation
LX-0C5785F744AB,Amazon,Sales / Order,VC,配对/批量配对,/basicOpen/vcservice/productRelation/batchLink,POST,UNVERIFIED,,docs/integrations/lingxing-walmart-openapi/normalized/deleted_interfaces.csv#LX-0C5785F744AB,NONE,NONE,no verification row,DELETED,yes,yes,P2,TBD,reference_only,DELETED,no matching repository legacy Markdown snapshot; excluded from implementation without a separate Owner re-evaluation
LX-583232734D6F,Lingxing ERP (platform scope unverified),Sales / Order,采购,采购单下单,/erp/sc/routing/purchase/purchase/setOrders,POST,UNVERIFIED,,docs/integrations/lingxing-walmart-openapi/normalized/interfaces.csv#LX-583232734D6F,docs/integrations/lingxing-walmart-openapi/normalized/request_params.csv#LX-583232734D6F (1 rows),docs/integrations/lingxing-walmart-openapi/normalized/response_fields.csv#LX-583232734D6F (6 rows),doc=文档已收录; tested=未验证; phase1=待评估,DO_NOT_USE,yes,no,P2,采购; 销售,reference_only,DO_NOT_USE,no matching repository legacy Markdown snapshot; excluded from implementation without a separate Owner re-evaluation
LX-C037C9690479,Amazon,Sales / Order,销售 / Listing,FBA费差异-异常订单-MSKU,/basicOpen/openapi/sale/fbaFeeDifference/msku/list,POST,UNVERIFIED,,docs/integrations/lingxing-walmart-openapi/normalized/deleted_interfaces.csv#LX-C037C9690479,NONE,NONE,no verification row,DELETED,yes,yes,P3,TBD,reference_only,DELETED,no matching repository legacy Markdown snapshot; excluded from implementation without a separate Owner re-evaluation
LX-E6BDA4FE4C76,Amazon,Sales / Order,销售 / Listing,FBA费差异-异常订单-订单,/basicOpen/openapi/sale/fbaFeeDifference/order/list,POST,UNVERIFIED,,docs/integrations/lingxing-walmart-openapi/normalized/deleted_interfaces.csv#LX-E6BDA4FE4C76,NONE,NONE,no verification row,DELETED,yes,yes,P3,TBD,reference_only,DELETED,no matching repository legacy Markdown snapshot; excluded from implementation without a separate Owner re-evaluation
LX-C79145A7BD7A,Lingxing ERP (platform scope unverified),Sales / Order,销售 / Listing,Listing新增商品标签,/basicOpen/listingManage/bindListingAndTag,POST,UNVERIFIED,,docs/integrations/lingxing-walmart-openapi/normalized/interfaces.csv#LX-C79145A7BD7A,docs/integrations/lingxing-walmart-openapi/normalized/request_params.csv#LX-C79145A7BD7A (4 rows),docs/integrations/lingxing-walmart-openapi/normalized/response_fields.csv#LX-C79145A7BD7A (7 rows),doc=文档已收录; tested=未验证; phase1=待评估,DO_NOT_USE,yes,no,P3,运营; 销售,reference_only,DO_NOT_USE,no matching repository legacy Markdown snapshot; excluded from implementation without a separate Owner re-evaluation
LX-8198E3740745,Amazon,Sales / Order,VC,VC订单-打印标签【DF】,/basicOpen/platformOrder/vcOrderDf/getShippingLabel,POST,UNVERIFIED,,docs/integrations/lingxing-walmart-openapi/normalized/deleted_interfaces.csv#LX-8198E3740745,NONE,NONE,no verification row,DELETED,yes,yes,P3,TBD,reference_only,DELETED,no matching repository legacy Markdown snapshot; excluded from implementation without a separate Owner re-evaluation
LX-8DC9ADC8B0DC,Amazon,Sales / Order,VC,VC订单-请求标签【DF】,/basicOpen/platformOrder/vcOrderDf/submitShippingLabel,POST,UNVERIFIED,,docs/integrations/lingxing-walmart-openapi/normalized/deleted_interfaces.csv#LX-8DC9ADC8B0DC,NONE,NONE,no verification row,DELETED,yes,yes,P3,TBD,reference_only,DELETED,no matching repository legacy Markdown snapshot; excluded from implementation without a separate Owner re-evaluation
LX-B6C99BAA3905,Multi-platform (Walmart applicability unverified),Sales / Order,多平台,合并订单,/pb/mp/order/v2/mergeOrder,POST,UNVERIFIED,,docs/integrations/lingxing-walmart-openapi/normalized/interfaces.csv#LX-B6C99BAA3905,docs/integrations/lingxing-walmart-openapi/normalized/request_params.csv#LX-B6C99BAA3905 (2 rows),docs/integrations/lingxing-walmart-openapi/normalized/response_fields.csv#LX-B6C99BAA3905 (11 rows),doc=文档已收录; tested=未验证; phase1=待评估,DO_NOT_USE,yes,no,P3,销售,reference_only,DO_NOT_USE,"no matching repository legacy Markdown snapshot; side_effect_endpoint: endpoint carries write, mutation, task-generation, recalculation, refund, split, merge, or weighing semantics; not eligible for read-only sync PRP; must not be used for automated real calls; requires separate owner approval if ever needed, with dedicated permission, audit, idempotency, misoperation prevention, and production authorization; excluded from implementation without a separate Owner re-evaluation"
LX-EFB08467128D,Lingxing ERP (platform scope unverified),Sales / Order,销售 / 平台订单,多渠道订单-交易明细,/basicOpen/openapi/salesOrder/multi-channel/list/transaction,POST,UNVERIFIED,,docs/integrations/lingxing-walmart-openapi/normalized/interfaces.csv#LX-EFB08467128D,docs/integrations/lingxing-walmart-openapi/normalized/request_params.csv#LX-EFB08467128D (2 rows),docs/integrations/lingxing-walmart-openapi/normalized/response_fields.csv#LX-EFB08467128D (23 rows),doc=文档已收录; tested=未验证; phase1=待评估,READY_FOR_PRP,no,no,P3,销售,contract_reference,AUTH_UNKNOWN,no matching repository legacy Markdown snapshot; structurally eligible for PRP only; not provider-verified or call-authorized
LX-C7F36F028E66,Amazon,Sales / Order,销售 / Listing,批量分配Listing负责人,/listing/listing/open/api/asin/updatePrincipal,POST,UNVERIFIED,,docs/integrations/lingxing-walmart-openapi/normalized/deleted_interfaces.csv#LX-C7F36F028E66,NONE,NONE,no verification row,DELETED,yes,yes,P3,TBD,reference_only,DELETED,no matching repository legacy Markdown snapshot; excluded from implementation without a separate Owner re-evaluation
LX-F05BAD345036,Multi-platform (Walmart applicability unverified),Sales / Order,多平台,拆分订单,/pb/mp/order/v2/splitOrder,POST,UNVERIFIED,,docs/integrations/lingxing-walmart-openapi/normalized/interfaces.csv#LX-F05BAD345036,docs/integrations/lingxing-walmart-openapi/normalized/request_params.csv#LX-F05BAD345036 (9 rows),docs/integrations/lingxing-walmart-openapi/normalized/response_fields.csv#LX-F05BAD345036 (9 rows),doc=文档已收录; tested=未验证; phase1=待评估,DO_NOT_USE,yes,no,P3,销售,reference_only,DO_NOT_USE,"no matching repository legacy Markdown snapshot; side_effect_endpoint: endpoint carries write, mutation, task-generation, recalculation, refund, split, merge, or weighing semantics; not eligible for read-only sync PRP; must not be used for automated real calls; requires separate owner approval if ever needed, with dedicated permission, audit, idempotency, misoperation prevention, and production authorization; excluded from implementation without a separate Owner re-evaluation"
LX-D620C03B7D98,Amazon,Sales / Order,亚马逊源表数据,查询亚马逊源报表-移除订单（旧）,/erp/sc/data/mws_report/removalOrders,POST,UNVERIFIED,,docs/integrations/lingxing-walmart-openapi/normalized/deleted_interfaces.csv#LX-D620C03B7D98,NONE,NONE,no verification row,DELETED,yes,yes,P3,TBD,reference_only,DELETED,no matching repository legacy Markdown snapshot; excluded from implementation without a separate Owner re-evaluation
LX-F25F4D4BC4A3,Amazon,Sales / Order,统计,查询产品表现（旧）,/erp/sc/data/sales_report/asinList,POST,UNVERIFIED,,docs/integrations/lingxing-walmart-openapi/normalized/deleted_interfaces.csv#LX-F25F4D4BC4A3,NONE,NONE,no verification row,DELETED,yes,yes,P3,TBD,reference_only,DELETED,no matching repository legacy Markdown snapshot; excluded from implementation without a separate Owner re-evaluation
LX-715956D8FA89,Multi-platform (Walmart applicability unverified),Sales / Order,多平台,订单称重,/erp/sc/routing/wms/order/setOrderWeighed,POST,UNVERIFIED,,docs/integrations/lingxing-walmart-openapi/normalized/interfaces.csv#LX-715956D8FA89,docs/integrations/lingxing-walmart-openapi/normalized/request_params.csv#LX-715956D8FA89 (5 rows),docs/integrations/lingxing-walmart-openapi/normalized/response_fields.csv#LX-715956D8FA89 (7 rows),doc=文档已收录; tested=未验证; phase1=待评估,DO_NOT_USE,yes,no,P3,销售,reference_only,DO_NOT_USE,"no matching repository legacy Markdown snapshot; side_effect_endpoint: endpoint carries write, mutation, task-generation, recalculation, refund, split, merge, or weighing semantics; not eligible for read-only sync PRP; must not be used for automated real calls; requires separate owner approval if ever needed, with dedicated permission, audit, idempotency, misoperation prevention, and production authorization; excluded from implementation without a separate Owner re-evaluation"
LX-500C4287A05E,Lingxing ERP (platform scope unverified),Sales / Order,采购,采购单整单结束到货,/basicOpen/purchase/setOrderFinish,POST,UNVERIFIED,,docs/integrations/lingxing-walmart-openapi/normalized/interfaces.csv#LX-500C4287A05E,docs/integrations/lingxing-walmart-openapi/normalized/request_params.csv#LX-500C4287A05E (1 rows),docs/integrations/lingxing-walmart-openapi/normalized/response_fields.csv#LX-500C4287A05E (5 rows),doc=文档已收录; tested=未验证; phase1=待评估,DO_NOT_USE,yes,no,P3,采购; 销售,reference_only,DO_NOT_USE,no matching repository legacy Markdown snapshot; excluded from implementation without a separate Owner re-evaluation
LX-9FB86E3706A3,Other non-Walmart,Store / Seller / Marketplace,多平台,多平台-查询Line在线商品,/basicOpen/multiplatform/line/list,POST,UNVERIFIED,,docs/integrations/lingxing-walmart-openapi/normalized/deleted_interfaces.csv#LX-9FB86E3706A3,NONE,NONE,no verification row,DELETED,yes,yes,P0,TBD,reference_only,DELETED,no matching repository legacy Markdown snapshot; excluded from implementation without a separate Owner re-evaluation
LX-C3C3157EC484,Lingxing ERP (platform scope unverified),Store / Seller / Marketplace,目标管理,店铺维度-查询目标,/bd/goal/management/open/store/batchSelect,POST,UNVERIFIED,,docs/integrations/lingxing-walmart-openapi/normalized/interfaces.csv#LX-C3C3157EC484,docs/integrations/lingxing-walmart-openapi/normalized/request_params.csv#LX-C3C3157EC484 (1 rows),docs/integrations/lingxing-walmart-openapi/normalized/response_fields.csv#LX-C3C3157EC484 (55 rows),doc=文档已收录; tested=未验证; phase1=待评估,READY_FOR_PRP,no,no,P0,运营,candidate_source_read,AUTH_UNKNOWN,no matching repository legacy Markdown snapshot; structurally eligible for PRP only; not provider-verified or call-authorized
LX-CC803C771DAC,Other non-Walmart,Store / Seller / Marketplace,多平台,查询AliExpress在线商品 - 托管模式,/basicOpen/multiplatform/aliexpress/list/v2,POST,UNVERIFIED,,docs/integrations/lingxing-walmart-openapi/normalized/deleted_interfaces.csv#LX-CC803C771DAC,NONE,NONE,no verification row,DELETED,yes,yes,P0,TBD,reference_only,DELETED,no matching repository legacy Markdown snapshot; excluded from implementation without a separate Owner re-evaluation
LX-142817E5A1DF,Other non-Walmart,Store / Seller / Marketplace,多平台,查询AliExpress在线商品 - 自运营,/basicOpen/multiplatform/aliExpress/list,POST,UNVERIFIED,,docs/integrations/lingxing-walmart-openapi/normalized/deleted_interfaces.csv#LX-142817E5A1DF,NONE,NONE,no verification row,DELETED,yes,yes,P0,TBD,reference_only,DELETED,no matching repository legacy Markdown snapshot; excluded from implementation without a separate Owner re-evaluation
LX-968880024AAB,Other non-Walmart,Store / Seller / Marketplace,多平台,查询Cdiscount在线商品,/basicOpen/multiplatform/cdiscount/list,POST,UNVERIFIED,,docs/integrations/lingxing-walmart-openapi/normalized/deleted_interfaces.csv#LX-968880024AAB,NONE,NONE,no verification row,DELETED,yes,yes,P0,TBD,reference_only,DELETED,no matching repository legacy Markdown snapshot; excluded from implementation without a separate Owner re-evaluation
LX-67040FDD5156,Other non-Walmart,Store / Seller / Marketplace,多平台,查询Coupang在线商品,/basicOpen/multiplatform/coupang/list,POST,UNVERIFIED,,docs/integrations/lingxing-walmart-openapi/normalized/deleted_interfaces.csv#LX-67040FDD5156,NONE,NONE,no verification row,DELETED,yes,yes,P0,TBD,reference_only,DELETED,no matching repository legacy Markdown snapshot; excluded from implementation without a separate Owner re-evaluation
LX-5E8A58876154,Other non-Walmart,Store / Seller / Marketplace,多平台,查询Kaufland在线商品,/basicOpen/multiplatform/kaufland/list,POST,UNVERIFIED,,docs/integrations/lingxing-walmart-openapi/normalized/deleted_interfaces.csv#LX-5E8A58876154,NONE,NONE,no verification row,DELETED,yes,yes,P0,TBD,reference_only,DELETED,no matching repository legacy Markdown snapshot; excluded from implementation without a separate Owner re-evaluation
LX-7748876702DC,Other non-Walmart,Store / Seller / Marketplace,多平台,查询Lazada在线商品,/basicOpen/multiplatform/lazada/list,POST,UNVERIFIED,,docs/integrations/lingxing-walmart-openapi/normalized/deleted_interfaces.csv#LX-7748876702DC,NONE,NONE,no verification row,DELETED,yes,yes,P0,TBD,reference_only,DELETED,no matching repository legacy Markdown snapshot; excluded from implementation without a separate Owner re-evaluation
LX-2EDE180FD7FA,Other non-Walmart,Store / Seller / Marketplace,多平台,查询Mercado在线商品,/basicOpen/multiplatform/mercado/list,POST,UNVERIFIED,,docs/integrations/lingxing-walmart-openapi/normalized/deleted_interfaces.csv#LX-2EDE180FD7FA,NONE,NONE,no verification row,DELETED,yes,yes,P0,TBD,reference_only,DELETED,no matching repository legacy Markdown snapshot; excluded from implementation without a separate Owner re-evaluation
LX-9D6543F69CD3,Other non-Walmart,Store / Seller / Marketplace,多平台,查询OTTO在线商品,/basicOpen/multiplatform/otto/list,POST,UNVERIFIED,,docs/integrations/lingxing-walmart-openapi/normalized/deleted_interfaces.csv#LX-9D6543F69CD3,NONE,NONE,no verification row,DELETED,yes,yes,P0,TBD,reference_only,DELETED,no matching repository legacy Markdown snapshot; excluded from implementation without a separate Owner re-evaluation
LX-1F44B7286A72,Other non-Walmart,Store / Seller / Marketplace,多平台,查询Ozon在线商品,/basicOpen/multiplatform/ozon/list,POST,UNVERIFIED,,docs/integrations/lingxing-walmart-openapi/normalized/deleted_interfaces.csv#LX-1F44B7286A72,NONE,NONE,no verification row,DELETED,yes,yes,P0,TBD,reference_only,DELETED,no matching repository legacy Markdown snapshot; excluded from implementation without a separate Owner re-evaluation
LX-D18D1C8DA325,Other non-Walmart,Store / Seller / Marketplace,多平台,查询Qoo10在线商品,/basicOpen/multiplatform/qoo10/list,POST,UNVERIFIED,,docs/integrations/lingxing-walmart-openapi/normalized/deleted_interfaces.csv#LX-D18D1C8DA325,NONE,NONE,no verification row,DELETED,yes,yes,P0,TBD,reference_only,DELETED,no matching repository legacy Markdown snapshot; excluded from implementation without a separate Owner re-evaluation
LX-56E907397A06,Other non-Walmart,Store / Seller / Marketplace,多平台,查询Rakuten在线商品,/basicOpen/multiplatform/rakuten/list,POST,UNVERIFIED,,docs/integrations/lingxing-walmart-openapi/normalized/deleted_interfaces.csv#LX-56E907397A06,NONE,NONE,no verification row,DELETED,yes,yes,P0,TBD,reference_only,DELETED,no matching repository legacy Markdown snapshot; excluded from implementation without a separate Owner re-evaluation
LX-CF719815C975,Other non-Walmart,Store / Seller / Marketplace,多平台,查询Shein在线商品,/basicOpen/multiplatform/shein/list,POST,UNVERIFIED,,docs/integrations/lingxing-walmart-openapi/normalized/deleted_interfaces.csv#LX-CF719815C975,NONE,NONE,no verification row,DELETED,yes,yes,P0,TBD,reference_only,DELETED,no matching repository legacy Markdown snapshot; excluded from implementation without a separate Owner re-evaluation
LX-289F49946DB5,Other non-Walmart,Store / Seller / Marketplace,多平台,查询Shopee在线商品,/basicOpen/multiplatform/shopee/list,POST,UNVERIFIED,,docs/integrations/lingxing-walmart-openapi/normalized/deleted_interfaces.csv#LX-289F49946DB5,NONE,NONE,no verification row,DELETED,yes,yes,P0,TBD,reference_only,DELETED,no matching repository legacy Markdown snapshot; excluded from implementation without a separate Owner re-evaluation
LX-6C1D3D754AFF,Other non-Walmart,Store / Seller / Marketplace,多平台,查询Shopify在线商品,/basicOpen/multiplatform/shopify/variantList,POST,UNVERIFIED,,docs/integrations/lingxing-walmart-openapi/normalized/deleted_interfaces.csv#LX-6C1D3D754AFF,NONE,NONE,no verification row,DELETED,yes,yes,P0,TBD,reference_only,DELETED,no matching repository legacy Markdown snapshot; excluded from implementation without a separate Owner re-evaluation
LX-C32514EE9F0F,Other non-Walmart,Store / Seller / Marketplace,多平台,查询Temu在线商品,/basicOpen/multiplatform/temu/list,POST,UNVERIFIED,,docs/integrations/lingxing-walmart-openapi/normalized/deleted_interfaces.csv#LX-C32514EE9F0F,NONE,NONE,no verification row,DELETED,yes,yes,P0,TBD,reference_only,DELETED,no matching repository legacy Markdown snapshot; excluded from implementation without a separate Owner re-evaluation
LX-EF9C7419BD40,Other non-Walmart,Store / Seller / Marketplace,多平台 / 统计,查询TikTok产品表现,/basicOpen/platformStatistics/tiktokProductAnalysis/list,POST,UNVERIFIED,,docs/integrations/lingxing-walmart-openapi/normalized/deleted_interfaces.csv#LX-EF9C7419BD40,NONE,NONE,no verification row,DELETED,yes,yes,P0,TBD,reference_only,DELETED,no matching repository legacy Markdown snapshot; excluded from implementation without a separate Owner re-evaluation
LX-19C74D2BC60E,Other non-Walmart,Store / Seller / Marketplace,多平台,查询TikTok在线商品,/basicOpen/multiplatform/tiktok/list,POST,UNVERIFIED,,docs/integrations/lingxing-walmart-openapi/normalized/deleted_interfaces.csv#LX-19C74D2BC60E,NONE,NONE,no verification row,DELETED,yes,yes,P0,TBD,reference_only,DELETED,no matching repository legacy Markdown snapshot; excluded from implementation without a separate Owner re-evaluation
LX-1524E1C3FF10,Walmart,Store / Seller / Marketplace,多平台 / 统计,查询Walmart产品表现,/basicOpen/platformStatistics/walmartProductAnalysis/list,POST,UNVERIFIED,,docs/integrations/lingxing-walmart-openapi/normalized/interfaces.csv#LX-1524E1C3FF10,docs/integrations/lingxing-walmart-openapi/normalized/request_params.csv#LX-1524E1C3FF10 (18 rows),docs/integrations/lingxing-walmart-openapi/normalized/response_fields.csv#LX-1524E1C3FF10 (157 rows),doc=文档已收录; tested=未验证; phase1=待评估,READY_FOR_PRP,no,no,P0,Walmart; 产品; 运营,candidate_source_read,AUTH_UNKNOWN,no matching repository legacy Markdown snapshot; structurally eligible for PRP only; not provider-verified or call-authorized
LX-9212623D77EA,Walmart,Store / Seller / Marketplace,多平台,查询Walmart在线商品,/basicOpen/multiplatform/walmart/list,POST,HTTPS,old-system/source/docs/lingxing/walmartList.md,docs/integrations/lingxing-walmart-openapi/normalized/interfaces.csv#LX-9212623D77EA,docs/integrations/lingxing-walmart-openapi/normalized/request_params.csv#LX-9212623D77EA (11 rows),docs/integrations/lingxing-walmart-openapi/normalized/response_fields.csv#LX-9212623D77EA (43 rows),doc=文档已收录; tested=未验证; phase1=待评估,READY_FOR_PRP,no,no,P0,Walmart,candidate_source_read,AUTH_UNKNOWN,structurally eligible for PRP only; not provider-verified or call-authorized
LX-492FEC842AE2,Other non-Walmart,Store / Seller / Marketplace,多平台,查询eBay在线商品列表,/basicOpen/multiplatform/ebay/list,POST,UNVERIFIED,,docs/integrations/lingxing-walmart-openapi/normalized/deleted_interfaces.csv#LX-492FEC842AE2,NONE,NONE,no verification row,DELETED,yes,yes,P0,TBD,reference_only,DELETED,no matching repository legacy Markdown snapshot; excluded from implementation without a separate Owner re-evaluation
LX-F82986F65A5D,Amazon,Store / Seller / Marketplace,基础数据,查询亚马逊店铺列表,/erp/sc/data/seller/lists,GET,HTTPS,old-system/source/docs/lingxing/SellerLists.md,docs/integrations/lingxing-walmart-openapi/normalized/deleted_interfaces.csv#LX-F82986F65A5D,NONE,old-system/source/docs/lingxing/SellerLists.md#返回结果 (16 rows),no verification row,DELETED,yes,yes,P0,TBD,reference_only,DELETED,excluded from implementation without a separate Owner re-evaluation
LX-C97AA42C1456,Amazon,Store / Seller / Marketplace,基础数据,查询亚马逊概念店铺列表,/erp/sc/data/seller/conceptLists,GET,UNVERIFIED,,docs/integrations/lingxing-walmart-openapi/normalized/deleted_interfaces.csv#LX-C97AA42C1456,NONE,NONE,no verification row,DELETED,yes,yes,P0,TBD,reference_only,DELETED,no matching repository legacy Markdown snapshot; excluded from implementation without a separate Owner re-evaluation
LX-F8354824E040,Multi-platform (Walmart applicability unverified),Store / Seller / Marketplace,多平台,查询多平台店铺信息,/pb/mp/shop/v2/getSellerList,POST,HTTPS,old-system/source/docs/lingxing/StoreInfoV2.md,docs/integrations/lingxing-walmart-openapi/normalized/interfaces.csv#LX-F8354824E040,docs/integrations/lingxing-walmart-openapi/normalized/request_params.csv#LX-F8354824E040 (5 rows),docs/integrations/lingxing-walmart-openapi/normalized/response_fields.csv#LX-F8354824E040 (15 rows),doc=文档已收录; tested=未验证; phase1=待评估,READY_FOR_PRP,no,no,P0,工作台,candidate_source_read,AUTH_UNKNOWN,structurally eligible for PRP only; not provider-verified or call-authorized
LX-21FC8634582C,Other non-Walmart,Store / Seller / Marketplace,多平台,查询阿里国际站在线商品,/basicOpen/multiplatform/alibaba/list,POST,UNVERIFIED,,docs/integrations/lingxing-walmart-openapi/normalized/deleted_interfaces.csv#LX-21FC8634582C,NONE,NONE,no verification row,DELETED,yes,yes,P0,TBD,reference_only,DELETED,no matching repository legacy Markdown snapshot; excluded from implementation without a separate Owner re-evaluation
LX-6EFCDB06A626,Walmart,Store / Seller / Marketplace,多平台,查询Walmart Review列表,/basicOpen/multiplatform/walmart/queryCommentList,POST,UNVERIFIED,,docs/integrations/lingxing-walmart-openapi/normalized/interfaces.csv#LX-6EFCDB06A626,docs/integrations/lingxing-walmart-openapi/normalized/request_params.csv#LX-6EFCDB06A626 (9 rows),docs/integrations/lingxing-walmart-openapi/normalized/response_fields.csv#LX-6EFCDB06A626 (35 rows),doc=文档已收录; tested=未验证; phase1=待评估,READY_FOR_PRP,no,no,P1,Walmart,candidate_source_read,AUTH_UNKNOWN,no matching repository legacy Markdown snapshot; structurally eligible for PRP only; not provider-verified or call-authorized
LX-4500576F2B8E,Amazon,Store / Seller / Marketplace,基础数据,查询亚马逊市场列表,/erp/sc/data/seller/allMarketplace,GET,HTTPS,old-system/source/docs/lingxing/AllMarketplace.md,docs/integrations/lingxing-walmart-openapi/normalized/deleted_interfaces.csv#LX-4500576F2B8E,NONE,old-system/source/docs/lingxing/AllMarketplace.md#返回结果 (12 rows),no verification row,DELETED,yes,yes,P1,TBD,reference_only,DELETED,excluded from implementation without a separate Owner re-evaluation
LX-65E684431831,Lingxing ERP (platform scope unverified),Store / Seller / Marketplace,目标管理,店铺维度-删除目标,/bd/goal/management/open/store/batchDelete,POST,UNVERIFIED,,docs/integrations/lingxing-walmart-openapi/normalized/interfaces.csv#LX-65E684431831,docs/integrations/lingxing-walmart-openapi/normalized/request_params.csv#LX-65E684431831 (2 rows),docs/integrations/lingxing-walmart-openapi/normalized/response_fields.csv#LX-65E684431831 (4 rows),doc=文档已收录; tested=未验证; phase1=待评估,DO_NOT_USE,yes,no,P2,运营,reference_only,DO_NOT_USE,no matching repository legacy Markdown snapshot; excluded from implementation without a separate Owner re-evaluation
LX-1BE23A99A7E9,Lingxing ERP (platform scope unverified),Store / Seller / Marketplace,基础数据,批量修改店铺名称,/erp/sc/data/seller/batchEditSellerName,POST,UNVERIFIED,,docs/integrations/lingxing-walmart-openapi/normalized/interfaces.csv#LX-1BE23A99A7E9,docs/integrations/lingxing-walmart-openapi/normalized/request_params.csv#LX-1BE23A99A7E9 (3 rows),docs/integrations/lingxing-walmart-openapi/normalized/response_fields.csv#LX-1BE23A99A7E9 (13 rows),doc=文档已收录; tested=未验证; phase1=待评估,DO_NOT_USE,yes,no,P2,工作台,reference_only,DO_NOT_USE,no matching repository legacy Markdown snapshot; excluded from implementation without a separate Owner re-evaluation
LX-9A6E1D56E418,Multi-platform (Walmart applicability unverified),Store / Seller / Marketplace,多平台,批量添加、编辑多平台配对关系,/pb/mp/listing/v2/pairMultiPlatform,POST,UNVERIFIED,,docs/integrations/lingxing-walmart-openapi/normalized/interfaces.csv#LX-9A6E1D56E418,docs/integrations/lingxing-walmart-openapi/normalized/request_params.csv#LX-9A6E1D56E418 (4 rows),docs/integrations/lingxing-walmart-openapi/normalized/response_fields.csv#LX-9A6E1D56E418 (10 rows),doc=文档已收录; tested=未验证; phase1=待评估,DO_NOT_USE,yes,no,P2,工作台,reference_only,DO_NOT_USE,no matching repository legacy Markdown snapshot; excluded from implementation without a separate Owner re-evaluation
LX-2C3EA8AD49D5,Multi-platform (Walmart applicability unverified),Store / Seller / Marketplace,多平台,查询多平台配对列表,/pb/mp/listing/v2/getPairList,POST,HTTPS,old-system/source/docs/lingxing/PairListV2.md,docs/integrations/lingxing-walmart-openapi/normalized/interfaces.csv#LX-2C3EA8AD49D5,docs/integrations/lingxing-walmart-openapi/normalized/request_params.csv#LX-2C3EA8AD49D5 (10 rows),docs/integrations/lingxing-walmart-openapi/normalized/response_fields.csv#LX-2C3EA8AD49D5 (17 rows),doc=文档已收录; tested=未验证; phase1=待评估,DO_NOT_USE,yes,no,P2,产品,reference_only,DO_NOT_USE,excluded from implementation without a separate Owner re-evaluation
LX-532ADAD560E1,Lingxing ERP (platform scope unverified),Store / Seller / Marketplace,目标管理,店铺维度-新增/更新目标,/bd/goal/management/open/store/batchOperate,POST,UNVERIFIED,,docs/integrations/lingxing-walmart-openapi/normalized/interfaces.csv#LX-532ADAD560E1,docs/integrations/lingxing-walmart-openapi/normalized/request_params.csv#LX-532ADAD560E1 (17 rows),docs/integrations/lingxing-walmart-openapi/normalized/response_fields.csv#LX-532ADAD560E1 (6 rows),doc=文档已收录; tested=未验证; phase1=待评估,DO_NOT_USE,yes,no,P3,运营,reference_only,DO_NOT_USE,no matching repository legacy Markdown snapshot; excluded from implementation without a separate Owner re-evaluation
LX-19A4815CBA6E,Other non-Walmart,Store / Seller / Marketplace,多平台,批量TEMU地址解密,/basicOpen/temu/temuAddressDecrypt,POST,UNVERIFIED,,docs/integrations/lingxing-walmart-openapi/normalized/deleted_interfaces.csv#LX-19A4815CBA6E,NONE,NONE,no verification row,DELETED,yes,yes,P3,TBD,reference_only,DELETED,no matching repository legacy Markdown snapshot; excluded from implementation without a separate Owner re-evaluation
LX-9CD190638C17,Amazon,WFS / storage / inbound transport,FBA / FBA货件（STA）,查询AWD入库任务列表,/amzStaServer/openapi/awd/inbound-plan/page,POST,UNVERIFIED,,docs/integrations/lingxing-walmart-openapi/normalized/deleted_interfaces.csv#LX-9CD190638C17,NONE,NONE,no verification row,DELETED,yes,yes,P0,TBD,reference_only,DELETED,no matching repository legacy Markdown snapshot; excluded from implementation without a separate Owner re-evaluation
LX-C2390BB79F75,Amazon,WFS / storage / inbound transport,FBA / FBA货件（STA）,查询AWD入库任务详情,/amzStaServer/openapi/awd/inbound-plan/detail,POST,UNVERIFIED,,docs/integrations/lingxing-walmart-openapi/normalized/deleted_interfaces.csv#LX-C2390BB79F75,NONE,NONE,no verification row,DELETED,yes,yes,P0,TBD,reference_only,DELETED,no matching repository legacy Markdown snapshot; excluded from implementation without a separate Owner re-evaluation
LX-36B9E5516331,Amazon,WFS / storage / inbound transport,FBA / FBA货件（STA）,查询AWD入库货件列表,/amzStaServer/openapi/awd/inbound-shipment/page,POST,UNVERIFIED,,docs/integrations/lingxing-walmart-openapi/normalized/deleted_interfaces.csv#LX-36B9E5516331,NONE,NONE,no verification row,DELETED,yes,yes,P0,TBD,reference_only,DELETED,no matching repository legacy Markdown snapshot; excluded from implementation without a separate Owner re-evaluation
LX-21427E079EB6,Amazon,WFS / storage / inbound transport,FBA / FBA货件（STA）,查询AWD入库货件详情,/amzStaServer/openapi/awd/inbound-shipment/detail,POST,UNVERIFIED,,docs/integrations/lingxing-walmart-openapi/normalized/deleted_interfaces.csv#LX-21427E079EB6,NONE,NONE,no verification row,DELETED,yes,yes,P0,TBD,reference_only,DELETED,no matching repository legacy Markdown snapshot; excluded from implementation without a separate Owner re-evaluation
LX-C41B32188946,Amazon,WFS / storage / inbound transport,FBA / FBA货件（STA）,查询FBA到货接收明细,/erp/sc/data/fba_report/receivedInventory,POST,UNVERIFIED,,docs/integrations/lingxing-walmart-openapi/normalized/deleted_interfaces.csv#LX-C41B32188946,NONE,NONE,no verification row,DELETED,yes,yes,P0,TBD,reference_only,DELETED,no matching repository legacy Markdown snapshot; excluded from implementation without a separate Owner re-evaluation
LX-8A3BEF320B33,Amazon,WFS / storage / inbound transport,FBA / FBA货件（STA）,查询FBA商品信息列表,/erp/sc/routing/fba/shipment/getFbaProductList,POST,UNVERIFIED,,docs/integrations/lingxing-walmart-openapi/normalized/deleted_interfaces.csv#LX-8A3BEF320B33,NONE,NONE,no verification row,DELETED,yes,yes,P0,TBD,reference_only,DELETED,no matching repository legacy Markdown snapshot; excluded from implementation without a separate Owner re-evaluation
LX-CEDC59ED8563,Amazon,WFS / storage / inbound transport,FBA / FBA货件（STA）,查询FBA货件商品FNSKU标签,/erp/sc/storage/shipment/printFnskuLabels,POST,UNVERIFIED,,docs/integrations/lingxing-walmart-openapi/normalized/deleted_interfaces.csv#LX-CEDC59ED8563,NONE,NONE,no verification row,DELETED,yes,yes,P0,TBD,reference_only,DELETED,no matching repository legacy Markdown snapshot; excluded from implementation without a separate Owner re-evaluation
LX-531E7CE81EF4,Multi-platform (Walmart applicability unverified),WFS / storage / inbound transport,多平台,查询WFS库存列表,/cepf/warehouse/api/openApi/queryWFSInventionPage,POST,UNVERIFIED,,docs/integrations/lingxing-walmart-openapi/normalized/interfaces.csv#LX-531E7CE81EF4,docs/integrations/lingxing-walmart-openapi/normalized/request_params.csv#LX-531E7CE81EF4 (3 rows),docs/integrations/lingxing-walmart-openapi/normalized/response_fields.csv#LX-531E7CE81EF4 (32 rows),doc=文档已收录; tested=未验证; phase1=待评估,READY_FOR_PRP,no,no,P0,工作台,candidate_source_read,AUTH_UNKNOWN,no matching repository legacy Markdown snapshot; structurally eligible for PRP only; not provider-verified or call-authorized
LX-676C983961A2,Amazon,WFS / storage / inbound transport,亚马逊源表数据,查询亚马逊源报表-FBA订单,/erp/sc/data/mws_report/fbaOrders,POST,UNVERIFIED,,docs/integrations/lingxing-walmart-openapi/normalized/deleted_interfaces.csv#LX-676C983961A2,NONE,NONE,no verification row,DELETED,yes,yes,P0,TBD,reference_only,DELETED,no matching repository legacy Markdown snapshot; excluded from implementation without a separate Owner re-evaluation
LX-CF87F80AD608,Lingxing ERP (platform scope unverified),WFS / storage / inbound transport,仓库 / 仓库设置,查询产品仓位列表,/basicOpen/warehouseConfig/warehouseBin/getEntryRecommendBinList,POST,UNVERIFIED,,docs/integrations/lingxing-walmart-openapi/normalized/interfaces.csv#LX-CF87F80AD608,docs/integrations/lingxing-walmart-openapi/normalized/request_params.csv#LX-CF87F80AD608 (6 rows),docs/integrations/lingxing-walmart-openapi/normalized/response_fields.csv#LX-CF87F80AD608 (28 rows),doc=文档已收录; tested=未验证; phase1=待评估,READY_FOR_PRP,no,no,P0,产品; 仓库,candidate_source_read,AUTH_UNKNOWN,no matching repository legacy Markdown snapshot; structurally eligible for PRP only; not provider-verified or call-authorized
LX-A4D3F436FF1F,Lingxing ERP (platform scope unverified),WFS / storage / inbound transport,产品,查询产品属性列表,/erp/sc/routing/storage/attribute/attributeList,POST,UNVERIFIED,,docs/integrations/lingxing-walmart-openapi/normalized/interfaces.csv#LX-A4D3F436FF1F,docs/integrations/lingxing-walmart-openapi/normalized/request_params.csv#LX-A4D3F436FF1F (2 rows),docs/integrations/lingxing-walmart-openapi/normalized/response_fields.csv#LX-A4D3F436FF1F (16 rows),doc=文档已收录; tested=未验证; phase1=待评估,READY_FOR_PRP,no,no,P0,产品,candidate_source_read,AUTH_UNKNOWN,no matching repository legacy Markdown snapshot; structurally eligible for PRP only; not provider-verified or call-authorized
LX-A78D6BB9DC24,Lingxing ERP (platform scope unverified),WFS / storage / inbound transport,仓库 / 出入库,查询入库单列表,/erp/sc/routing/storage/inbound/getOrders,POST,UNVERIFIED,,docs/integrations/lingxing-walmart-openapi/normalized/interfaces.csv#LX-A78D6BB9DC24,docs/integrations/lingxing-walmart-openapi/normalized/request_params.csv#LX-A78D6BB9DC24 (10 rows),docs/integrations/lingxing-walmart-openapi/normalized/response_fields.csv#LX-A78D6BB9DC24 (71 rows),doc=文档已收录; tested=未验证; phase1=待评估,READY_FOR_PRP,no,no,P0,仓库; 销售,candidate_source_read,AUTH_UNKNOWN,no matching repository legacy Markdown snapshot; structurally eligible for PRP only; not provider-verified or call-authorized
LX-179D3B8A9F63,Lingxing ERP (platform scope unverified),WFS / storage / inbound transport,仓库 / 出入库,查询出库单列表,/erp/sc/routing/storage/outbound/getOrders,POST,UNVERIFIED,,docs/integrations/lingxing-walmart-openapi/normalized/interfaces.csv#LX-179D3B8A9F63,docs/integrations/lingxing-walmart-openapi/normalized/request_params.csv#LX-179D3B8A9F63 (10 rows),docs/integrations/lingxing-walmart-openapi/normalized/response_fields.csv#LX-179D3B8A9F63 (76 rows),doc=文档已收录; tested=未验证; phase1=待评估,READY_FOR_PRP,no,no,P0,仓库; 销售,candidate_source_read,AUTH_UNKNOWN,no matching repository legacy Markdown snapshot; structurally eligible for PRP only; not provider-verified or call-authorized
LX-96F32A1090F0,Lingxing ERP (platform scope unverified),WFS / storage / inbound transport,采购,查询加工计划列表,/basicOpen/openapi/workOrder/processPlanList,POST,UNVERIFIED,,docs/integrations/lingxing-walmart-openapi/normalized/interfaces.csv#LX-96F32A1090F0,docs/integrations/lingxing-walmart-openapi/normalized/request_params.csv#LX-96F32A1090F0 (12 rows),docs/integrations/lingxing-walmart-openapi/normalized/response_fields.csv#LX-96F32A1090F0 (53 rows),doc=文档已收录; tested=未验证; phase1=待评估,READY_FOR_PRP,no,no,P0,仓库; 采购; 销售,candidate_source_read,AUTH_UNKNOWN,no matching repository legacy Markdown snapshot; structurally eligible for PRP only; not provider-verified or call-authorized
LX-ACB0219BB470,Lingxing ERP (platform scope unverified),WFS / storage / inbound transport,仓库 / 海外仓,查询备货单收货记录,/erp/sc/routing/owms/inbound/getReceiveGoodRecords,POST,UNVERIFIED,,docs/integrations/lingxing-walmart-openapi/normalized/interfaces.csv#LX-ACB0219BB470,docs/integrations/lingxing-walmart-openapi/normalized/request_params.csv#LX-ACB0219BB470 (5 rows),docs/integrations/lingxing-walmart-openapi/normalized/response_fields.csv#LX-ACB0219BB470 (25 rows),doc=文档已收录; tested=未验证; phase1=待评估,READY_FOR_PRP,no,no,P0,仓库,candidate_source_read,AUTH_UNKNOWN,no matching repository legacy Markdown snapshot; structurally eligible for PRP only; not provider-verified or call-authorized
LX-E5E2F516B966,Lingxing ERP (platform scope unverified),WFS / storage / inbound transport,仓库 / 海外仓,查询备货单装箱信息,/erp/sc/routing/owms/inbound/getPackingData,GET,UNVERIFIED,,docs/integrations/lingxing-walmart-openapi/normalized/interfaces.csv#LX-E5E2F516B966,docs/integrations/lingxing-walmart-openapi/normalized/request_params.csv#LX-E5E2F516B966 (1 rows),docs/integrations/lingxing-walmart-openapi/normalized/response_fields.csv#LX-E5E2F516B966 (23 rows),doc=文档已收录; tested=未验证; phase1=待评估,READY_FOR_PRP,no,no,P0,仓库,candidate_source_read,AUTH_UNKNOWN,no matching repository legacy Markdown snapshot; structurally eligible for PRP only; not provider-verified or call-authorized
LX-5AFC6979F657,Lingxing ERP (platform scope unverified),WFS / storage / inbound transport,产品,查询多属性产品列表,/erp/sc/routing/storage/spu/spuList,POST,UNVERIFIED,,docs/integrations/lingxing-walmart-openapi/normalized/interfaces.csv#LX-5AFC6979F657,docs/integrations/lingxing-walmart-openapi/normalized/request_params.csv#LX-5AFC6979F657 (2 rows),docs/integrations/lingxing-walmart-openapi/normalized/response_fields.csv#LX-5AFC6979F657 (21 rows),doc=文档已收录; tested=未验证; phase1=待评估,READY_FOR_PRP,no,no,P0,产品,candidate_source_read,AUTH_UNKNOWN,no matching repository legacy Markdown snapshot; structurally eligible for PRP only; not provider-verified or call-authorized
LX-30AF347E45FE,Lingxing ERP (platform scope unverified),WFS / storage / inbound transport,产品,查询多属性产品详情,/erp/sc/routing/storage/spu/info,POST,UNVERIFIED,,docs/integrations/lingxing-walmart-openapi/normalized/interfaces.csv#LX-30AF347E45FE,docs/integrations/lingxing-walmart-openapi/normalized/request_params.csv#LX-30AF347E45FE (2 rows),docs/integrations/lingxing-walmart-openapi/normalized/response_fields.csv#LX-30AF347E45FE (93 rows),doc=文档已收录; tested=未验证; phase1=待评估,READY_FOR_PRP,no,no,P0,产品,candidate_source_read,AUTH_UNKNOWN,no matching repository legacy Markdown snapshot; structurally eligible for PRP only; not provider-verified or call-authorized
LX-4B9473A2D2E1,Lingxing ERP (platform scope unverified),WFS / storage / inbound transport,仓库 / 收货质检,查询收货单列表,/erp/sc/routing/deliveryReceipt/PurchaseReceiptOrder/getOrderList,POST,UNVERIFIED,,docs/integrations/lingxing-walmart-openapi/normalized/interfaces.csv#LX-4B9473A2D2E1,docs/integrations/lingxing-walmart-openapi/normalized/request_params.csv#LX-4B9473A2D2E1 (10 rows),docs/integrations/lingxing-walmart-openapi/normalized/response_fields.csv#LX-4B9473A2D2E1 (47 rows),doc=文档已收录; tested=未验证; phase1=待评估,READY_FOR_PRP,no,no,P0,仓库; 采购; 销售,source_candidate,AUTH_UNKNOWN,"Owner approved 方案 A (mz-liuyunlong, 2026-09-18, docs/data-sources/decisions/pmc-purchase-board-decision.md) for PRP planning only; not real-call authorization. Read-only per official_verified_interfaces.csv (is_read=是, is_write=否, has_side_effect=否); production use still requires real-call authorization."
LX-7773B7A1FDF9,Lingxing ERP (platform scope unverified),WFS / storage / inbound transport,仓库 / 海外仓,查询海外仓备货单列表,/erp/sc/routing/owms/inbound/listInbound,POST,UNVERIFIED,,docs/integrations/lingxing-walmart-openapi/normalized/interfaces.csv#LX-7773B7A1FDF9,docs/integrations/lingxing-walmart-openapi/normalized/request_params.csv#LX-7773B7A1FDF9 (11 rows),docs/integrations/lingxing-walmart-openapi/normalized/response_fields.csv#LX-7773B7A1FDF9 (108 rows),doc=文档已收录; tested=未验证; phase1=待评估,READY_FOR_PRP,no,no,P0,仓库,candidate_source_read,AUTH_UNKNOWN,no matching repository legacy Markdown snapshot; structurally eligible for PRP only; not provider-verified or call-authorized
LX-DE77858CC887,Lingxing ERP (platform scope unverified),WFS / storage / inbound transport,仓库 / 海外仓,查询移除入库单列表,/erp/sc/routing/owms/removalInbound/list,POST,UNVERIFIED,,docs/integrations/lingxing-walmart-openapi/normalized/interfaces.csv#LX-DE77858CC887,docs/integrations/lingxing-walmart-openapi/normalized/request_params.csv#LX-DE77858CC887 (6 rows),docs/integrations/lingxing-walmart-openapi/normalized/response_fields.csv#LX-DE77858CC887 (60 rows),doc=文档已收录; tested=未验证; phase1=待评估,READY_FOR_PRP,no,no,P0,仓库,candidate_source_read,AUTH_UNKNOWN,no matching repository legacy Markdown snapshot; structurally eligible for PRP only; not provider-verified or call-authorized
LX-814E67414272,Lingxing ERP (platform scope unverified),WFS / storage / inbound transport,仓库 / 海外仓,查询系统产品与第三方海外仓产品映射列表,/erp/sc/routing/owms/inbound/matchSkuList,POST,UNVERIFIED,,docs/integrations/lingxing-walmart-openapi/normalized/interfaces.csv#LX-814E67414272,docs/integrations/lingxing-walmart-openapi/normalized/request_params.csv#LX-814E67414272 (4 rows),docs/integrations/lingxing-walmart-openapi/normalized/response_fields.csv#LX-814E67414272 (20 rows),doc=文档已收录; tested=未验证; phase1=待评估,READY_FOR_PRP,no,no,P0,产品; 仓库,candidate_source_read,AUTH_UNKNOWN,no matching repository legacy Markdown snapshot; structurally eligible for PRP only; not provider-verified or call-authorized
LX-ECAEE8038F87,Lingxing ERP (platform scope unverified),WFS / storage / inbound transport,仓库 / 收货质检,查询质检单列表,/erp/sc/routing/deliveryReceipt/ReceiptOrderQc/getOrderList,POST,UNVERIFIED,,docs/integrations/lingxing-walmart-openapi/normalized/interfaces.csv#LX-ECAEE8038F87,docs/integrations/lingxing-walmart-openapi/normalized/request_params.csv#LX-ECAEE8038F87 (8 rows),docs/integrations/lingxing-walmart-openapi/normalized/response_fields.csv#LX-ECAEE8038F87 (43 rows),doc=文档已收录; tested=未验证; phase1=待评估,DO_NOT_USE,yes,no,P0,仓库; 销售,reference_only,DO_NOT_USE,no matching repository legacy Markdown snapshot; excluded from implementation without a separate Owner re-evaluation
LX-5D311ED3B89E,Lingxing ERP (platform scope unverified),WFS / storage / inbound transport,仓库 / 收货质检,查询质检单详情,/basicOpen/qualityInspectionOrder/detail,POST,UNVERIFIED,,docs/integrations/lingxing-walmart-openapi/normalized/interfaces.csv#LX-5D311ED3B89E,docs/integrations/lingxing-walmart-openapi/normalized/request_params.csv#LX-5D311ED3B89E (1 rows),docs/integrations/lingxing-walmart-openapi/normalized/response_fields.csv#LX-5D311ED3B89E (75 rows),doc=文档已收录; tested=未验证; phase1=待评估,READY_FOR_PRP,no,no,P0,仓库; 销售,candidate_source_read,AUTH_UNKNOWN,no matching repository legacy Markdown snapshot; structurally eligible for PRP only; not provider-verified or call-authorized
LX-FD9302CF208A,Lingxing ERP (platform scope unverified),WFS / storage / inbound transport,仓库 / 发货,查询销售出库单列表,/erp/sc/routing/wms/order/wmsOrderList,POST,UNVERIFIED,,docs/integrations/lingxing-walmart-openapi/normalized/interfaces.csv#LX-FD9302CF208A,docs/integrations/lingxing-walmart-openapi/normalized/request_params.csv#LX-FD9302CF208A (11 rows),docs/integrations/lingxing-walmart-openapi/normalized/response_fields.csv#LX-FD9302CF208A (127 rows),doc=文档已收录; tested=未验证; phase1=待评估,READY_FOR_PRP,no,no,P0,仓库; 销售,candidate_source_read,AUTH_UNKNOWN,no matching repository legacy Markdown snapshot; structurally eligible for PRP only; not provider-verified or call-authorized
LX-F596F7E8C481,Lingxing ERP (platform scope unverified),WFS / storage / inbound transport,仓库 / 发货,查询销售出库单物流面单,/erp/sc/routing/wms/order/getWmsLogisticsLabels,POST,UNVERIFIED,,docs/integrations/lingxing-walmart-openapi/normalized/interfaces.csv#LX-F596F7E8C481,docs/integrations/lingxing-walmart-openapi/normalized/request_params.csv#LX-F596F7E8C481 (2 rows),docs/integrations/lingxing-walmart-openapi/normalized/response_fields.csv#LX-F596F7E8C481 (14 rows),doc=文档已收录; tested=未验证; phase1=待评估,READY_FOR_PRP,no,no,P0,仓库; 销售,candidate_source_read,AUTH_UNKNOWN,no matching repository legacy Markdown snapshot; structurally eligible for PRP only; not provider-verified or call-authorized
LX-F23293A702BB,Lingxing ERP (platform scope unverified),WFS / storage / inbound transport,仓库 / 出入库,查询销售出库单详情,/basicOpen/wmsOrder/getWmsOrdersByOrderNumbers,POST,UNVERIFIED,,docs/integrations/lingxing-walmart-openapi/normalized/interfaces.csv#LX-F23293A702BB,docs/integrations/lingxing-walmart-openapi/normalized/request_params.csv#LX-F23293A702BB (2 rows),docs/integrations/lingxing-walmart-openapi/normalized/response_fields.csv#LX-F23293A702BB (73 rows),doc=文档已收录; tested=未验证; phase1=待评估,READY_FOR_PRP,no,no,P0,仓库; 销售,candidate_source_read,AUTH_UNKNOWN,no matching repository legacy Markdown snapshot; structurally eligible for PRP only; not provider-verified or call-authorized
LX-A49B65E222D2,Amazon,WFS / storage / inbound transport,FBA / FBA货件（STA）,获取商品预处理信息,/amzStaServer/openapi/inbound-packing/getPrepDetails,POST,UNVERIFIED,,docs/integrations/lingxing-walmart-openapi/normalized/deleted_interfaces.csv#LX-A49B65E222D2,NONE,NONE,no verification row,DELETED,yes,yes,P0,TBD,reference_only,DELETED,no matching repository legacy Markdown snapshot; excluded from implementation without a separate Owner re-evaluation
LX-EBADE37CF17C,Lingxing ERP (platform scope unverified),WFS / storage / inbound transport,仓库 / 海外仓,获取备货单号,/erp/sc/routing/owms/inbound/listOrderNos,POST,UNVERIFIED,,docs/integrations/lingxing-walmart-openapi/normalized/interfaces.csv#LX-EBADE37CF17C,docs/integrations/lingxing-walmart-openapi/normalized/request_params.csv#LX-EBADE37CF17C (1 rows),docs/integrations/lingxing-walmart-openapi/normalized/response_fields.csv#LX-EBADE37CF17C (9 rows),doc=文档已收录; tested=未验证; phase1=待评估,READY_FOR_PRP,no,no,P0,仓库; 销售,candidate_source_read,AUTH_UNKNOWN,no matching repository legacy Markdown snapshot; structurally eligible for PRP only; not provider-verified or call-authorized
LX-AAFAE3E2B6D6,Lingxing ERP (platform scope unverified),WFS / storage / inbound transport,仓库 / 海外仓,获取第三方SKU标签PDF文件,/erp/sc/routing/owms/inbound/productLabel,POST,UNVERIFIED,,docs/integrations/lingxing-walmart-openapi/normalized/interfaces.csv#LX-AAFAE3E2B6D6,docs/integrations/lingxing-walmart-openapi/normalized/request_params.csv#LX-AAFAE3E2B6D6 (3 rows),docs/integrations/lingxing-walmart-openapi/normalized/response_fields.csv#LX-AAFAE3E2B6D6 (8 rows),doc=文档已收录; tested=未验证; phase1=待评估,READY_FOR_PRP,no,no,P0,产品; 仓库,candidate_source_read,AUTH_UNKNOWN,no matching repository legacy Markdown snapshot; structurally eligible for PRP only; not provider-verified or call-authorized
LX-BED54283FB2B,Lingxing ERP (platform scope unverified),WFS / storage / inbound transport,仓库 / 海外仓,获取第三方箱唛,/erp/sc/routing/owms/inbound/packageLabel,POST,UNVERIFIED,,docs/integrations/lingxing-walmart-openapi/normalized/interfaces.csv#LX-BED54283FB2B,docs/integrations/lingxing-walmart-openapi/normalized/request_params.csv#LX-BED54283FB2B (2 rows),docs/integrations/lingxing-walmart-openapi/normalized/response_fields.csv#LX-BED54283FB2B (8 rows),doc=文档已收录; tested=未验证; phase1=待评估,READY_FOR_PRP,no,no,P0,仓库,candidate_source_read,AUTH_UNKNOWN,no matching repository legacy Markdown snapshot; structurally eligible for PRP only; not provider-verified or call-authorized
LX-75157159D29E,Lingxing ERP (platform scope unverified),WFS / storage / inbound transport,仓库 / 出入库,获取自定义入库类型,/erp/sc/routing/storage/inbound/getCustomTypes,POST,UNVERIFIED,,docs/integrations/lingxing-walmart-openapi/normalized/interfaces.csv#LX-75157159D29E,NONE,docs/integrations/lingxing-walmart-openapi/normalized/response_fields.csv#LX-75157159D29E (13 rows),doc=文档已收录; tested=未验证; phase1=待评估,PARTIAL_CONTRACT,no,no,P0,仓库,candidate_source_read,MISSING_REQUEST_PARAMS,no matching repository legacy Markdown snapshot; path/method present but parameter or field evidence is incomplete
LX-10C1BC0E9648,Lingxing ERP (platform scope unverified),WFS / storage / inbound transport,仓库 / 出入库,获取自定义出库类型,/erp/sc/routing/storage/outbound/getCustomTypes,POST,UNVERIFIED,,docs/integrations/lingxing-walmart-openapi/normalized/interfaces.csv#LX-10C1BC0E9648,NONE,docs/integrations/lingxing-walmart-openapi/normalized/response_fields.csv#LX-10C1BC0E9648 (13 rows),doc=文档已收录; tested=未验证; phase1=待评估,PARTIAL_CONTRACT,no,no,P0,仓库,candidate_source_read,MISSING_REQUEST_PARAMS,no matching repository legacy Markdown snapshot; path/method present but parameter or field evidence is incomplete
LX-051118326D63,Lingxing ERP (platform scope unverified),WFS / storage / inbound transport,仓库 / 装箱管理,装箱任务-任务列表,/basicOpen/packingTask/list,POST,UNVERIFIED,,docs/integrations/lingxing-walmart-openapi/normalized/interfaces.csv#LX-051118326D63,docs/integrations/lingxing-walmart-openapi/normalized/request_params.csv#LX-051118326D63 (17 rows),docs/integrations/lingxing-walmart-openapi/normalized/response_fields.csv#LX-051118326D63 (61 rows),doc=文档已收录; tested=未验证; phase1=待评估,READY_FOR_PRP,no,no,P0,仓库,candidate_source_read,AUTH_UNKNOWN,no matching repository legacy Markdown snapshot; structurally eligible for PRP only; not provider-verified or call-authorized
LX-8C46310BDBDA,Lingxing ERP (platform scope unverified),WFS / storage / inbound transport,仓库 / 装箱管理,装箱任务-任务详情,/basicOpen/packingTask/taskDetail,POST,UNVERIFIED,,docs/integrations/lingxing-walmart-openapi/normalized/interfaces.csv#LX-8C46310BDBDA,docs/integrations/lingxing-walmart-openapi/normalized/request_params.csv#LX-8C46310BDBDA (2 rows),docs/integrations/lingxing-walmart-openapi/normalized/response_fields.csv#LX-8C46310BDBDA (105 rows),doc=文档已收录; tested=未验证; phase1=待评估,READY_FOR_PRP,no,no,P0,仓库,candidate_source_read,AUTH_UNKNOWN,no matching repository legacy Markdown snapshot; structurally eligible for PRP only; not provider-verified or call-authorized
LX-EE7D15BC8C4F,Lingxing ERP (platform scope unverified),WFS / storage / inbound transport,仓库 / 装箱管理,装箱任务-单据列表,/basicOpen/packingTask/getRelateSnList,POST,UNVERIFIED,,docs/integrations/lingxing-walmart-openapi/normalized/interfaces.csv#LX-EE7D15BC8C4F,docs/integrations/lingxing-walmart-openapi/normalized/request_params.csv#LX-EE7D15BC8C4F (5 rows),docs/integrations/lingxing-walmart-openapi/normalized/response_fields.csv#LX-EE7D15BC8C4F (21 rows),doc=文档已收录; tested=未验证; phase1=待评估,DO_NOT_USE,yes,no,P0,仓库,reference_only,DO_NOT_USE,no matching repository legacy Markdown snapshot; excluded from implementation without a separate Owner re-evaluation
LX-A25AE6134CEB,Amazon,WFS / storage / inbound transport,FBA / FBA货件（STA）,地址簿-配送地址详情,/basicOpen/openapi/fbaShipment/shoppingAddress,POST,UNVERIFIED,,docs/integrations/lingxing-walmart-openapi/normalized/deleted_interfaces.csv#LX-A25AE6134CEB,NONE,NONE,no verification row,DELETED,yes,yes,P1,TBD,reference_only,DELETED,no matching repository legacy Markdown snapshot; excluded from implementation without a separate Owner re-evaluation
LX-081EC270CC8F,Lingxing ERP (platform scope unverified),WFS / storage / inbound transport,物流,头程对账列表,/basicOpen/logistics/headLogisticsReconciliation/list,POST,UNVERIFIED,,docs/integrations/lingxing-walmart-openapi/normalized/interfaces.csv#LX-081EC270CC8F,docs/integrations/lingxing-walmart-openapi/normalized/request_params.csv#LX-081EC270CC8F (17 rows),docs/integrations/lingxing-walmart-openapi/normalized/response_fields.csv#LX-081EC270CC8F (36 rows),doc=文档已收录; tested=未验证; phase1=待评估,READY_FOR_PRP,no,no,P1,工作台,candidate_source_read,AUTH_UNKNOWN,no matching repository legacy Markdown snapshot; structurally eligible for PRP only; not provider-verified or call-authorized
LX-21F5B3DD122D,Amazon,WFS / storage / inbound transport,统计,查询FBA月仓储费,/erp/sc/data/fba_report/storageFeeMonth,POST,UNVERIFIED,,docs/integrations/lingxing-walmart-openapi/normalized/deleted_interfaces.csv#LX-21F5B3DD122D,NONE,NONE,no verification row,DELETED,yes,yes,P1,TBD,reference_only,DELETED,no matching repository legacy Markdown snapshot; excluded from implementation without a separate Owner re-evaluation
LX-0D1D1ECB7280,Amazon,WFS / storage / inbound transport,FBA / FBA货件（STA）,查询FBA货件箱子、卡板标签,/erp/sc/storage/shipment/printFbaLabels,POST,UNVERIFIED,,docs/integrations/lingxing-walmart-openapi/normalized/deleted_interfaces.csv#LX-0D1D1ECB7280,NONE,NONE,no verification row,DELETED,yes,yes,P1,TBD,reference_only,DELETED,no matching repository legacy Markdown snapshot; excluded from implementation without a separate Owner re-evaluation
LX-F383D3B7EB6F,Amazon,WFS / storage / inbound transport,统计,查询FBA长期仓储费,/erp/sc/data/fba_report/storageFeeLongTerm,POST,UNVERIFIED,,docs/integrations/lingxing-walmart-openapi/normalized/deleted_interfaces.csv#LX-F383D3B7EB6F,NONE,NONE,no verification row,DELETED,yes,yes,P1,TBD,reference_only,DELETED,no matching repository legacy Markdown snapshot; excluded from implementation without a separate Owner re-evaluation
LX-BCC0B20A9D59,Multi-platform (Walmart applicability unverified),WFS / storage / inbound transport,多平台,查询FBT货件列表,/basicOpen/fbtShipment/cargo/list,POST,UNVERIFIED,,docs/integrations/lingxing-walmart-openapi/normalized/deleted_interfaces.csv#LX-BCC0B20A9D59,NONE,NONE,no verification row,DELETED,yes,yes,P1,TBD,reference_only,DELETED,no matching repository legacy Markdown snapshot; excluded from implementation without a separate Owner re-evaluation
LX-156A1CB27E37,Amazon,WFS / storage / inbound transport,FBA / FBA货件（STA）,查询STA任务列表,/amzStaServer/openapi/inbound-plan/page,POST,UNVERIFIED,,docs/integrations/lingxing-walmart-openapi/normalized/deleted_interfaces.csv#LX-156A1CB27E37,NONE,NONE,no verification row,DELETED,yes,yes,P1,TBD,reference_only,DELETED,no matching repository legacy Markdown snapshot; excluded from implementation without a separate Owner re-evaluation
LX-0729C772C5E1,Amazon,WFS / storage / inbound transport,FBA / FBA货件（STA）,查询STA任务详情,/amzStaServer/openapi/inbound-plan/detail,POST,UNVERIFIED,,docs/integrations/lingxing-walmart-openapi/normalized/deleted_interfaces.csv#LX-0729C772C5E1,NONE,NONE,no verification row,DELETED,yes,yes,P1,TBD,reference_only,DELETED,no matching repository legacy Markdown snapshot; excluded from implementation without a separate Owner re-evaluation
LX-20EB3FCA79C6,Other non-Walmart,WFS / storage / inbound transport,多平台,查询Temu货件,/basicOpen/multiplatform/temu/cargo,POST,UNVERIFIED,,docs/integrations/lingxing-walmart-openapi/normalized/deleted_interfaces.csv#LX-20EB3FCA79C6,NONE,NONE,no verification row,DELETED,yes,yes,P1,TBD,reference_only,DELETED,no matching repository legacy Markdown snapshot; excluded from implementation without a separate Owner re-evaluation
LX-C95DBD64F2A9,Multi-platform (Walmart applicability unverified),WFS / storage / inbound transport,多平台,查询WFS货件列表,/cepf/warehouse/api/openApi/queryWFSCargoPage,POST,UNVERIFIED,,docs/integrations/lingxing-walmart-openapi/normalized/interfaces.csv#LX-C95DBD64F2A9,docs/integrations/lingxing-walmart-openapi/normalized/request_params.csv#LX-C95DBD64F2A9 (11 rows),docs/integrations/lingxing-walmart-openapi/normalized/response_fields.csv#LX-C95DBD64F2A9 (39 rows),doc=文档已收录; tested=未验证; phase1=待评估,READY_FOR_PRP,no,no,P1,仓库,candidate_source_read,AUTH_UNKNOWN,no matching repository legacy Markdown snapshot; structurally eligible for PRP only; not provider-verified or call-authorized
LX-DC338785A675,Amazon,WFS / storage / inbound transport,亚马逊源表数据,查询亚马逊源报表-移除货件（新）,/erp/sc/statistic/removalShipment/list,POST,UNVERIFIED,,docs/integrations/lingxing-walmart-openapi/normalized/deleted_interfaces.csv#LX-DC338785A675,NONE,NONE,no verification row,DELETED,yes,yes,P1,TBD,reference_only,DELETED,no matching repository legacy Markdown snapshot; excluded from implementation without a separate Owner re-evaluation
LX-974EFCEA0C56,Amazon,WFS / storage / inbound transport,亚马逊源表数据,查询亚马逊源报表—Amazon Fulfilled Shipments,/erp/sc/data/mws_report/getAmazonFulfilledShipmentsList,POST,UNVERIFIED,,docs/integrations/lingxing-walmart-openapi/normalized/deleted_interfaces.csv#LX-974EFCEA0C56,NONE,NONE,no verification row,DELETED,yes,yes,P1,TBD,reference_only,DELETED,no matching repository legacy Markdown snapshot; excluded from implementation without a separate Owner re-evaluation
LX-D501F92C7758,Amazon,WFS / storage / inbound transport,亚马逊源表数据,查询亚马逊源报表—Amazon Fulfilled Shipments v1,/erp/sc/data/mws_report_v1/getAmazonFulfilledShipmentsList,POST,UNVERIFIED,,docs/integrations/lingxing-walmart-openapi/normalized/deleted_interfaces.csv#LX-D501F92C7758,NONE,NONE,no verification row,DELETED,yes,yes,P1,TBD,reference_only,DELETED,no matching repository legacy Markdown snapshot; excluded from implementation without a separate Owner re-evaluation
LX-184082D0A5CE,Amazon,WFS / storage / inbound transport,FBA / FBA货件（STA）,查询包装组,/amzStaServer/openapi/inbound-packing/listPackingGroupItems,POST,UNVERIFIED,,docs/integrations/lingxing-walmart-openapi/normalized/deleted_interfaces.csv#LX-184082D0A5CE,NONE,NONE,no verification row,DELETED,yes,yes,P1,TBD,reference_only,DELETED,no matching repository legacy Markdown snapshot; excluded from implementation without a separate Owner re-evaluation
LX-4B23C6732DA7,Amazon,WFS / storage / inbound transport,FBA / FBA货件（STA）,查询可选送达时间,/amzStaServer/openapi/inbound-shipment/getDeliveryDateList,POST,UNVERIFIED,,docs/integrations/lingxing-walmart-openapi/normalized/deleted_interfaces.csv#LX-4B23C6732DA7,NONE,NONE,no verification row,DELETED,yes,yes,P1,TBD,reference_only,DELETED,no matching repository legacy Markdown snapshot; excluded from implementation without a separate Owner re-evaluation
LX-FC05687554B2,Amazon,WFS / storage / inbound transport,FBA / FBA货件（STA）,查询异步任务状态,/amzStaServer/openapi/task-plan/operate,POST,UNVERIFIED,,docs/integrations/lingxing-walmart-openapi/normalized/deleted_interfaces.csv#LX-FC05687554B2,NONE,NONE,no verification row,DELETED,yes,yes,P1,TBD,reference_only,DELETED,no matching repository legacy Markdown snapshot; excluded from implementation without a separate Owner re-evaluation
LX-07046A9822CD,Amazon,WFS / storage / inbound transport,FBA / FBA货件（STA）,查询承运方式,/amzStaServer/openapi/inbound-shipment/getTransportList,POST,UNVERIFIED,,docs/integrations/lingxing-walmart-openapi/normalized/deleted_interfaces.csv#LX-07046A9822CD,NONE,NONE,no verification row,DELETED,yes,yes,P1,TBD,reference_only,DELETED,no matching repository legacy Markdown snapshot; excluded from implementation without a separate Owner re-evaluation
LX-725F26FDC523,Lingxing ERP (platform scope unverified),WFS / storage / inbound transport,物流,查询物流-头程物流商,/basicOpen/logistics/headLogisticsProvider/query/list,POST,UNVERIFIED,,docs/integrations/lingxing-walmart-openapi/normalized/interfaces.csv#LX-725F26FDC523,docs/integrations/lingxing-walmart-openapi/normalized/request_params.csv#LX-725F26FDC523 (8 rows),docs/integrations/lingxing-walmart-openapi/normalized/response_fields.csv#LX-725F26FDC523 (25 rows),doc=文档已收录; tested=未验证; phase1=待评估,READY_FOR_PRP,no,no,P1,工作台,candidate_source_read,AUTH_UNKNOWN,no matching repository legacy Markdown snapshot; structurally eligible for PRP only; not provider-verified or call-authorized
LX-2A6240555EDE,Amazon,WFS / storage / inbound transport,FBA / FBA货件（STA）,查询货件列表,/erp/sc/data/fba_report/shipmentList,POST,UNVERIFIED,,docs/integrations/lingxing-walmart-openapi/normalized/deleted_interfaces.csv#LX-2A6240555EDE,NONE,NONE,no verification row,DELETED,yes,yes,P1,TBD,reference_only,DELETED,no matching repository legacy Markdown snapshot; excluded from implementation without a separate Owner re-evaluation
LX-F5A7C6E4E488,Amazon,WFS / storage / inbound transport,FBA / FBA货件（STA）,查询货件方案,/amzStaServer/openapi/inbound-shipment/shipmentPreView,POST,UNVERIFIED,,docs/integrations/lingxing-walmart-openapi/normalized/deleted_interfaces.csv#LX-F5A7C6E4E488,NONE,NONE,no verification row,DELETED,yes,yes,P1,TBD,reference_only,DELETED,no matching repository legacy Markdown snapshot; excluded from implementation without a separate Owner re-evaluation
LX-DCE1920441EE,Amazon,WFS / storage / inbound transport,FBA / FBA货件（STA）,查询货件方案的装箱信息,/amzStaServer/openapi/inbound-packing/getInboundPackingBoxInfo,POST,UNVERIFIED,,docs/integrations/lingxing-walmart-openapi/normalized/deleted_interfaces.csv#LX-DCE1920441EE,NONE,NONE,no verification row,DELETED,yes,yes,P1,TBD,reference_only,DELETED,no matching repository legacy Markdown snapshot; excluded from implementation without a separate Owner re-evaluation
LX-066D1637AD45,Amazon,WFS / storage / inbound transport,FBA / FBA货件（STA）,查询货件装箱信息,/amzStaServer/openapi/inbound-shipment/listShipmentBoxes,POST,UNVERIFIED,,docs/integrations/lingxing-walmart-openapi/normalized/deleted_interfaces.csv#LX-066D1637AD45,NONE,NONE,no verification row,DELETED,yes,yes,P1,TBD,reference_only,DELETED,no matching repository legacy Markdown snapshot; excluded from implementation without a separate Owner re-evaluation
LX-9761AD3B5D67,Amazon,WFS / storage / inbound transport,FBA / FBA货件（STA）,查询货件装箱信息,/erp/sc/routing/fba/shipment/boxInfo,POST,UNVERIFIED,,docs/integrations/lingxing-walmart-openapi/normalized/deleted_interfaces.csv#LX-9761AD3B5D67,NONE,NONE,no verification row,DELETED,yes,yes,P1,TBD,reference_only,DELETED,no matching repository legacy Markdown snapshot; excluded from implementation without a separate Owner re-evaluation
LX-89CF383FDABC,Amazon,WFS / storage / inbound transport,FBA / FBA货件（STA）,查询货件详情,/amzStaServer/openapi/inbound-shipment/shipmentDetailList,POST,UNVERIFIED,,docs/integrations/lingxing-walmart-openapi/normalized/deleted_interfaces.csv#LX-89CF383FDABC,NONE,NONE,no verification row,DELETED,yes,yes,P1,TBD,reference_only,DELETED,no matching repository legacy Markdown snapshot; excluded from implementation without a separate Owner re-evaluation
LX-7F9838344C2B,Lingxing ERP (platform scope unverified),WFS / storage / inbound transport,物流,查询运输方式列表,/basicOpen/businessConfig/transportMethod/list,POST,UNVERIFIED,,docs/integrations/lingxing-walmart-openapi/normalized/interfaces.csv#LX-7F9838344C2B,NONE,docs/integrations/lingxing-walmart-openapi/normalized/response_fields.csv#LX-7F9838344C2B (19 rows),doc=文档已收录; tested=未验证; phase1=待评估,PARTIAL_CONTRACT,no,no,P1,工作台,candidate_source_read,MISSING_REQUEST_PARAMS,no matching repository legacy Markdown snapshot; path/method present but parameter or field evidence is incomplete
LX-2B737D7329A7,Multi-platform (Walmart applicability unverified),WFS / storage / inbound transport,多平台,获取快速出库结果,/pb/mp/order/v2/getFastOutboundResult,POST,UNVERIFIED,,docs/integrations/lingxing-walmart-openapi/normalized/interfaces.csv#LX-2B737D7329A7,docs/integrations/lingxing-walmart-openapi/normalized/request_params.csv#LX-2B737D7329A7 (1 rows),docs/integrations/lingxing-walmart-openapi/normalized/response_fields.csv#LX-2B737D7329A7 (12 rows),doc=文档已收录; tested=未验证; phase1=待评估,READY_FOR_PRP,no,no,P1,仓库,candidate_source_read,AUTH_UNKNOWN,no matching repository legacy Markdown snapshot; structurally eligible for PRP only; not provider-verified or call-authorized
LX-0D638DE6BBFF,Amazon,WFS / storage / inbound transport,FBA / 发货单,FBA-作废发货单,/basicOpen/openapi/fbaShipment/shipmentSn/invalid,POST,UNVERIFIED,,docs/integrations/lingxing-walmart-openapi/normalized/deleted_interfaces.csv#LX-0D638DE6BBFF,NONE,NONE,no verification row,DELETED,yes,yes,P2,TBD,reference_only,DELETED,no matching repository legacy Markdown snapshot; excluded from implementation without a separate Owner re-evaluation
LX-020A16FE03E9,Amazon,WFS / storage / inbound transport,FBA / 发货单,FBA发货单发货,/erp/sc/storage/shipment/sendGoods,POST,UNVERIFIED,,docs/integrations/lingxing-walmart-openapi/normalized/deleted_interfaces.csv#LX-020A16FE03E9,NONE,NONE,no verification row,DELETED,yes,yes,P2,TBD,reference_only,DELETED,no matching repository legacy Markdown snapshot; excluded from implementation without a separate Owner re-evaluation
LX-4722725D540A,Amazon,WFS / storage / inbound transport,VC,VC订单-确认发货【DF】,/basicOpen/platformOrder/vcOrderDf/confirmShipment,POST,UNVERIFIED,,docs/integrations/lingxing-walmart-openapi/normalized/deleted_interfaces.csv#LX-4722725D540A,NONE,NONE,no verification row,DELETED,yes,yes,P2,TBD,reference_only,DELETED,no matching repository legacy Markdown snapshot; excluded from implementation without a separate Owner re-evaluation
LX-D8BC30F67A4B,Lingxing ERP (platform scope unverified),WFS / storage / inbound transport,仓库 / 海外仓,上传备货单装箱信息,/erp/sc/routing/owms/inbound/packing,POST,UNVERIFIED,,docs/integrations/lingxing-walmart-openapi/normalized/interfaces.csv#LX-D8BC30F67A4B,docs/integrations/lingxing-walmart-openapi/normalized/request_params.csv#LX-D8BC30F67A4B (21 rows),docs/integrations/lingxing-walmart-openapi/normalized/response_fields.csv#LX-D8BC30F67A4B (6 rows),doc=文档已收录; tested=未验证; phase1=待评估,DO_NOT_USE,yes,no,P2,仓库,reference_only,DO_NOT_USE,no matching repository legacy Markdown snapshot; excluded from implementation without a separate Owner re-evaluation
LX-927D66FB6D5A,Lingxing ERP (platform scope unverified),WFS / storage / inbound transport,产品,上传本地产品图片,/erp/sc/routing/storage/product/uploadPictures,POST,UNVERIFIED,,docs/integrations/lingxing-walmart-openapi/normalized/interfaces.csv#LX-927D66FB6D5A,docs/integrations/lingxing-walmart-openapi/normalized/request_params.csv#LX-927D66FB6D5A (4 rows),docs/integrations/lingxing-walmart-openapi/normalized/response_fields.csv#LX-927D66FB6D5A (10 rows),doc=文档已收录; tested=未验证; phase1=待评估,DO_NOT_USE,yes,no,P2,产品,reference_only,DO_NOT_USE,no matching repository legacy Markdown snapshot; excluded from implementation without a separate Owner re-evaluation
LX-C652E548D8E6,Amazon,WFS / storage / inbound transport,FBA / FBA货件（STA）,上传货件跟踪号,/amzStaServer/openapi/inbound-shipment/updateShipmentTrack,POST,UNVERIFIED,,docs/integrations/lingxing-walmart-openapi/normalized/deleted_interfaces.csv#LX-C652E548D8E6,NONE,NONE,no verification row,DELETED,yes,yes,P2,TBD,reference_only,DELETED,no matching repository legacy Markdown snapshot; excluded from implementation without a separate Owner re-evaluation
LX-A8AF20B777AE,Multi-platform (Walmart applicability unverified),WFS / storage / inbound transport,多平台,修改平台仓发货单备注,/cepf/warehouse/api/openApi/editPlatfromShippingRemark,POST,UNVERIFIED,,docs/integrations/lingxing-walmart-openapi/normalized/interfaces.csv#LX-A8AF20B777AE,docs/integrations/lingxing-walmart-openapi/normalized/request_params.csv#LX-A8AF20B777AE (2 rows),docs/integrations/lingxing-walmart-openapi/normalized/response_fields.csv#LX-A8AF20B777AE (6 rows),doc=文档已收录; tested=未验证; phase1=待评估,DO_NOT_USE,yes,no,P2,工作台,reference_only,DO_NOT_USE,no matching repository legacy Markdown snapshot; excluded from implementation without a separate Owner re-evaluation
LX-AB8C08F7A8A1,Amazon,WFS / storage / inbound transport,FBA / FBA货件（STA）,修改货件实际状态,/erp/sc/routing/storage/shipment/updateShipmentActualStatus,POST,UNVERIFIED,,docs/integrations/lingxing-walmart-openapi/normalized/deleted_interfaces.csv#LX-AB8C08F7A8A1,NONE,NONE,no verification row,DELETED,yes,yes,P2,TBD,reference_only,DELETED,no matching repository legacy Markdown snapshot; excluded from implementation without a separate Owner re-evaluation
LX-FDE4D2E54607,Amazon,WFS / storage / inbound transport,FBA / FBA货件（STA）,修改货件装箱信息,/amzStaServer/openapi/inbound-packing/updateShipmentPacking,POST,UNVERIFIED,,docs/integrations/lingxing-walmart-openapi/normalized/deleted_interfaces.csv#LX-FDE4D2E54607,NONE,NONE,no verification row,DELETED,yes,yes,P2,TBD,reference_only,DELETED,no matching repository legacy Markdown snapshot; excluded from implementation without a separate Owner re-evaluation
LX-F395006EFE91,Lingxing ERP (platform scope unverified),WFS / storage / inbound transport,仓库 / 出入库,入库单确认入库,/basicOpen/inboundOrder/inbound/setInbound,POST,UNVERIFIED,,docs/integrations/lingxing-walmart-openapi/normalized/interfaces.csv#LX-F395006EFE91,docs/integrations/lingxing-walmart-openapi/normalized/request_params.csv#LX-F395006EFE91 (1 rows),docs/integrations/lingxing-walmart-openapi/normalized/response_fields.csv#LX-F395006EFE91 (12 rows),doc=文档已收录; tested=未验证; phase1=待评估,DO_NOT_USE,yes,no,P2,仓库; 销售,reference_only,DO_NOT_USE,no matching repository legacy Markdown snapshot; excluded from implementation without a separate Owner re-evaluation
LX-02B0DCBC4860,Lingxing ERP (platform scope unverified),WFS / storage / inbound transport,仓库 / 出入库,出库单确认出库,/basicOpen/outboundOrder/outbound/setOutbound,POST,UNVERIFIED,,docs/integrations/lingxing-walmart-openapi/normalized/interfaces.csv#LX-02B0DCBC4860,docs/integrations/lingxing-walmart-openapi/normalized/request_params.csv#LX-02B0DCBC4860 (1 rows),docs/integrations/lingxing-walmart-openapi/normalized/response_fields.csv#LX-02B0DCBC4860 (12 rows),doc=文档已收录; tested=未验证; phase1=待评估,DO_NOT_USE,yes,no,P2,仓库; 销售,reference_only,DO_NOT_USE,no matching repository legacy Markdown snapshot; excluded from implementation without a separate Owner re-evaluation
LX-9B1ADE54CD39,Amazon,WFS / storage / inbound transport,FBA / FBA货件（STA）,创建AWD入库任务,/amzStaServer/openapi/awd/inbound-plan/createInboundPlan,POST,UNVERIFIED,,docs/integrations/lingxing-walmart-openapi/normalized/deleted_interfaces.csv#LX-9B1ADE54CD39,NONE,NONE,no verification row,DELETED,yes,yes,P2,TBD,reference_only,DELETED,no matching repository legacy Markdown snapshot; excluded from implementation without a separate Owner re-evaluation
LX-655FA8E41C1A,Amazon,WFS / storage / inbound transport,FBA / 发货计划,创建FBA发货计划,/erp/sc/routing/storage/shipment/createShipmentPlan,POST,UNVERIFIED,,docs/integrations/lingxing-walmart-openapi/normalized/deleted_interfaces.csv#LX-655FA8E41C1A,NONE,NONE,no verification row,DELETED,yes,yes,P2,TBD,reference_only,DELETED,no matching repository legacy Markdown snapshot; excluded from implementation without a separate Owner re-evaluation
LX-5567B5700B78,Lingxing ERP (platform scope unverified),WFS / storage / inbound transport,仓库 / 海外仓,创建待发货/待收货/已完成的备货单,/erp/sc/routing/owms/inbound/createInbound,POST,UNVERIFIED,,docs/integrations/lingxing-walmart-openapi/normalized/interfaces.csv#LX-5567B5700B78,docs/integrations/lingxing-walmart-openapi/normalized/request_params.csv#LX-5567B5700B78 (75 rows),docs/integrations/lingxing-walmart-openapi/normalized/response_fields.csv#LX-5567B5700B78 (8 rows),doc=文档已收录; tested=未验证; phase1=待评估,DO_NOT_USE,yes,no,P2,仓库,reference_only,DO_NOT_USE,no matching repository legacy Markdown snapshot; excluded from implementation without a separate Owner re-evaluation
LX-AA0068524F96,Lingxing ERP (platform scope unverified),WFS / storage / inbound transport,仓库 / 收货质检,创建待收货的收货单,/erp/sc/routing/deliveryReceipt/PurchaseReceiptOrder/createReceiptOrder,POST,UNVERIFIED,,docs/integrations/lingxing-walmart-openapi/normalized/interfaces.csv#LX-AA0068524F96,docs/integrations/lingxing-walmart-openapi/normalized/request_params.csv#LX-AA0068524F96 (18 rows),docs/integrations/lingxing-walmart-openapi/normalized/response_fields.csv#LX-AA0068524F96 (6 rows),doc=文档已收录; tested=未验证; phase1=待评估,DO_NOT_USE,yes,no,P2,仓库; 销售,reference_only,DO_NOT_USE,no matching repository legacy Markdown snapshot; excluded from implementation without a separate Owner re-evaluation
LX-ECC5B6E072BC,Lingxing ERP (platform scope unverified),WFS / storage / inbound transport,仓库 / 出入库,删除出库单,/basicOpen/outboundOrder/outbound/delete,DELETE,UNVERIFIED,,docs/integrations/lingxing-walmart-openapi/normalized/interfaces.csv#LX-ECC5B6E072BC,docs/integrations/lingxing-walmart-openapi/normalized/request_params.csv#LX-ECC5B6E072BC (1 rows),docs/integrations/lingxing-walmart-openapi/normalized/response_fields.csv#LX-ECC5B6E072BC (12 rows),doc=文档已收录; tested=未验证; phase1=待评估,DO_NOT_USE,yes,no,P2,仓库; 销售,reference_only,DO_NOT_USE,no matching repository legacy Markdown snapshot; excluded from implementation without a separate Owner re-evaluation
LX-6E971E9E2A37,Amazon,WFS / storage / inbound transport,FBA / 发货单,删除发货单,/basicOpen/openapi/fbaShipment/deleteShipmentList,POST,UNVERIFIED,,docs/integrations/lingxing-walmart-openapi/normalized/deleted_interfaces.csv#LX-6E971E9E2A37,NONE,NONE,no verification row,DELETED,yes,yes,P2,TBD,reference_only,DELETED,no matching repository legacy Markdown snapshot; excluded from implementation without a separate Owner re-evaluation
LX-72F91B3597A5,Multi-platform (Walmart applicability unverified),WFS / storage / inbound transport,多平台,删除暂存货件,/basicOpen/multiplatform/deleteCargoStorage,POST,UNVERIFIED,,docs/integrations/lingxing-walmart-openapi/normalized/interfaces.csv#LX-72F91B3597A5,docs/integrations/lingxing-walmart-openapi/normalized/request_params.csv#LX-72F91B3597A5 (1 rows),docs/integrations/lingxing-walmart-openapi/normalized/response_fields.csv#LX-72F91B3597A5 (8 rows),doc=文档已收录; tested=未验证; phase1=待评估,DO_NOT_USE,yes,no,P2,仓库,reference_only,DO_NOT_USE,no matching repository legacy Markdown snapshot; excluded from implementation without a separate Owner re-evaluation
LX-C8A51960BF37,Amazon,WFS / storage / inbound transport,FBA / 发货单,发货单分配库存,/erp/sc/routing/storage/shipment/lockStock,POST,UNVERIFIED,,docs/integrations/lingxing-walmart-openapi/normalized/deleted_interfaces.csv#LX-C8A51960BF37,NONE,NONE,no verification row,DELETED,yes,yes,P2,TBD,reference_only,DELETED,no matching repository legacy Markdown snapshot; excluded from implementation without a separate Owner re-evaluation
LX-1E7F3D661CD9,Amazon,WFS / storage / inbound transport,FBA / 发货单,发货单创建接口结果查询,/erp/sc/routing/storage/shipment/searchProcessResult,POST,UNVERIFIED,,docs/integrations/lingxing-walmart-openapi/normalized/deleted_interfaces.csv#LX-1E7F3D661CD9,NONE,NONE,no verification row,DELETED,yes,yes,P2,TBD,reference_only,DELETED,no matching repository legacy Markdown snapshot; excluded from implementation without a separate Owner re-evaluation
LX-336EA1296121,Amazon,WFS / storage / inbound transport,FBA / 发货单,发货单释放库存,/erp/sc/routing/storage/shipment/releaseStock,POST,UNVERIFIED,,docs/integrations/lingxing-walmart-openapi/normalized/deleted_interfaces.csv#LX-336EA1296121,NONE,NONE,no verification row,DELETED,yes,yes,P2,TBD,reference_only,DELETED,no matching repository legacy Markdown snapshot; excluded from implementation without a separate Owner re-evaluation
LX-59FEBA8976F8,Amazon,WFS / storage / inbound transport,FBA / FBA货件（STA）,取消AWD入库任务,/amzStaServer/openapi/awd/inbound-plan/cancel,POST,UNVERIFIED,,docs/integrations/lingxing-walmart-openapi/normalized/deleted_interfaces.csv#LX-59FEBA8976F8,NONE,NONE,no verification row,DELETED,yes,yes,P2,TBD,reference_only,DELETED,no matching repository legacy Markdown snapshot; excluded from implementation without a separate Owner re-evaluation
LX-6C5A07CE219D,Amazon,WFS / storage / inbound transport,FBA / FBA货件（STA）,取消STA任务,/amzStaServer/openapi/inbound-plan/cancelInboundPlan,POST,UNVERIFIED,,docs/integrations/lingxing-walmart-openapi/normalized/deleted_interfaces.csv#LX-6C5A07CE219D,NONE,NONE,no verification row,DELETED,yes,yes,P2,TBD,reference_only,DELETED,no matching repository legacy Markdown snapshot; excluded from implementation without a separate Owner re-evaluation
LX-BA2172D4AF5C,Amazon,WFS / storage / inbound transport,FBA / FBA货件（STA）,同步STA任务到ERP,/amzStaServer/openapi/inbound-plan/gatherInboundPlan,POST,UNVERIFIED,,docs/integrations/lingxing-walmart-openapi/normalized/deleted_interfaces.csv#LX-BA2172D4AF5C,NONE,NONE,no verification row,DELETED,yes,yes,P2,TBD,reference_only,DELETED,no matching repository legacy Markdown snapshot; excluded from implementation without a separate Owner re-evaluation
LX-D0E5ED75F09D,Amazon,WFS / storage / inbound transport,FBA / FBA货件（STA）,同步亚马逊货件到ERP,/erp/sc/routing/fba/shipment/syncShipment,POST,UNVERIFIED,,docs/integrations/lingxing-walmart-openapi/normalized/deleted_interfaces.csv#LX-D0E5ED75F09D,NONE,NONE,no verification row,DELETED,yes,yes,P2,TBD,reference_only,DELETED,no matching repository legacy Markdown snapshot; excluded from implementation without a separate Owner re-evaluation
LX-9319A5A1B49B,Amazon,WFS / storage / inbound transport,FBA / FBA货件（STA）,地址簿-发货地址修改,/erp/sc/routing/fba/shipment/updateShipFromAddress,POST,UNVERIFIED,,docs/integrations/lingxing-walmart-openapi/normalized/deleted_interfaces.csv#LX-9319A5A1B49B,NONE,NONE,no verification row,DELETED,yes,yes,P2,TBD,reference_only,DELETED,no matching repository legacy Markdown snapshot; excluded from implementation without a separate Owner re-evaluation
LX-97436D0F6DE3,Amazon,WFS / storage / inbound transport,FBA / FBA货件（STA）,地址簿-发货地址列表,/erp/sc/routing/fba/shipment/shipFromAddressList,POST,UNVERIFIED,,docs/integrations/lingxing-walmart-openapi/normalized/deleted_interfaces.csv#LX-97436D0F6DE3,NONE,NONE,no verification row,DELETED,yes,yes,P2,TBD,reference_only,DELETED,no matching repository legacy Markdown snapshot; excluded from implementation without a separate Owner re-evaluation
LX-F4ECA85B0BF7,Amazon,WFS / storage / inbound transport,FBA / FBA货件（STA）,地址簿-发货地址创建,/erp/sc/routing/fba/shipment/createShipFromAddress,POST,UNVERIFIED,,docs/integrations/lingxing-walmart-openapi/normalized/deleted_interfaces.csv#LX-F4ECA85B0BF7,NONE,NONE,no verification row,DELETED,yes,yes,P2,TBD,reference_only,DELETED,no matching repository legacy Markdown snapshot; excluded from implementation without a separate Owner re-evaluation
LX-0EF3921B4688,Multi-platform (Walmart applicability unverified),WFS / storage / inbound transport,多平台,平台仓发货单发货,/basicOpen/multiplatform/shippingList/delivery,POST,UNVERIFIED,,docs/integrations/lingxing-walmart-openapi/normalized/interfaces.csv#LX-0EF3921B4688,docs/integrations/lingxing-walmart-openapi/normalized/request_params.csv#LX-0EF3921B4688 (1 rows),docs/integrations/lingxing-walmart-openapi/normalized/response_fields.csv#LX-0EF3921B4688 (12 rows),doc=文档已收录; tested=未验证; phase1=待评估,DO_NOT_USE,yes,no,P2,销售,reference_only,DO_NOT_USE,no matching repository legacy Markdown snapshot; excluded from implementation without a separate Owner re-evaluation
LX-1AA8D77AEA04,Multi-platform (Walmart applicability unverified),WFS / storage / inbound transport,多平台,平台仓发货单拣货,/basicOpen/multiplatform/shippingList/picking,POST,UNVERIFIED,,docs/integrations/lingxing-walmart-openapi/normalized/interfaces.csv#LX-1AA8D77AEA04,docs/integrations/lingxing-walmart-openapi/normalized/request_params.csv#LX-1AA8D77AEA04 (1 rows),docs/integrations/lingxing-walmart-openapi/normalized/response_fields.csv#LX-1AA8D77AEA04 (12 rows),doc=文档已收录; tested=未验证; phase1=待评估,DO_NOT_USE,yes,no,P2,销售,reference_only,DO_NOT_USE,no matching repository legacy Markdown snapshot; excluded from implementation without a separate Owner re-evaluation
LX-8BA8E838E694,Multi-platform (Walmart applicability unverified),WFS / storage / inbound transport,多平台,手动同步FBT货件,/basicOpen/fbtShipment/cargo/sync,POST,UNVERIFIED,,docs/integrations/lingxing-walmart-openapi/normalized/deleted_interfaces.csv#LX-8BA8E838E694,NONE,NONE,no verification row,DELETED,yes,yes,P2,TBD,reference_only,DELETED,no matching repository legacy Markdown snapshot; excluded from implementation without a separate Owner re-evaluation
LX-5ED414F8B846,Amazon,WFS / storage / inbound transport,FBA / 发货单,批量查询发货单详情,/erp/sc/routing/storage/shipment/getInboundShipmentListMwsDetailList,POST,UNVERIFIED,,docs/integrations/lingxing-walmart-openapi/normalized/deleted_interfaces.csv#LX-5ED414F8B846,NONE,NONE,no verification row,DELETED,yes,yes,P2,TBD,reference_only,DELETED,no matching repository legacy Markdown snapshot; excluded from implementation without a separate Owner re-evaluation
LX-04A6C56A7729,Lingxing ERP (platform scope unverified),WFS / storage / inbound transport,销售 / Listing,批量添加/编辑Listing配对,/erp/sc/storage/product/link,POST,UNVERIFIED,,docs/integrations/lingxing-walmart-openapi/normalized/interfaces.csv#LX-04A6C56A7729,docs/integrations/lingxing-walmart-openapi/normalized/request_params.csv#LX-04A6C56A7729 (6 rows),docs/integrations/lingxing-walmart-openapi/normalized/response_fields.csv#LX-04A6C56A7729 (9 rows),doc=文档已收录; tested=未验证; phase1=待评估,DO_NOT_USE,yes,no,P2,产品; 仓库; 运营; 销售,reference_only,DO_NOT_USE,no matching repository legacy Markdown snapshot; excluded from implementation without a separate Owner re-evaluation
LX-F83A1BAC3521,Lingxing ERP (platform scope unverified),WFS / storage / inbound transport,物流,批量添加头程物流商,/erp/sc/routing/tms/FirstVessel/addProviders,POST,UNVERIFIED,,docs/integrations/lingxing-walmart-openapi/normalized/interfaces.csv#LX-F83A1BAC3521,docs/integrations/lingxing-walmart-openapi/normalized/request_params.csv#LX-F83A1BAC3521 (4 rows),docs/integrations/lingxing-walmart-openapi/normalized/response_fields.csv#LX-F83A1BAC3521 (8 rows),doc=文档已收录; tested=未验证; phase1=待评估,DO_NOT_USE,yes,no,P2,工作台,reference_only,DO_NOT_USE,no matching repository legacy Markdown snapshot; excluded from implementation without a separate Owner re-evaluation
LX-AF600FDF4D6E,Lingxing ERP (platform scope unverified),WFS / storage / inbound transport,物流,批量添加头程物流方式,/erp/sc/routing/tms/FirstVessel/addChannels,POST,UNVERIFIED,,docs/integrations/lingxing-walmart-openapi/normalized/interfaces.csv#LX-AF600FDF4D6E,docs/integrations/lingxing-walmart-openapi/normalized/request_params.csv#LX-AF600FDF4D6E (9 rows),docs/integrations/lingxing-walmart-openapi/normalized/response_fields.csv#LX-AF600FDF4D6E (8 rows),doc=文档已收录; tested=未验证; phase1=待评估,DO_NOT_USE,yes,no,P2,工作台,reference_only,DO_NOT_USE,no matching repository legacy Markdown snapshot; excluded from implementation without a separate Owner re-evaluation
LX-5B7707DD0B84,Amazon,WFS / storage / inbound transport,FBA / FBA货件（STA）,提交货件配送服务,/amzStaServer/openapi/inbound-shipment/setDeliveryService,POST,UNVERIFIED,,docs/integrations/lingxing-walmart-openapi/normalized/deleted_interfaces.csv#LX-5B7707DD0B84,NONE,NONE,no verification row,DELETED,yes,yes,P2,TBD,reference_only,DELETED,no matching repository legacy Markdown snapshot; excluded from implementation without a separate Owner re-evaluation
LX-FDB28F61C904,Amazon,WFS / storage / inbound transport,FBA / FBA货件（STA）,提交送达时间,/amzStaServer/openapi/inbound-shipment/commitStaDeliverTime,POST,UNVERIFIED,,docs/integrations/lingxing-walmart-openapi/normalized/deleted_interfaces.csv#LX-FDB28F61C904,NONE,NONE,no verification row,DELETED,yes,yes,P2,TBD,reference_only,DELETED,no matching repository legacy Markdown snapshot; excluded from implementation without a separate Owner re-evaluation
LX-186837F0F7C4,Lingxing ERP (platform scope unverified),WFS / storage / inbound transport,仓库 / 收货质检,收货单-编辑备注,/basicOpen/inboundOrder/receiptOrder/updateOrderInfo,POST,UNVERIFIED,,docs/integrations/lingxing-walmart-openapi/normalized/interfaces.csv#LX-186837F0F7C4,docs/integrations/lingxing-walmart-openapi/normalized/request_params.csv#LX-186837F0F7C4 (2 rows),docs/integrations/lingxing-walmart-openapi/normalized/response_fields.csv#LX-186837F0F7C4 (6 rows),doc=文档已收录; tested=未验证; phase1=待评估,DO_NOT_USE,yes,no,P2,仓库; 销售,reference_only,DO_NOT_USE,no matching repository legacy Markdown snapshot; excluded from implementation without a separate Owner re-evaluation
LX-45D95718F6DB,Amazon,WFS / storage / inbound transport,FBA / 发货单,更新发货单物流信息,/erp/sc/routing/storage/shipment/updateListLogistics,POST,UNVERIFIED,,docs/integrations/lingxing-walmart-openapi/normalized/deleted_interfaces.csv#LX-45D95718F6DB,NONE,NONE,no verification row,DELETED,yes,yes,P2,TBD,reference_only,DELETED,no matching repository legacy Markdown snapshot; excluded from implementation without a separate Owner re-evaluation
LX-7F4CD53DF3FB,Amazon,WFS / storage / inbound transport,FBA / 发货单,更新发货单自定义成本,/erp/sc/routing/storage/shipment/updateCustomCost,POST,UNVERIFIED,,docs/integrations/lingxing-walmart-openapi/normalized/deleted_interfaces.csv#LX-7F4CD53DF3FB,NONE,NONE,no verification row,DELETED,yes,yes,P2,TBD,reference_only,DELETED,no matching repository legacy Markdown snapshot; excluded from implementation without a separate Owner re-evaluation
LX-30FE81602632,Amazon,WFS / storage / inbound transport,FBA / 发货计划,查询FBA发货计划,/erp/sc/data/fba_report/shipmentPlanLists,POST,UNVERIFIED,,docs/integrations/lingxing-walmart-openapi/normalized/deleted_interfaces.csv#LX-30FE81602632,NONE,NONE,no verification row,DELETED,yes,yes,P2,TBD,reference_only,DELETED,no matching repository legacy Markdown snapshot; excluded from implementation without a separate Owner re-evaluation
LX-1074DDF41A1A,Walmart,WFS / storage / inbound transport,多平台,查询WFS货件可添加商品列表,/basicOpen/multiplatform/cargo/addCargoGoods/list,POST,UNVERIFIED,,docs/integrations/lingxing-walmart-openapi/normalized/interfaces.csv#LX-1074DDF41A1A,docs/integrations/lingxing-walmart-openapi/normalized/request_params.csv#LX-1074DDF41A1A (3 rows),docs/integrations/lingxing-walmart-openapi/normalized/response_fields.csv#LX-1074DDF41A1A (13 rows),doc=文档已收录; tested=未验证; phase1=待评估,DO_NOT_USE,yes,no,P2,Walmart; 仓库,reference_only,DO_NOT_USE,no matching repository legacy Markdown snapshot; excluded from implementation without a separate Owner re-evaluation
LX-B6E739AA52D4,Amazon,WFS / storage / inbound transport,FBA / 发货单,查询发货单列表,/erp/sc/routing/storage/shipment/getInboundShipmentList,POST,UNVERIFIED,,docs/integrations/lingxing-walmart-openapi/normalized/deleted_interfaces.csv#LX-B6E739AA52D4,NONE,NONE,no verification row,DELETED,yes,yes,P2,TBD,reference_only,DELETED,no matching repository legacy Markdown snapshot; excluded from implementation without a separate Owner re-evaluation
LX-4EBAEE6FE781,Amazon,WFS / storage / inbound transport,FBA / 发货单,查询发货单详情,/erp/sc/routing/storage/shipment/getInboundShipmentListMwsDetail,POST,UNVERIFIED,,docs/integrations/lingxing-walmart-openapi/normalized/deleted_interfaces.csv#LX-4EBAEE6FE781,NONE,NONE,no verification row,DELETED,yes,yes,P2,TBD,reference_only,DELETED,no matching repository legacy Markdown snapshot; excluded from implementation without a separate Owner re-evaluation
LX-043952293C81,Lingxing ERP (platform scope unverified),WFS / storage / inbound transport,物流,查询已启用的自发货物流方式,/erp/sc/routing/wms/WmsLogistics/listUsedLogisticsType,POST,UNVERIFIED,,docs/integrations/lingxing-walmart-openapi/normalized/interfaces.csv#LX-043952293C81,docs/integrations/lingxing-walmart-openapi/normalized/request_params.csv#LX-043952293C81 (4 rows),docs/integrations/lingxing-walmart-openapi/normalized/response_fields.csv#LX-043952293C81 (13 rows),doc=文档已收录; tested=未验证; phase1=待评估,DO_NOT_USE,yes,no,P2,工作台,reference_only,DO_NOT_USE,no matching repository legacy Markdown snapshot; excluded from implementation without a separate Owner re-evaluation
LX-C99E2D00C76D,Walmart,WFS / storage / inbound transport,多平台,查询平台仓发货单列表,/cepf/warehouse/api/openApi/queryShippingListPage,POST,UNVERIFIED,,docs/integrations/lingxing-walmart-openapi/normalized/interfaces.csv#LX-C99E2D00C76D,docs/integrations/lingxing-walmart-openapi/normalized/request_params.csv#LX-C99E2D00C76D (8 rows),docs/integrations/lingxing-walmart-openapi/normalized/response_fields.csv#LX-C99E2D00C76D (115 rows),doc=文档已收录; tested=未验证; phase1=待评估,DO_NOT_USE,yes,no,P2,Walmart,reference_only,DO_NOT_USE,no matching repository legacy Markdown snapshot; excluded from implementation without a separate Owner re-evaluation
LX-9D5A176AC470,Walmart,WFS / storage / inbound transport,多平台,查询平台仓发货单列表v2,/basicOpen/multiplatform/query/shippingList,POST,UNVERIFIED,,docs/integrations/lingxing-walmart-openapi/normalized/interfaces.csv#LX-9D5A176AC470,docs/integrations/lingxing-walmart-openapi/normalized/request_params.csv#LX-9D5A176AC470 (15 rows),docs/integrations/lingxing-walmart-openapi/normalized/response_fields.csv#LX-9D5A176AC470 (74 rows),doc=文档已收录; tested=未验证; phase1=待评估,DO_NOT_USE,yes,no,P2,Walmart,reference_only,DO_NOT_USE,no matching repository legacy Markdown snapshot; excluded from implementation without a separate Owner re-evaluation
LX-418571887440,Multi-platform (Walmart applicability unverified),WFS / storage / inbound transport,多平台,查询平台仓发货单详情,/basicOpen/multiplatform/query/shippingDetail,POST,UNVERIFIED,,docs/integrations/lingxing-walmart-openapi/normalized/interfaces.csv#LX-418571887440,docs/integrations/lingxing-walmart-openapi/normalized/request_params.csv#LX-418571887440 (1 rows),docs/integrations/lingxing-walmart-openapi/normalized/response_fields.csv#LX-418571887440 (200 rows),doc=文档已收录; tested=未验证; phase1=待评估,DO_NOT_USE,yes,no,P2,工作台,reference_only,DO_NOT_USE,no matching repository legacy Markdown snapshot; excluded from implementation without a separate Owner re-evaluation
LX-87EAA59FF5C7,Lingxing ERP (platform scope unverified),WFS / storage / inbound transport,仓库 / 海外仓,查询海外仓sku配对列表,/basicOpen/overseaWarehouseSetting/matchList,POST,UNVERIFIED,,docs/integrations/lingxing-walmart-openapi/normalized/interfaces.csv#LX-87EAA59FF5C7,docs/integrations/lingxing-walmart-openapi/normalized/request_params.csv#LX-87EAA59FF5C7 (6 rows),docs/integrations/lingxing-walmart-openapi/normalized/response_fields.csv#LX-87EAA59FF5C7 (30 rows),doc=文档已收录; tested=未验证; phase1=待评估,DO_NOT_USE,yes,no,P2,产品; 仓库,reference_only,DO_NOT_USE,no matching repository legacy Markdown snapshot; excluded from implementation without a separate Owner re-evaluation
LX-E726A7FC946C,Lingxing ERP (platform scope unverified),WFS / storage / inbound transport,仓库 / 出入库,查询调整单确认调整异步结果,/basicOpen/adjustOrder/adjust/getAdjustStatus,POST,UNVERIFIED,,docs/integrations/lingxing-walmart-openapi/normalized/interfaces.csv#LX-E726A7FC946C,docs/integrations/lingxing-walmart-openapi/normalized/request_params.csv#LX-E726A7FC946C (1 rows),docs/integrations/lingxing-walmart-openapi/normalized/response_fields.csv#LX-E726A7FC946C (12 rows),doc=文档已收录; tested=未验证; phase1=待评估,DO_NOT_USE,yes,no,P2,仓库; 销售,reference_only,DO_NOT_USE,no matching repository legacy Markdown snapshot; excluded from implementation without a separate Owner re-evaluation
LX-208BCCE30B24,Lingxing ERP (platform scope unverified),WFS / storage / inbound transport,仓库 / 仓库设置,海外仓sku取消配对,/basicOpen/overseaWarehouseSetting/productUnMatch,POST,UNVERIFIED,,docs/integrations/lingxing-walmart-openapi/normalized/interfaces.csv#LX-208BCCE30B24,docs/integrations/lingxing-walmart-openapi/normalized/request_params.csv#LX-208BCCE30B24 (2 rows),docs/integrations/lingxing-walmart-openapi/normalized/response_fields.csv#LX-208BCCE30B24 (5 rows),doc=文档已收录; tested=未验证; phase1=待评估,DO_NOT_USE,yes,no,P2,产品; 仓库,reference_only,DO_NOT_USE,no matching repository legacy Markdown snapshot; excluded from implementation without a separate Owner re-evaluation
LX-EECD62D39B8C,Lingxing ERP (platform scope unverified),WFS / storage / inbound transport,仓库 / 仓库设置,海外仓sku配对,/basicOpen/overseaWarehouseSetting/productMatch,POST,UNVERIFIED,,docs/integrations/lingxing-walmart-openapi/normalized/interfaces.csv#LX-EECD62D39B8C,docs/integrations/lingxing-walmart-openapi/normalized/request_params.csv#LX-EECD62D39B8C (8 rows),docs/integrations/lingxing-walmart-openapi/normalized/response_fields.csv#LX-EECD62D39B8C (5 rows),doc=文档已收录; tested=未验证; phase1=待评估,DO_NOT_USE,yes,no,P2,产品; 仓库,reference_only,DO_NOT_USE,no matching repository legacy Markdown snapshot; excluded from implementation without a separate Owner re-evaluation
LX-A8BA6E5445AA,Lingxing ERP (platform scope unverified),WFS / storage / inbound transport,产品,添加 / 编辑产品分类,/erp/sc/routing/storage/category/set,POST,UNVERIFIED,,docs/integrations/lingxing-walmart-openapi/normalized/interfaces.csv#LX-A8BA6E5445AA,docs/integrations/lingxing-walmart-openapi/normalized/request_params.csv#LX-A8BA6E5445AA (5 rows),docs/integrations/lingxing-walmart-openapi/normalized/response_fields.csv#LX-A8BA6E5445AA (8 rows),doc=文档已收录; tested=未验证; phase1=待评估,DO_NOT_USE,yes,no,P2,产品,reference_only,DO_NOT_USE,no matching repository legacy Markdown snapshot; excluded from implementation without a separate Owner re-evaluation
LX-3B1AB09F56B1,Lingxing ERP (platform scope unverified),WFS / storage / inbound transport,产品,添加 / 编辑产品属性,/erp/sc/routing/storage/attribute/set,POST,UNVERIFIED,,docs/integrations/lingxing-walmart-openapi/normalized/interfaces.csv#LX-3B1AB09F56B1,docs/integrations/lingxing-walmart-openapi/normalized/request_params.csv#LX-3B1AB09F56B1 (5 rows),docs/integrations/lingxing-walmart-openapi/normalized/response_fields.csv#LX-3B1AB09F56B1 (8 rows),doc=文档已收录; tested=未验证; phase1=待评估,DO_NOT_USE,yes,no,P2,产品,reference_only,DO_NOT_USE,no matching repository legacy Markdown snapshot; excluded from implementation without a separate Owner re-evaluation
LX-1BDE9AFED615,Lingxing ERP (platform scope unverified),WFS / storage / inbound transport,产品,添加 / 编辑捆绑产品,/erp/sc/routing/storage/product/setBundled,POST,UNVERIFIED,,docs/integrations/lingxing-walmart-openapi/normalized/interfaces.csv#LX-1BDE9AFED615,docs/integrations/lingxing-walmart-openapi/normalized/request_params.csv#LX-1BDE9AFED615 (22 rows),docs/integrations/lingxing-walmart-openapi/normalized/response_fields.csv#LX-1BDE9AFED615 (7 rows),doc=文档已收录; tested=未验证; phase1=待评估,DO_NOT_USE,yes,no,P2,产品,reference_only,DO_NOT_USE,no matching repository legacy Markdown snapshot; excluded from implementation without a separate Owner re-evaluation
LX-E5135AAB2CB9,Lingxing ERP (platform scope unverified),WFS / storage / inbound transport,产品,添加 / 编辑辅料,/erp/sc/routing/storage/product/setAux,POST,UNVERIFIED,,docs/integrations/lingxing-walmart-openapi/normalized/interfaces.csv#LX-E5135AAB2CB9,docs/integrations/lingxing-walmart-openapi/normalized/request_params.csv#LX-E5135AAB2CB9 (20 rows),docs/integrations/lingxing-walmart-openapi/normalized/response_fields.csv#LX-E5135AAB2CB9 (7 rows),doc=文档已收录; tested=未验证; phase1=待评估,DO_NOT_USE,yes,no,P2,产品,reference_only,DO_NOT_USE,no matching repository legacy Markdown snapshot; excluded from implementation without a separate Owner re-evaluation
LX-0C9F53813C1C,Lingxing ERP (platform scope unverified),WFS / storage / inbound transport,仓库 / 仓库设置,添加/修改仓库,/erp/sc/storage/wareHouse/edit,POST,UNVERIFIED,,docs/integrations/lingxing-walmart-openapi/normalized/interfaces.csv#LX-0C9F53813C1C,docs/integrations/lingxing-walmart-openapi/normalized/request_params.csv#LX-0C9F53813C1C (8 rows),docs/integrations/lingxing-walmart-openapi/normalized/response_fields.csv#LX-0C9F53813C1C (7 rows),doc=文档已收录; tested=未验证; phase1=待评估,DO_NOT_USE,yes,no,P2,仓库,reference_only,DO_NOT_USE,no matching repository legacy Markdown snapshot; excluded from implementation without a separate Owner re-evaluation
LX-D181D27E9336,Lingxing ERP (platform scope unverified),WFS / storage / inbound transport,采购,添加/修改供应商,/erp/sc/routing/storage/supplier/edit,POST,UNVERIFIED,,docs/integrations/lingxing-walmart-openapi/normalized/interfaces.csv#LX-D181D27E9336,docs/integrations/lingxing-walmart-openapi/normalized/request_params.csv#LX-D181D27E9336 (33 rows),docs/integrations/lingxing-walmart-openapi/normalized/response_fields.csv#LX-D181D27E9336 (8 rows),doc=文档已收录; tested=未验证; phase1=待评估,DO_NOT_USE,yes,no,P2,采购,reference_only,DO_NOT_USE,no matching repository legacy Markdown snapshot; excluded from implementation without a separate Owner re-evaluation
LX-E85460D3A0AD,Lingxing ERP (platform scope unverified),WFS / storage / inbound transport,产品,添加/编辑产品品牌,/erp/sc/storage/brand/set,POST,UNVERIFIED,,docs/integrations/lingxing-walmart-openapi/normalized/interfaces.csv#LX-E85460D3A0AD,docs/integrations/lingxing-walmart-openapi/normalized/request_params.csv#LX-E85460D3A0AD (4 rows),docs/integrations/lingxing-walmart-openapi/normalized/response_fields.csv#LX-E85460D3A0AD (9 rows),doc=文档已收录; tested=未验证; phase1=待评估,DO_NOT_USE,yes,no,P2,产品,reference_only,DO_NOT_USE,no matching repository legacy Markdown snapshot; excluded from implementation without a separate Owner re-evaluation
LX-DC8F85A264F4,Lingxing ERP (platform scope unverified),WFS / storage / inbound transport,产品,添加/编辑多属性产品,/erp/sc/routing/storage/spu/set,POST,UNVERIFIED,,docs/integrations/lingxing-walmart-openapi/normalized/interfaces.csv#LX-DC8F85A264F4,docs/integrations/lingxing-walmart-openapi/normalized/request_params.csv#LX-DC8F85A264F4 (76 rows),docs/integrations/lingxing-walmart-openapi/normalized/response_fields.csv#LX-DC8F85A264F4 (11 rows),doc=文档已收录; tested=未验证; phase1=待评估,DO_NOT_USE,yes,no,P2,产品,reference_only,DO_NOT_USE,no matching repository legacy Markdown snapshot; excluded from implementation without a separate Owner re-evaluation
LX-F00018116434,Lingxing ERP (platform scope unverified),WFS / storage / inbound transport,产品,添加/编辑本地产品,/erp/sc/routing/storage/product/set,POST,UNVERIFIED,,docs/integrations/lingxing-walmart-openapi/normalized/interfaces.csv#LX-F00018116434,docs/integrations/lingxing-walmart-openapi/normalized/request_params.csv#LX-F00018116434 (126 rows),docs/integrations/lingxing-walmart-openapi/normalized/response_fields.csv#LX-F00018116434 (9 rows),doc=文档已收录; tested=未验证; phase1=待评估,DO_NOT_USE,yes,no,P2,产品,reference_only,DO_NOT_USE,no matching repository legacy Markdown snapshot; excluded from implementation without a separate Owner re-evaluation
LX-4C457588B444,Lingxing ERP (platform scope unverified),WFS / storage / inbound transport,仓库 / 仓库设置,添加仓位,/erp/sc/routing/storage/wareHouseBin/create,POST,UNVERIFIED,,docs/integrations/lingxing-walmart-openapi/normalized/interfaces.csv#LX-4C457588B444,docs/integrations/lingxing-walmart-openapi/normalized/request_params.csv#LX-4C457588B444 (3 rows),docs/integrations/lingxing-walmart-openapi/normalized/response_fields.csv#LX-4C457588B444 (6 rows),doc=文档已收录; tested=未验证; phase1=待评估,DO_NOT_USE,yes,no,P2,仓库,reference_only,DO_NOT_USE,no matching repository legacy Markdown snapshot; excluded from implementation without a separate Owner re-evaluation
LX-0B7D3781D062,Lingxing ERP (platform scope unverified),WFS / storage / inbound transport,采购,添加采购单物流信息,/erp/sc/routing/purchase/purchase/addLogistics,POST,UNVERIFIED,,docs/integrations/lingxing-walmart-openapi/normalized/interfaces.csv#LX-0B7D3781D062,docs/integrations/lingxing-walmart-openapi/normalized/request_params.csv#LX-0B7D3781D062 (4 rows),docs/integrations/lingxing-walmart-openapi/normalized/response_fields.csv#LX-0B7D3781D062 (7 rows),doc=文档已收录; tested=未验证; phase1=待评估,DO_NOT_USE,yes,no,P2,采购,reference_only,DO_NOT_USE,no matching repository legacy Markdown snapshot; excluded from implementation without a separate Owner re-evaluation
LX-A8841B7061A1,Lingxing ERP (platform scope unverified),WFS / storage / inbound transport,仓库 / 发货,物流下单 - 编辑运单号/跟踪号,/basicOpen/logisticsOrdering/setTrackingNo,POST,UNVERIFIED,,docs/integrations/lingxing-walmart-openapi/normalized/interfaces.csv#LX-A8841B7061A1,docs/integrations/lingxing-walmart-openapi/normalized/request_params.csv#LX-A8841B7061A1 (7 rows),docs/integrations/lingxing-walmart-openapi/normalized/response_fields.csv#LX-A8841B7061A1 (7 rows),doc=文档已收录; tested=未验证; phase1=待评估,DO_NOT_USE,yes,no,P2,仓库,reference_only,DO_NOT_USE,no matching repository legacy Markdown snapshot; excluded from implementation without a separate Owner re-evaluation
LX-A39F9B3A3F04,Amazon,WFS / storage / inbound transport,FBA / 发货单,生成已发货的发货单,/erp/sc/storage/shipment/createSendedOrder,POST,UNVERIFIED,,docs/integrations/lingxing-walmart-openapi/normalized/deleted_interfaces.csv#LX-A39F9B3A3F04,NONE,NONE,no verification row,DELETED,yes,yes,P2,TBD,reference_only,DELETED,no matching repository legacy Markdown snapshot; excluded from implementation without a separate Owner re-evaluation
LX-7975BA4E29DD,Amazon,WFS / storage / inbound transport,FBA / 发货单,生成待发货的发货单,/erp/sc/routing/storage/shipment/createReadySendOrder,POST,UNVERIFIED,,docs/integrations/lingxing-walmart-openapi/normalized/deleted_interfaces.csv#LX-7975BA4E29DD,NONE,NONE,no verification row,DELETED,yes,yes,P2,TBD,reference_only,DELETED,no matching repository legacy Markdown snapshot; excluded from implementation without a separate Owner re-evaluation
LX-BF8FCC06026C,Amazon,WFS / storage / inbound transport,FBA / FBA货件（STA）,确认AWD入库任务,/amzStaServer/openapi/awd/inbound-plan/confirmInboundPlan,POST,UNVERIFIED,,docs/integrations/lingxing-walmart-openapi/normalized/deleted_interfaces.csv#LX-BF8FCC06026C,NONE,NONE,no verification row,DELETED,yes,yes,P2,TBD,reference_only,DELETED,no matching repository legacy Markdown snapshot; excluded from implementation without a separate Owner re-evaluation
LX-E2A62AA24630,Amazon,WFS / storage / inbound transport,FBA / FBA货件（STA）,确认货件方案,/amzStaServer/openapi/inbound-shipment/confirmPlacementOption,POST,UNVERIFIED,,docs/integrations/lingxing-walmart-openapi/normalized/deleted_interfaces.csv#LX-E2A62AA24630,NONE,NONE,no verification row,DELETED,yes,yes,P2,TBD,reference_only,DELETED,no matching repository legacy Markdown snapshot; excluded from implementation without a separate Owner re-evaluation
LX-F8B75D5777E4,Amazon,WFS / storage / inbound transport,FBA / 发货计划,编辑FBA发货计划,/erp/sc/routing/storage/shipment/updateShipmentPlan,POST,UNVERIFIED,,docs/integrations/lingxing-walmart-openapi/normalized/deleted_interfaces.csv#LX-F8B75D5777E4,NONE,NONE,no verification row,DELETED,yes,yes,P2,TBD,reference_only,DELETED,no matching repository legacy Markdown snapshot; excluded from implementation without a separate Owner re-evaluation
LX-C24E09A786AA,Amazon,WFS / storage / inbound transport,FBA / 发货单,编辑发货单,/erp/sc/routing/storage/shipment/updateInboundShipmentListMws,POST,UNVERIFIED,,docs/integrations/lingxing-walmart-openapi/normalized/deleted_interfaces.csv#LX-C24E09A786AA,NONE,NONE,no verification row,DELETED,yes,yes,P2,TBD,reference_only,DELETED,no matching repository legacy Markdown snapshot; excluded from implementation without a separate Owner re-evaluation
LX-961D3F6744BF,Amazon,WFS / storage / inbound transport,FBA / 发货单,获取发货单头程物流信息-其他费类型,/erp/sc/routing/fba/shipment/getHeadLogisticsFeeTypes,POST,UNVERIFIED,,docs/integrations/lingxing-walmart-openapi/normalized/deleted_interfaces.csv#LX-961D3F6744BF,NONE,NONE,no verification row,DELETED,yes,yes,P2,TBD,reference_only,DELETED,no matching repository legacy Markdown snapshot; excluded from implementation without a separate Owner re-evaluation
LX-914E18FBB348,Amazon,WFS / storage / inbound transport,FBA / 发货单,获取发货单头程物流信息-承运商信息,/erp/sc/routing/fba/shipment/getSeaTrackSupplierCarriers,POST,UNVERIFIED,,docs/integrations/lingxing-walmart-openapi/normalized/deleted_interfaces.csv#LX-914E18FBB348,NONE,NONE,no verification row,DELETED,yes,yes,P2,TBD,reference_only,DELETED,no matching repository legacy Markdown snapshot; excluded from implementation without a separate Owner re-evaluation
LX-5094B5DD4252,Lingxing ERP (platform scope unverified),WFS / storage / inbound transport,仓库 / 装箱管理,装箱任务-删除装箱任务,/basicOpen/packingTask/delTask,POST,UNVERIFIED,,docs/integrations/lingxing-walmart-openapi/normalized/interfaces.csv#LX-5094B5DD4252,docs/integrations/lingxing-walmart-openapi/normalized/request_params.csv#LX-5094B5DD4252 (2 rows),docs/integrations/lingxing-walmart-openapi/normalized/response_fields.csv#LX-5094B5DD4252 (6 rows),doc=文档已收录; tested=未验证; phase1=待评估,DO_NOT_USE,yes,no,P2,仓库,reference_only,DO_NOT_USE,no matching repository legacy Markdown snapshot; excluded from implementation without a separate Owner re-evaluation
LX-9B0AEF588990,Lingxing ERP (platform scope unverified),WFS / storage / inbound transport,仓库 / 装箱管理,装箱任务-批量编辑装箱信息,/basicOpen/packingTask/batchEditPackingBox,POST,UNVERIFIED,,docs/integrations/lingxing-walmart-openapi/normalized/interfaces.csv#LX-9B0AEF588990,docs/integrations/lingxing-walmart-openapi/normalized/request_params.csv#LX-9B0AEF588990 (14 rows),docs/integrations/lingxing-walmart-openapi/normalized/response_fields.csv#LX-9B0AEF588990 (6 rows),doc=文档已收录; tested=未验证; phase1=待评估,DO_NOT_USE,yes,no,P2,仓库,reference_only,DO_NOT_USE,no matching repository legacy Markdown snapshot; excluded from implementation without a separate Owner re-evaluation
LX-DBA03B840847,Lingxing ERP (platform scope unverified),WFS / storage / inbound transport,仓库 / 装箱管理,装箱任务-标记已完成,/basicOpen/packingTask/finishTask,POST,UNVERIFIED,,docs/integrations/lingxing-walmart-openapi/normalized/interfaces.csv#LX-DBA03B840847,docs/integrations/lingxing-walmart-openapi/normalized/request_params.csv#LX-DBA03B840847 (2 rows),docs/integrations/lingxing-walmart-openapi/normalized/response_fields.csv#LX-DBA03B840847 (6 rows),doc=文档已收录; tested=未验证; phase1=待评估,DO_NOT_USE,yes,no,P2,仓库,reference_only,DO_NOT_USE,no matching repository legacy Markdown snapshot; excluded from implementation without a separate Owner re-evaluation
LX-3AE2636790C1,Multi-platform (Walmart applicability unverified),WFS / storage / inbound transport,多平台,订单发货,/basicOpen/selfShipmentOrder/deliveryGoods,POST,UNVERIFIED,,docs/integrations/lingxing-walmart-openapi/normalized/interfaces.csv#LX-3AE2636790C1,docs/integrations/lingxing-walmart-openapi/normalized/request_params.csv#LX-3AE2636790C1 (1 rows),docs/integrations/lingxing-walmart-openapi/normalized/response_fields.csv#LX-3AE2636790C1 (13 rows),doc=文档已收录; tested=未验证; phase1=待评估,DO_NOT_USE,yes,no,P2,仓库; 销售,reference_only,DO_NOT_USE,no matching repository legacy Markdown snapshot; excluded from implementation without a separate Owner re-evaluation
LX-890B84A34002,Lingxing ERP (platform scope unverified),WFS / storage / inbound transport,仓库 / 发货,设置包裹尺寸,/erp/sc/routing/wms/order/setOrderPackageSize,POST,UNVERIFIED,,docs/integrations/lingxing-walmart-openapi/normalized/interfaces.csv#LX-890B84A34002,docs/integrations/lingxing-walmart-openapi/normalized/request_params.csv#LX-890B84A34002 (4 rows),docs/integrations/lingxing-walmart-openapi/normalized/response_fields.csv#LX-890B84A34002 (6 rows),doc=文档已收录; tested=未验证; phase1=待评估,DO_NOT_USE,yes,no,P2,仓库; 销售,reference_only,DO_NOT_USE,no matching repository legacy Markdown snapshot; excluded from implementation without a separate Owner re-evaluation
LX-24115FEF3839,Lingxing ERP (platform scope unverified),WFS / storage / inbound transport,仓库 / 出入库,调整单确认调整,/basicOpen/adjustOrder/adjust/setAdjust,POST,UNVERIFIED,,docs/integrations/lingxing-walmart-openapi/normalized/interfaces.csv#LX-24115FEF3839,docs/integrations/lingxing-walmart-openapi/normalized/request_params.csv#LX-24115FEF3839 (1 rows),docs/integrations/lingxing-walmart-openapi/normalized/response_fields.csv#LX-24115FEF3839 (9 rows),doc=文档已收录; tested=未验证; phase1=待评估,DO_NOT_USE,yes,no,P2,仓库; 销售,reference_only,DO_NOT_USE,no matching repository legacy Markdown snapshot; excluded from implementation without a separate Owner re-evaluation
LX-06B2902A5005,Multi-platform (Walmart applicability unverified),WFS / storage / inbound transport,多平台,预发货,/basicOpen/openapi/multiplatform/order/preShipment,POST,UNVERIFIED,,docs/integrations/lingxing-walmart-openapi/normalized/interfaces.csv#LX-06B2902A5005,docs/integrations/lingxing-walmart-openapi/normalized/request_params.csv#LX-06B2902A5005 (1 rows),docs/integrations/lingxing-walmart-openapi/normalized/response_fields.csv#LX-06B2902A5005 (10 rows),doc=文档已收录; tested=未验证; phase1=待评估,DO_NOT_USE,yes,no,P2,销售,reference_only,DO_NOT_USE,no matching repository legacy Markdown snapshot; excluded from implementation without a separate Owner re-evaluation
LX-3A4304922BAA,Multi-platform (Walmart applicability unverified),WFS / storage / inbound transport,多平台,WFS货件暂存,/basicOpen/multiplatform/cargo/storage,POST,UNVERIFIED,,docs/integrations/lingxing-walmart-openapi/normalized/interfaces.csv#LX-3A4304922BAA,docs/integrations/lingxing-walmart-openapi/normalized/request_params.csv#LX-3A4304922BAA (27 rows),docs/integrations/lingxing-walmart-openapi/normalized/response_fields.csv#LX-3A4304922BAA (8 rows),doc=文档已收录; tested=未验证; phase1=待评估,DO_NOT_USE,yes,no,P3,仓库,reference_only,DO_NOT_USE,no matching repository legacy Markdown snapshot; excluded from implementation without a separate Owner re-evaluation
LX-0A097BF31BAA,Amazon,WFS / storage / inbound transport,FBA / FBA货件（STA）,保存装箱信息,/amzStaServer/openapi/inbound-packing/setLocalPackingInformation,POST,UNVERIFIED,,docs/integrations/lingxing-walmart-openapi/normalized/deleted_interfaces.csv#LX-0A097BF31BAA,NONE,NONE,no verification row,DELETED,yes,yes,P3,TBD,reference_only,DELETED,no matching repository legacy Markdown snapshot; excluded from implementation without a separate Owner re-evaluation
LX-69795348C946,Amazon,WFS / storage / inbound transport,FBA / FBA货件（STA）,创建STA任务,/amzStaServer/openapi/inbound-plan/createInboundPlan,POST,UNVERIFIED,,docs/integrations/lingxing-walmart-openapi/normalized/deleted_interfaces.csv#LX-69795348C946,NONE,NONE,no verification row,DELETED,yes,yes,P3,TBD,reference_only,DELETED,no matching repository legacy Markdown snapshot; excluded from implementation without a separate Owner re-evaluation
LX-50E3A9271BE9,Lingxing ERP (platform scope unverified),WFS / storage / inbound transport,仓库 / 出入库,删除调拨单,/basicOpen/storageAllocationList/delete,DELETE,UNVERIFIED,,docs/integrations/lingxing-walmart-openapi/normalized/interfaces.csv#LX-50E3A9271BE9,docs/integrations/lingxing-walmart-openapi/normalized/request_params.csv#LX-50E3A9271BE9 (1 rows),docs/integrations/lingxing-walmart-openapi/normalized/response_fields.csv#LX-50E3A9271BE9 (6 rows),doc=文档已收录; tested=未验证; phase1=待评估,DO_NOT_USE,yes,no,P3,仓库,reference_only,DO_NOT_USE,no matching repository legacy Markdown snapshot; excluded from implementation without a separate Owner re-evaluation
LX-A78F75179F06,Lingxing ERP (platform scope unverified),WFS / storage / inbound transport,仓库 / 仓库设置,启用、禁用仓位,/erp/sc/routing/storage/wareHouseBin/switchStatus,POST,UNVERIFIED,,docs/integrations/lingxing-walmart-openapi/normalized/interfaces.csv#LX-A78F75179F06,docs/integrations/lingxing-walmart-openapi/normalized/request_params.csv#LX-A78F75179F06 (3 rows),docs/integrations/lingxing-walmart-openapi/normalized/response_fields.csv#LX-A78F75179F06 (10 rows),doc=文档已收录; tested=未验证; phase1=待评估,DO_NOT_USE,yes,no,P3,仓库,reference_only,DO_NOT_USE,no matching repository legacy Markdown snapshot; excluded from implementation without a separate Owner re-evaluation
LX-87182E99B1B7,Lingxing ERP (platform scope unverified),WFS / storage / inbound transport,仓库 / 海外仓,备货单分批收货,/erp/sc/routing/owms/inbound/batchesReceipt,POST,UNVERIFIED,,docs/integrations/lingxing-walmart-openapi/normalized/interfaces.csv#LX-87182E99B1B7,docs/integrations/lingxing-walmart-openapi/normalized/request_params.csv#LX-87182E99B1B7 (7 rows),docs/integrations/lingxing-walmart-openapi/normalized/response_fields.csv#LX-87182E99B1B7 (6 rows),doc=文档已收录; tested=未验证; phase1=待评估,DO_NOT_USE,yes,no,P3,仓库,reference_only,DO_NOT_USE,no matching repository legacy Markdown snapshot; excluded from implementation without a separate Owner re-evaluation
LX-3E19FAF15A8D,Lingxing ERP (platform scope unverified),WFS / storage / inbound transport,仓库 / 海外仓,备货单结束到货,/erp/sc/routing/owms/inbound/completeReceipt,POST,UNVERIFIED,,docs/integrations/lingxing-walmart-openapi/normalized/interfaces.csv#LX-3E19FAF15A8D,docs/integrations/lingxing-walmart-openapi/normalized/request_params.csv#LX-3E19FAF15A8D (1 rows),docs/integrations/lingxing-walmart-openapi/normalized/response_fields.csv#LX-3E19FAF15A8D (6 rows),doc=文档已收录; tested=未验证; phase1=待评估,DO_NOT_USE,yes,no,P3,仓库,reference_only,DO_NOT_USE,no matching repository legacy Markdown snapshot; excluded from implementation without a separate Owner re-evaluation
LX-8FB1CC9572F0,Lingxing ERP (platform scope unverified),WFS / storage / inbound transport,销售 / 自发货管理,导入面单,/basicOpen/selfShipmentOrder/importLabel,POST,UNVERIFIED,,docs/integrations/lingxing-walmart-openapi/normalized/interfaces.csv#LX-8FB1CC9572F0,docs/integrations/lingxing-walmart-openapi/normalized/request_params.csv#LX-8FB1CC9572F0 (5 rows),docs/integrations/lingxing-walmart-openapi/normalized/response_fields.csv#LX-8FB1CC9572F0 (6 rows),doc=文档已收录; tested=未验证; phase1=待评估,DO_NOT_USE,yes,no,P3,销售,reference_only,DO_NOT_USE,no matching repository legacy Markdown snapshot; excluded from implementation without a separate Owner re-evaluation
LX-B1D5E5BD6509,Multi-platform (Walmart applicability unverified),WFS / storage / inbound transport,多平台,快速出库,/pb/mp/order/v2/fastOutbound,POST,UNVERIFIED,,docs/integrations/lingxing-walmart-openapi/normalized/interfaces.csv#LX-B1D5E5BD6509,docs/integrations/lingxing-walmart-openapi/normalized/request_params.csv#LX-B1D5E5BD6509 (15 rows),docs/integrations/lingxing-walmart-openapi/normalized/response_fields.csv#LX-B1D5E5BD6509 (6 rows),doc=文档已收录; tested=未验证; phase1=待评估,DO_NOT_USE,yes,no,P3,仓库,reference_only,DO_NOT_USE,no matching repository legacy Markdown snapshot; excluded from implementation without a separate Owner re-evaluation
LX-E136355F65BA,Amazon,WFS / storage / inbound transport,FBA / FBA货件（STA）,打印AWD入库货件箱子标签,/amzStaServer/openapi/awd/inbound-shipment/uploadPacking,POST,UNVERIFIED,,docs/integrations/lingxing-walmart-openapi/normalized/deleted_interfaces.csv#LX-E136355F65BA,NONE,NONE,no verification row,DELETED,yes,yes,P3,TBD,reference_only,DELETED,no matching repository legacy Markdown snapshot; excluded from implementation without a separate Owner re-evaluation
LX-032E4A4848FB,Lingxing ERP (platform scope unverified),WFS / storage / inbound transport,仓库 / 出入库,撤销入库单,/basicOpen/inboundOrder/inbound/setOrderRevoke,POST,UNVERIFIED,,docs/integrations/lingxing-walmart-openapi/normalized/interfaces.csv#LX-032E4A4848FB,docs/integrations/lingxing-walmart-openapi/normalized/request_params.csv#LX-032E4A4848FB (2 rows),docs/integrations/lingxing-walmart-openapi/normalized/response_fields.csv#LX-032E4A4848FB (6 rows),doc=文档已收录; tested=未验证; phase1=待评估,DO_NOT_USE,yes,no,P3,仓库; 销售,reference_only,DO_NOT_USE,no matching repository legacy Markdown snapshot; excluded from implementation without a separate Owner re-evaluation
LX-C0FCAFE34051,Lingxing ERP (platform scope unverified),WFS / storage / inbound transport,仓库 / 出入库,撤销出库单,/basicOpen/outboundOrder/outbound/setOrderRevoke,POST,UNVERIFIED,,docs/integrations/lingxing-walmart-openapi/normalized/interfaces.csv#LX-C0FCAFE34051,docs/integrations/lingxing-walmart-openapi/normalized/request_params.csv#LX-C0FCAFE34051 (1 rows),docs/integrations/lingxing-walmart-openapi/normalized/response_fields.csv#LX-C0FCAFE34051 (6 rows),doc=文档已收录; tested=未验证; phase1=待评估,DO_NOT_USE,yes,no,P3,仓库; 销售,reference_only,DO_NOT_USE,no matching repository legacy Markdown snapshot; excluded from implementation without a separate Owner re-evaluation
LX-FC8B93582D77,Lingxing ERP (platform scope unverified),WFS / storage / inbound transport,仓库 / 出入库,撤销调拨单,/basicOpen/storageAllocationList/cancel,POST,UNVERIFIED,,docs/integrations/lingxing-walmart-openapi/normalized/interfaces.csv#LX-FC8B93582D77,docs/integrations/lingxing-walmart-openapi/normalized/request_params.csv#LX-FC8B93582D77 (1 rows),docs/integrations/lingxing-walmart-openapi/normalized/response_fields.csv#LX-FC8B93582D77 (6 rows),doc=文档已收录; tested=未验证; phase1=待评估,DO_NOT_USE,yes,no,P3,仓库,reference_only,DO_NOT_USE,no matching repository legacy Markdown snapshot; excluded from implementation without a separate Owner re-evaluation
LX-E8B767C41774,Lingxing ERP (platform scope unverified),WFS / storage / inbound transport,仓库 / 收货质检,收货单到货,/erp/sc/routing/deliveryReceipt/PurchaseReceiptOrder/receive,POST,UNVERIFIED,,docs/integrations/lingxing-walmart-openapi/normalized/interfaces.csv#LX-E8B767C41774,docs/integrations/lingxing-walmart-openapi/normalized/request_params.csv#LX-E8B767C41774 (12 rows),docs/integrations/lingxing-walmart-openapi/normalized/response_fields.csv#LX-E8B767C41774 (7 rows),doc=文档已收录; tested=未验证; phase1=待评估,DO_NOT_USE,yes,no,P3,仓库,reference_only,DO_NOT_USE,no matching repository legacy Markdown snapshot; excluded from implementation without a separate Owner re-evaluation
LX-FE893F657641,Lingxing ERP (platform scope unverified),WFS / storage / inbound transport,仓库 / 收货质检,收货单快捷入库,/erp/sc/routing/deliveryReceipt/PurchaseReceiptOrder/fastReceive,POST,UNVERIFIED,,docs/integrations/lingxing-walmart-openapi/normalized/interfaces.csv#LX-FE893F657641,docs/integrations/lingxing-walmart-openapi/normalized/request_params.csv#LX-FE893F657641 (13 rows),docs/integrations/lingxing-walmart-openapi/normalized/response_fields.csv#LX-FE893F657641 (7 rows),doc=文档已收录; tested=未验证; phase1=待评估,DO_NOT_USE,yes,no,P3,仓库,reference_only,DO_NOT_USE,no matching repository legacy Markdown snapshot; excluded from implementation without a separate Owner re-evaluation
LX-4B7E0262DFD8,Amazon,WFS / storage / inbound transport,FBA / FBA货件（STA）,更新AWD入库任务,/amzStaServer/openapi/awd/inbound-plan/updateInboundPlan,POST,UNVERIFIED,,docs/integrations/lingxing-walmart-openapi/normalized/deleted_interfaces.csv#LX-4B7E0262DFD8,NONE,NONE,no verification row,DELETED,yes,yes,P3,TBD,reference_only,DELETED,no matching repository legacy Markdown snapshot; excluded from implementation without a separate Owner re-evaluation
LX-8A0CC84D50E1,Amazon,WFS / storage / inbound transport,FBA / FBA货件（STA）,更新AWD货件跟踪编号,/amzStaServer/openapi/awd/inbound-shipment/updateShipmentInfo,POST,UNVERIFIED,,docs/integrations/lingxing-walmart-openapi/normalized/deleted_interfaces.csv#LX-8A0CC84D50E1,NONE,NONE,no verification row,DELETED,yes,yes,P3,TBD,reference_only,DELETED,no matching repository legacy Markdown snapshot; excluded from implementation without a separate Owner re-evaluation
LX-01FE108B1B92,Lingxing ERP (platform scope unverified),WFS / storage / inbound transport,仓库 / 海外仓,更新备货单,/erp/sc/routing/owms/inbound/updateInbound,POST,UNVERIFIED,,docs/integrations/lingxing-walmart-openapi/normalized/interfaces.csv#LX-01FE108B1B92,docs/integrations/lingxing-walmart-openapi/normalized/request_params.csv#LX-01FE108B1B92 (72 rows),docs/integrations/lingxing-walmart-openapi/normalized/response_fields.csv#LX-01FE108B1B92 (6 rows),doc=文档已收录; tested=未验证; phase1=待评估,DO_NOT_USE,yes,no,P3,仓库,reference_only,DO_NOT_USE,no matching repository legacy Markdown snapshot; excluded from implementation without a separate Owner re-evaluation
LX-25557AAD1424,Lingxing ERP (platform scope unverified),WFS / storage / inbound transport,仓库 / 海外仓,更新备货单物流信息,/erp/sc/routing/owms/inbound/updateLogistics,POST,UNVERIFIED,,docs/integrations/lingxing-walmart-openapi/normalized/interfaces.csv#LX-25557AAD1424,docs/integrations/lingxing-walmart-openapi/normalized/request_params.csv#LX-25557AAD1424 (47 rows),docs/integrations/lingxing-walmart-openapi/normalized/response_fields.csv#LX-25557AAD1424 (6 rows),doc=文档已收录; tested=未验证; phase1=待评估,DO_NOT_USE,yes,no,P3,仓库,reference_only,DO_NOT_USE,no matching repository legacy Markdown snapshot; excluded from implementation without a separate Owner re-evaluation
LX-24E61C09FB66,Amazon,WFS / storage / inbound transport,亚马逊源表数据,查询亚马逊源报表-移除货件（旧）,/erp/sc/data/fba_report/removalLists,POST,UNVERIFIED,,docs/integrations/lingxing-walmart-openapi/normalized/deleted_interfaces.csv#LX-24E61C09FB66,NONE,NONE,no verification row,DELETED,yes,yes,P3,TBD,reference_only,DELETED,no matching repository legacy Markdown snapshot; excluded from implementation without a separate Owner re-evaluation
LX-4D2673DB3C7D,Amazon,WFS / storage / inbound transport,FBA / FBA货件（STA）,生成可选送达时间,/amzStaServer/openapi/inbound-shipment/generateDeliveryDateList,POST,UNVERIFIED,,docs/integrations/lingxing-walmart-openapi/normalized/deleted_interfaces.csv#LX-4D2673DB3C7D,NONE,NONE,no verification row,DELETED,yes,yes,P3,TBD,reference_only,DELETED,no matching repository legacy Markdown snapshot; excluded from implementation without a separate Owner re-evaluation
LX-2E466DAF8EFF,Amazon,WFS / storage / inbound transport,FBA / FBA货件（STA）,生成承运方式,/amzStaServer/openapi/inbound-shipment/generateTransportList,POST,UNVERIFIED,,docs/integrations/lingxing-walmart-openapi/normalized/deleted_interfaces.csv#LX-2E466DAF8EFF,NONE,NONE,no verification row,DELETED,yes,yes,P3,TBD,reference_only,DELETED,no matching repository legacy Markdown snapshot; excluded from implementation without a separate Owner re-evaluation
LX-1F00F24DFD68,Amazon,WFS / storage / inbound transport,FBA / FBA货件（STA）,生成货件方案,/amzStaServer/openapi/inbound-shipment/generatePlacementOptions,POST,UNVERIFIED,,docs/integrations/lingxing-walmart-openapi/normalized/deleted_interfaces.csv#LX-1F00F24DFD68,NONE,NONE,no verification row,DELETED,yes,yes,P3,TBD,reference_only,DELETED,no matching repository legacy Markdown snapshot; excluded from implementation without a separate Owner re-evaluation
LX-633648A48963,Lingxing ERP (platform scope unverified),WFS / storage / inbound transport,仓库 / 装箱管理,装箱任务-生成装箱任务,/basicOpen/packingTask/addTask,POST,UNVERIFIED,,docs/integrations/lingxing-walmart-openapi/normalized/interfaces.csv#LX-633648A48963,docs/integrations/lingxing-walmart-openapi/normalized/request_params.csv#LX-633648A48963 (5 rows),docs/integrations/lingxing-walmart-openapi/normalized/response_fields.csv#LX-633648A48963 (8 rows),doc=文档已收录; tested=未验证; phase1=待评估,DO_NOT_USE,yes,no,P3,仓库,reference_only,DO_NOT_USE,"no matching repository legacy Markdown snapshot; side_effect_endpoint: endpoint carries write, mutation, task-generation, recalculation, refund, split, merge, or weighing semantics; not eligible for read-only sync PRP; must not be used for automated real calls; requires separate owner approval if ever needed, with dedicated permission, audit, idempotency, misoperation prevention, and production authorization; excluded from implementation without a separate Owner re-evaluation"
LX-330811625C41,Multi-platform (Walmart applicability unverified),WFS / storage / inbound transport,仓库 / 发货,销售出库单截单,/basicOpen/wmsOrder/cancel,POST,UNVERIFIED,,docs/integrations/lingxing-walmart-openapi/normalized/interfaces.csv#LX-330811625C41,docs/integrations/lingxing-walmart-openapi/normalized/request_params.csv#LX-330811625C41 (3 rows),docs/integrations/lingxing-walmart-openapi/normalized/response_fields.csv#LX-330811625C41 (11 rows),doc=文档已收录; tested=未验证; phase1=待评估,DO_NOT_USE,yes,no,P3,仓库; 销售,reference_only,DO_NOT_USE,no matching repository legacy Markdown snapshot; excluded from implementation without a separate Owner re-evaluation
