interface_id,verification_status,level_1_module,level_2_module,level_3_module,interface_name,http_method,api_path,purpose,token_bucket_capacity,is_read,is_write,has_side_effect,pagination_method,max_page_size_or_length,returns_total,supports_incremental_sync,incremental_time_fields,max_query_range,recommended_sync_strategy,request_param_count,request_fields,response_field_count,response_top_fields,directory_chain,system_modules,document_path,remarks,source_package,source_file,page_interface_included
LX-927D66FB6D5A,OFFICIAL_VERIFIED,产品,,,上传本地产品图片,POST,/erp/sc/routing/storage/product/uploadPictures,支持本地产品图片上传到领星ERP系统内,1,否,是,是,无,,否,否,,,全量 / 人工确认,4,"picture_list, is_primary, pic_url, sku",10,"code, data, error_details, message, request_id, response_time",产品 / 上传本地产品图片,产品,/docs/Product/UploadPictures.md,,lingxing-walmart(2).zip,normalized/interfaces.csv,false
LX-90CFB48DDD46,OFFICIAL_VERIFIED,产品,,,产品启用、禁用,POST,/basicOpen/product/productManager/product/operate/batch,产品启用、禁用,1,否,否,否,无,,是,否,,,全量 / 人工确认,2,"batch_status, product_ids",7,"code, data, error_details, message, request_id, response_time, total",产品 / 产品启用、禁用,产品,/docs/Product/productOperateBatch.md,,lingxing-walmart(2).zip,normalized/interfaces.csv,false
LX-F6A548F96FD0,OFFICIAL_VERIFIED,产品,,,产品管理-查询透明计划商品列表,POST,/basicOpen/product/getTransparencyProductList,产品管理-查询透明计划商品列表,1,是,否,否,offset/length,200,是,否,,,全量后分页,6,"isRelateMsku, length, offset, productStatus, searchField, searchValue",22,"code, data, error_details, message, request_id, response_time, total",产品 / 查询透明计划商品列表,产品,/docs/Product/getTransparencyProductList.md,,lingxing-walmart(2).zip,normalized/interfaces.csv,false
LX-0CF22467375C,OFFICIAL_VERIFIED,产品,,,创建UPC编码,POST,/listing/publish/api/upc/addCommodityCode,创建UPC编码,10,否,是,是,无,,否,否,,,全量 / 人工确认,2,"code_type, commodity_codes",4,"code, data, msg, request_id",产品 / 创建UPC编码,产品,/docs/Product/AddCommodityCode.md,,lingxing-walmart(2).zip,normalized/interfaces.csv,false
LX-F6890246F185,OFFICIAL_VERIFIED,产品,,,创建产品标签,POST,/label/operation/v1/label/product/create,创建产品标签,10,否,是,是,无,,否,否,,,全量 / 人工确认,1,label,7,"code, data, message, request_id, response_time",产品 / 创建产品标签,产品,/docs/Product/CreateProductTag.md,,lingxing-walmart(2).zip,normalized/interfaces.csv,false
LX-147DA91911E3,OFFICIAL_VERIFIED,产品,,,删除产品标签,POST,/label/operation/v1/label/product/unmarkLabel,删除产品标签,10,否,是,是,无,,否,否,,,全量 / 人工确认,4,"detail_list, label_list, sku, type",5,"code, data, message, request_id, response_time",产品 / 删除产品标签,产品,/docs/Product/DelProductTag.md,,lingxing-walmart(2).zip,normalized/interfaces.csv,false
LX-BB8D0DF598AF,OFFICIAL_VERIFIED,产品,,,批量查询本地产品详情,POST,/erp/sc/routing/data/local_inventory/batchGetProductInfo,批量查询本地产品详情,1,是,否,否,无,,否,否,,,全量 / 人工确认,3,"productIds, sku_identifiers, skus",124,"aux_relation_list, code, data, error_details, message, request_id, response_time",产品 / 批量查询本地产品详情,产品,/docs/Product/batchGetProductInfo.md,,lingxing-walmart(2).zip,normalized/interfaces.csv,false
LX-D2402601914F,OFFICIAL_VERIFIED,产品,,,批量编辑本地信息,POST,/basicOpen/product/editOnSaleTimeAndRemark,支持批量编辑在线商品本地信息。,1,否,是,是,无,,否,是,"onSaleTime, firstOrderTime, remark",,按店铺循环 + 按日期分段增量,6,"firstOrderTime, onSaleTime, remark, sidMsku, msku, storeId",6,"code, data, error_details, message, request_id, response_time",产品 / 批量编辑本地信息,产品,/docs/Product/EditOnSaleTimeAndRemark.md,,lingxing-walmart(2).zip,normalized/interfaces.csv,false
LX-75F4963569A6,OFFICIAL_VERIFIED,产品,,,查询产品分类列表,POST,/erp/sc/routing/data/local_inventory/category,支持查询本地产品的分类列表，对应【产品】>【产品分类】数据,1,是,否,否,offset/length,1000,否,否,,,全量后分页,3,"ids, length, offset",10,"code, data, error_details, message, request_id, response_time",产品 / 查询产品分类列表,产品,/docs/Product/Category.md,,lingxing-walmart(2).zip,normalized/interfaces.csv,false
LX-82FF3AF996D2,OFFICIAL_VERIFIED,产品,,,查询产品品牌列表,POST,/erp/sc/data/local_inventory/brand,支持查询本地产品品牌列表，对应系统【产品】>【品牌管理】数据,1,是,否,否,offset/length,1000,否,否,,,全量后分页,2,"length, offset",9,"code, data, error_details, message, request_id, response_time",产品 / 查询产品品牌列表,产品,/docs/Product/Brand.md,,lingxing-walmart(2).zip,normalized/interfaces.csv,false
LX-A4D3F436FF1F,OFFICIAL_VERIFIED,产品,,,查询产品属性列表,POST,/erp/sc/routing/storage/attribute/attributeList,查询产品属性列表,1,是,否,否,offset/length,200,是,否,,,全量后分页,2,"length, offset",16,"code, data, error_details, message, request_id, response_time",产品 / 查询产品属性列表,产品,/docs/Product/attributeList.md,,lingxing-walmart(2).zip,normalized/interfaces.csv,false
LX-226730376E6B,OFFICIAL_VERIFIED,产品,,,查询产品标签,GET,/label/operation/v1/label/product/list,查询产品标签,10,是,否,否,无,,是,否,,,全量 / 人工确认,0,,10,"code, data, message, request_id, response_time",产品 / 查询产品标签,产品,/docs/Product/GetProductTag.md,,lingxing-walmart(2).zip,normalized/interfaces.csv,false
LX-BD16C6D25A0D,OFFICIAL_VERIFIED,产品,,,查询产品辅料列表,POST,/erp/sc/routing/data/local_inventory/productAuxList,查询产品辅料列表,1,是,否,否,offset/length,1000,否,否,,,全量后分页,2,"length, offset",43,"code, data, error_details, message, request_id, response_time",产品 / 查询产品辅料列表,产品,/docs/Product/productAuxList.md,,lingxing-walmart(2).zip,normalized/interfaces.csv,false
LX-5AFC6979F657,OFFICIAL_VERIFIED,产品,,,查询多属性产品列表,POST,/erp/sc/routing/storage/spu/spuList,查询多属性产品列表,1,是,否,否,offset/length,200,是,否,,,全量后分页,2,"length, offset",21,"code, data, error_details, message, request_id, response_time, total",产品 / 查询多属性产品列表,产品,/docs/Product/spuList.md,,lingxing-walmart(2).zip,normalized/interfaces.csv,false
LX-30AF347E45FE,OFFICIAL_VERIFIED,产品,,,查询多属性产品详情,POST,/erp/sc/routing/storage/spu/info,查询多属性产品详情,1,是,否,否,无,,是,否,,,全量 / 人工确认,2,"ps_id, spu",93,"code, data, error_details, message, request_id, response_time, total",产品 / 查询多属性产品详情,产品,/docs/Product/spuInfo.md,,lingxing-walmart(2).zip,normalized/interfaces.csv,false
LX-DA189364D1B7,OFFICIAL_VERIFIED,产品,,,查询捆绑产品关系列表,POST,/erp/sc/routing/data/local_inventory/bundledProductList,查询捆绑产品关系列表,1,是,否,否,offset/length,1000,否,否,,,全量后分页,2,"length, offset",16,"code, data, error_details, message, request_id, response_time",产品 / 查询捆绑产品关系列表,产品,/docs/Product/bundledProductList.md,,lingxing-walmart(2).zip,normalized/interfaces.csv,false
LX-6F96FE519F29,OFFICIAL_VERIFIED,产品,,,查询操作日志,POST,/basicOpen/product/getPagingLogLists,查询操作日志,1,是,否,否,page/limit,,是,是,"endTime, startTime",,按店铺循环 + 按日期分段增量,5,"businessId, endTime, page, size, startTime",12,"code, data, error_details, message, request_id, response_time, total",产品 / 查询操作日志,产品,/docs/Product/GetPagingLogLists.md,,lingxing-walmart(2).zip,normalized/interfaces.csv,false
LX-3F1F087FF8A1,OFFICIAL_VERIFIED,产品,,,查询本地产品列表,POST,/erp/sc/routing/data/local_inventory/productList,支持查询产品列表，对应系统【产品】>【产品管理】数据,1,是,否,否,offset/length,1000,是,是,"update_time_start, update_time_end, create_time_start, create_time_end",,按日期分段增量,8,"create_time_end, create_time_start, length, offset, sku_identifier_list, sku_list, update_time_end, update_time_start",67,"code, data, error_details, message, request_id, response_time, total",产品 / 查询本地产品列表,产品,/docs/Product/ProductLists.md,,lingxing-walmart(2).zip,normalized/interfaces.csv,false
LX-DCB0C142100B,OFFICIAL_VERIFIED,产品,,,查询本地产品详情,POST,/erp/sc/routing/data/local_inventory/productInfo,支持查询本地产品详细信息，对应系统【产品】>【产品管理】数据,1,是,否,否,无,,否,否,,,全量 / 人工确认,3,"id, sku, sku_identifier",132,"code, data, error_details, message, request_id, response_time",产品 / 查询本地产品详情,产品,/docs/Product/ProductDetails.md,,lingxing-walmart(2).zip,normalized/interfaces.csv,false
LX-2046A9CB4520,OFFICIAL_VERIFIED,产品,,,标记产品标签,POST,/label/operation/v1/label/product/mark,标记产品标签,10,否,是,是,无,,否,否,,,全量 / 人工确认,4,"detail_list, label_list, sku, type",5,"code, data, message, request_id, response_time",产品 / 标记产品标签,产品,/docs/Product/SetProductTag.md,,lingxing-walmart(2).zip,normalized/interfaces.csv,false
LX-A8BA6E5445AA,OFFICIAL_VERIFIED,产品,,,添加 / 编辑产品分类,POST,/erp/sc/routing/storage/category/set,支持添加/编辑本地产品分类,1,否,是,是,无,,否,否,,,全量 / 人工确认,5,"data, category_code, id, parent_cid, title",8,"code, data, error_details, message, request_id, response_time",产品 / 添加/编辑产品分类,产品,/docs/Product/SetCategory.md,,lingxing-walmart(2).zip,normalized/interfaces.csv,false
LX-3B1AB09F56B1,OFFICIAL_VERIFIED,产品,,,添加 / 编辑产品属性,POST,/erp/sc/routing/storage/attribute/set,>1、接口对属性数据为覆盖式操作，入参属性值会全量覆盖系统里已存在属性内容,1,否,是,是,无,,否,否,,,全量 / 人工确认,5,"attr_name, attr_values, attr_value, pai_id, pa_id",8,"code, data, error_details, message, request_id, response_time",产品 / 添加/编辑产品属性,产品,/docs/Product/attributeSet.md,,lingxing-walmart(2).zip,normalized/interfaces.csv,false
LX-1BDE9AFED615,OFFICIAL_VERIFIED,产品,,,添加 / 编辑捆绑产品,POST,/erp/sc/routing/storage/product/setBundled,添加 / 编辑捆绑产品,1,否,是,是,无,,否,否,,,全量 / 人工确认,22,"brand, brand_id, category, category_id, description, group_list, cost_ratio, quantity, sku, is_append_product_duty, model, picture_list, is_primary, pic_url, product_creator_uid, product_developer, product_developer_uid, product_duty_uids, product_name, status, unit",7,"code, data, error_details, message, request_id, response_time",产品 / 添加/编辑捆绑产品,产品,/docs/Product/SetBundled.md,,lingxing-walmart(2).zip,normalized/interfaces.csv,false
LX-E5135AAB2CB9,OFFICIAL_VERIFIED,产品,,,添加 / 编辑辅料,POST,/erp/sc/routing/storage/product/setAux,添加 / 编辑辅料,1,否,是,是,其他,,否,否,,,全量后分页,20,"cg_price, cg_product_height, cg_product_length, cg_product_net_weight, cg_product_width, product_name, remark, sku, supplier_quote, erp_supplier_id, is_primary, quotes, currency, is_tax, step_prices, moq, price_with_tax, tax_rate, supplier_id, supplier_product_url",7,"code, data, error_details, message, request_id, response_time",产品 / 添加/编辑辅料,产品,/docs/Product/setAux.md,,lingxing-walmart(2).zip,normalized/interfaces.csv,false
LX-E85460D3A0AD,OFFICIAL_VERIFIED,产品,,,添加/编辑产品品牌,POST,/erp/sc/storage/brand/set,支持添加/编辑本地产品品牌信息,10,否,是,是,无,,否,否,,,全量 / 人工确认,4,"data, brand_code, id, title",9,"code, data, error_details, message, request_id, response_time",产品 / 添加/编辑产品品牌,产品,/docs/Product/SetBrand.md,,lingxing-walmart(2).zip,normalized/interfaces.csv,false
LX-DC8F85A264F4,OFFICIAL_VERIFIED,产品,,,添加/编辑多属性产品,POST,/erp/sc/routing/storage/spu/set,添加/编辑多属性产品,5,否,是,是,其他,,是,否,,,全量后分页,76,"attribute_skc_list, pa_id, skc, aux_relation_list, aux_qty, aux_sku, sku_qty, bid, cid, create_uid, description, developer_uid, logistics, base, bg_export_hs_code, special_attr, clearance, allocation_remark, customs_clearance_brand_type, customs_clearance_internal_code, customs_clearance_material, customs_clearance_pic_url, customs_clearance_preferential, customs_clearance_product_pattern, customs_clearance_usage, declaration, customs_declaration_exempt, customs_declaration_inlands_source, customs_declaration_origin_produce, customs_declaration_spec, customs_declaration_unit, customs_export_name, customs_import_name, customs_import_price, customs_import_price_currency, fee, 国家简码_bg_import_hs_code, 国家简码_bg_tax_rate, 国家简码_cg_transport_costs, 国家简码_clearance_price, ...(+35)",11,"code, data, error_details, message, request_id, response_time, total",产品 / 添加/编辑多属性产品,产品,/docs/Product/spuSet.md,,lingxing-walmart(2).zip,normalized/interfaces.csv,false
LX-F00018116434,OFFICIAL_VERIFIED,产品,,,添加/编辑本地产品,POST,/erp/sc/routing/storage/product/set,支持添加/编辑系统本地产品信息,10,否,是,是,其他,,否,否,,,全量后分页,126,"api_spu, api_spu_attribute, pa_id, pai_id, aux_relation_list, aux_qty, aux_sku, sku_qty, bg_customs_export_name, bg_customs_import_name, bg_customs_import_price, bg_export_hs_code, brand, brand_id, category, category_id, cg_box_height, cg_box_length, cg_box_pcs, cg_box_weight, cg_box_width, cg_delivery, cg_opt_uid, cg_opt_username, cg_package_height, cg_package_length, cg_package_width, cg_price, cg_product_gross_weight, cg_product_height, cg_product_length, cg_product_material, cg_product_net_weight, cg_product_width, clearance, allocation_remark, customs_clearance_brand_type, customs_clearance_en_material, customs_clearance_en_usage, customs_clearance_internal_code, ...(+74)",9,"code, data, error_details, message, request_id, response_time",产品 / 添加/编辑本地产品,产品,/docs/Product/SetProduct.md,,lingxing-walmart(2).zip,normalized/interfaces.csv,false
LX-44D4A6C312C6,OFFICIAL_VERIFIED,产品,,,获取UPC编码列表,POST,/listing/publish/api/upc/upcList,获取UPC编码列表,10,是,否,否,offset/length,,是,否,,,全量后分页,2,"length, offset",16,"code, data, msg, request_id",产品 / 查询UPC编码列表,产品,/docs/Product/UpcList.md,,lingxing-walmart(2).zip,normalized/interfaces.csv,false
LX-A78F75179F06,OFFICIAL_VERIFIED,仓库,仓库设置,,启用、禁用仓位,POST,/erp/sc/routing/storage/wareHouseBin/switchStatus,启用、禁用仓位,1,否,否,否,无,,否,否,,,全量 / 人工确认,3,"status, whbCode, wid",10,"code, data, error_details, message, request_id, response_time",仓库 / 仓库设置 / 启用、禁用仓位,仓库,/docs/Warehouse/switchStatus.md,,lingxing-walmart(2).zip,normalized/interfaces.csv,false
LX-CF87F80AD608,OFFICIAL_VERIFIED,仓库,仓库设置,,查询产品仓位列表,POST,/basicOpen/warehouseConfig/warehouseBin/getEntryRecommendBinList,查询产品仓位列表,1,是,否,否,无,,是,否,,,全量 / 人工确认,6,"list, fnsku, productId, sid, wid, withHistory",28,"code, data, errorDetails, message, requestId, total",仓库 / 仓库设置 / 查询产品仓位列表,"仓库, 产品",/docs/Warehouse/getEntryRecommendBinList.md,,lingxing-walmart(2).zip,normalized/interfaces.csv,false
LX-41E509578C0D,OFFICIAL_VERIFIED,仓库,仓库设置,,查询仓库列表,POST,/erp/sc/data/local_inventory/warehouse,支持查询本地仓库列表信息，对应系统【设置】>【仓库设置】仓库列表,1,是,否,否,offset/length,,是,否,,,全量后分页,5,"is_delete, length, offset, sub_type, type",18,"code, data, error_details, message, request_id, response_time, total",仓库 / 仓库设置 / 查询仓库列表,仓库,/docs/Warehouse/WarehouseLists.md,,lingxing-walmart(2).zip,normalized/interfaces.csv,false
LX-EC6F4C39346F,OFFICIAL_VERIFIED,仓库,仓库设置,,查询本地仓位列表,POST,/erp/sc/routing/data/local_inventory/warehouseBin,查询本地仓位列表,1,是,否,否,其他,,是,否,,,全量后分页,6,"id, limit, offset, status, type, wid",16,"code, data, error_details, message, request_id, response_time, total",仓库 / 仓库设置 / 查询本地仓位列表,仓库,/docs/Warehouse/warehouseBin.md,,lingxing-walmart(2).zip,normalized/interfaces.csv,false
LX-208BCCE30B24,OFFICIAL_VERIFIED,仓库,仓库设置,,海外仓sku取消配对,POST,/basicOpen/overseaWarehouseSetting/productUnMatch,支持取消海外仓商品sku配对,1,否,是,是,无,,否,否,,,全量 / 人工确认,2,"wpId, wpmId",5,"code, error_details, message, request_id, response_time",仓库 / 仓库设置 / 海外sku取消配对,"仓库, 产品",/docs/Warehouse/OverseaWarehouseProductUnMatch.md,,lingxing-walmart(2).zip,normalized/interfaces.csv,false
LX-EECD62D39B8C,OFFICIAL_VERIFIED,仓库,仓库设置,,海外仓sku配对,POST,/basicOpen/overseaWarehouseSetting/productMatch,支持海外仓商品进行sku配对,1,否,是,是,无,,否,否,,,全量 / 人工确认,8,"fnsku, matchAll, matchNum, productId, sellerId, twId, twpId, wpId",5,"code, error_details, message, request_id, response_time",仓库 / 仓库设置 / 海外仓sku配对,"仓库, 产品",/docs/Warehouse/OverseaWarehouseProductMatch.md,,lingxing-walmart(2).zip,normalized/interfaces.csv,false
LX-0C9F53813C1C,OFFICIAL_VERIFIED,仓库,仓库设置,,添加/修改仓库,POST,/erp/sc/storage/wareHouse/edit,创建客户自定义仓库id与领星系统本地仓仓库id映射关系，添加/修改本地仓库基础信息,10,否,是,是,无,,否,否,,,全量 / 人工确认,8,"address, contact, name, remark, sys_wid, telephone, type, wid",7,"code, data, data->wid, error_details, message, request_id, response_time",仓库 / 仓库设置 / 添加/修改仓库,仓库,/docs/Warehouse/EditWarehouse.md,,lingxing-walmart(2).zip,normalized/interfaces.csv,false
LX-4C457588B444,OFFICIAL_VERIFIED,仓库,仓库设置,,添加仓位,POST,/erp/sc/routing/storage/wareHouseBin/create,添加仓位,1,否,是,是,无,,否,否,,,全量 / 人工确认,3,"code, type, wid",6,"code, data, error_details, message, request_id, response_time",仓库 / 仓库设置 / 添加仓位,仓库,/docs/Warehouse/binCreate.md,,lingxing-walmart(2).zip,normalized/interfaces.csv,false
LX-F395006EFE91,OFFICIAL_VERIFIED,仓库,出入库,,入库单确认入库,POST,/basicOpen/inboundOrder/inbound/setInbound,入库单确认入库,1,否,是,是,无,,是,否,,,全量 / 人工确认,1,orderSn,12,"code, data, error_details, message, request_id, response_time",仓库 / 出入库 / 入库单确认入库,"仓库, 销售",/docs/Warehouse/InboundOrderConfirm.md,,lingxing-walmart(2).zip,normalized/interfaces.csv,false
LX-02B0DCBC4860,OFFICIAL_VERIFIED,仓库,出入库,,出库单确认出库,POST,/basicOpen/outboundOrder/outbound/setOutbound,出库单确认出库,1,否,是,是,无,,是,否,,,全量 / 人工确认,1,orderSn,12,"code, data, error_details, message, request_id, response_time",仓库 / 出入库 / 出库单确认出库,"仓库, 销售",/docs/Warehouse/OutboundOrderConfirm.md,,lingxing-walmart(2).zip,normalized/interfaces.csv,false
LX-5C1C08254572,OFFICIAL_VERIFIED,仓库,出入库,,创建加工单 / 拆分单,POST,/erp/sc/routing/inventoryReceipt/StorageProcess/addStorageProcessOrder,创建加工单 / 拆分单,1,否,是,是,无,,是,否,,,全量 / 人工确认,18,"is_no_lock, product_list, combo_fnsku, combo_sid, combo_sku, combo_whb_code, process_fee, quantity_num, single_product_list, fnsku, price_scale, remark, sid, sku, whb_code, type, wid",8,"code, data, error_details, message, request_id, response_time, total",仓库 / 出入库 / 创建加工单 / 拆分单,"仓库, 销售",/docs/Warehouse/addStorageProcessOrder.md,,lingxing-walmart(2).zip,normalized/interfaces.csv,false
LX-8F4BA5E003C6,OFFICIAL_VERIFIED,仓库,出入库,,创建已完成的SKU调整单,POST,/erp/sc/routing/inventoryReceipt/StorageAdjustment/addSkuAdjustmentOrder,创建已完成的SKU调整单,1,否,是,是,无,,否,否,,,全量 / 人工确认,18,"bin_type, product_list, adjustment_valid_num, fnsku, in_available_bin, num, whb_code, out_available_bin, product_id, product_remark, seller_id, to_fnsku, to_product_id, to_seller_id, remark, wid",7,"code, data, error_details, message, request_id, response_time",仓库 / 出入库 / 创建已完成的SKU调整单,"仓库, 产品, 销售",/docs/Warehouse/addSkuAdjustmentOrder.md,,lingxing-walmart(2).zip,normalized/interfaces.csv,false
LX-1FA55392B264,OFFICIAL_VERIFIED,仓库,出入库,,创建已完成的成本补录单,POST,/erp/sc/routing/inventoryReceipt/CostChangeOrder/finishCostChangeOrder,创建已完成的成本补录单,1,否,是,是,无,,否,否,,,全量 / 人工确认,10,"list, fnsku, product_id, relation_order_out, seller_id，对应[查询亚马逊店铺列表](docs/BasicData/SellerLists)接口对应字段【sid】, unit_cost_price, unit_fee_price, remark, type, wid",7,"code, data, error_details, message, request_id, response_time",仓库 / 出入库 / 创建已完成的成本补录单,"仓库, 销售",/docs/Warehouse/FinishCostChangeOrder.md,,lingxing-walmart(2).zip,normalized/interfaces.csv,false
LX-A054BADFE10F,OFFICIAL_VERIFIED,仓库,出入库,,创建已完成的换标调整单,POST,/erp/sc/routing/inventoryReceipt/StorageAdjustment/addRebrandAdjustmentOrder,创建已完成的换标调整单,1,否,是,是,无,,否,否,,,全量 / 人工确认,17,"bin_type, product_list, adjustment_valid_num, fnsku, in_available_bin, num, whb_code, out_available_bin, product_id, product_remark, seller_id, to_fnsku, to_seller_id, remark, wid",7,"code, data, error_details, message, request_id, response_time",仓库 / 出入库 / 创建已完成的换标调整单,"仓库, 销售",/docs/Warehouse/addRebrandAdjustmentOrder.md,,lingxing-walmart(2).zip,normalized/interfaces.csv,false
LX-E6238EC4E51A,OFFICIAL_VERIFIED,仓库,出入库,,创建已完成的数量调整单,POST,/erp/sc/routing/inventoryReceipt/StorageAdjustment/addAdjustmentOrder,支持推送已完成的数量调整单至领星ERP，并调整对应数量,1,否,是,是,无,,否,否,,,全量 / 人工确认,13,"product_list, adjustment_available_bin, adjustment_bad_num, adjustment_bad_sgn, adjustment_inferior_bin, adjustment_valid_num, adjustment_valid_sgn, fnsku, product_id, seller_id, sku, remark, wid",7,"code, data, error_details, message, request_id, response_time",仓库 / 出入库 / 创建已完成的数量调整单,"仓库, 销售",/docs/Warehouse/addAdjustmentOrder.md,,lingxing-walmart(2).zip,normalized/interfaces.csv,false
LX-2D7501EFFF14,OFFICIAL_VERIFIED,仓库,出入库,,创建已完成的盘点单,POST,/erp/sc/routing/inventoryReceipt/InventoryCheck/addOrder,支持创建已完成的盘点单，盘点类型默认为“SKU+仓位”盘点,1,否,是,是,无,,是,否,,,全量 / 人工确认,11,"check_uid, is_display_check, product_list, actual_inventory, fnsku, product_id, remark, seller_id, whb_code, wid",8,"code, data, error_details, message, request_id, response_time, total",仓库 / 出入库 / 创建已完成的盘点单,"仓库, 产品, 销售",/docs/Warehouse/checkAddOrder.md,,lingxing-walmart(2).zip,normalized/interfaces.csv,false
LX-41BB2D2886D2,OFFICIAL_VERIFIED,仓库,出入库,,创建待收货/已完成的调拨单,POST,/erp/sc/routing/inventoryReceipt/StorageAllocation/addAllocationOrder,支持创建“待收货/已完成”状态调拨单，请求成功后，对应调拨单在列表“待收货/已完成”状态,1,否,是,是,其他,,是,是,predict_time,,按店铺循环 + 按日期分段增量,36,"fee_part_type, freight_fee, other_fee, num, out_bin_type, predict_time, product_list, bad_num, cg_package_height, cg_package_length, cg_package_width, cg_product_gross_weight, fnsku, freight_fee_unit, good_num, other_fee_unit, out_available_bin, whb_code, out_inferior_bin, product_remark, seller_id, sku, to_available_bin, to_inferior_bin, remark, sys_to_wid, sys_wid, to_wid, type, wid",8,"code, data, error_details, message, request_id, response_time, total",仓库 / 出入库 / 创建待收货/已完成的调拨单,"仓库, 销售",/docs/Warehouse/AddAllocationOrder.md,,lingxing-walmart(2).zip,normalized/interfaces.csv,false
LX-5EBF326CAE51,OFFICIAL_VERIFIED,仓库,出入库,,创建待调拨的调拨单,POST,/erp/sc/routing/inventoryReceipt/StorageAllocation/submitAllocationOrder,创建待调拨的调拨单,1,否,是,是,其他,,否,是,predict_time,,按店铺循环 + 按日期分段增量,34,"fee_part_type, freight_fee, other_fee, out_bin_type, predict_time, product_list, bad_num, cg_package_height, cg_package_length, cg_package_width, cg_product_gross_weight, fnsku, freight_fee_unit, good_num, other_fee_unit, out_available_bin, num, whb_code, out_inferior_bin, product_id, product_remark, seller_id, to_available_bin, to_inferior_bin, remark, sys_to_wid, sys_wid, type",7,"code, data, error_details, message, request_id, response_time",仓库 / 出入库 / 创建待调拨的调拨单,"仓库, 销售",/docs/Warehouse/submitAllocationOrder.md,,lingxing-walmart(2).zip,normalized/interfaces.csv,false
LX-ECC5B6E072BC,OFFICIAL_VERIFIED,仓库,出入库,,删除出库单,DELETE,/basicOpen/outboundOrder/outbound/delete,删除出库单,1,否,是,是,无,,是,否,,,全量 / 人工确认,1,orderSn,12,"code, data, error_details, message, request_id, response_time",仓库 / 出入库 / 删除出库单,"仓库, 销售",/docs/Warehouse/outboundOrderDelete.md,,lingxing-walmart(2).zip,normalized/interfaces.csv,false
LX-50E3A9271BE9,OFFICIAL_VERIFIED,仓库,出入库,,删除调拨单,DELETE,/basicOpen/storageAllocationList/delete,支持操作删除状态为待审批，待配货，待调拨的调拨单,1,否,是,是,无,,否,否,,,全量 / 人工确认,1,orderSn,6,"code, data, error_details, message, request_id, response_time",仓库 / 出入库 / 删除调拨单,仓库,/docs/Warehouse/DeleteStorageAllocationList.md,,lingxing-walmart(2).zip,normalized/interfaces.csv,false
LX-29AE97DABE08,OFFICIAL_VERIFIED,仓库,出入库,,加工单列表,POST,/erp/sc/routing/inventoryReceipt/StorageProcess/getOrderLists,加工单列表,1,是,否,否,offset/length,,是,是,"search_field_time, start_date, end_date",,按日期分段增量,9,"end_date, length, offset, process_sn, search_field_time, start_date, status, type, wid",45,"code, data, error_details, message, request_id, response_time, total",仓库 / 出入库 / 加工单列表,"仓库, 销售",/docs/Warehouse/getProcessOrderLists.md,,lingxing-walmart(2).zip,normalized/interfaces.csv,false
LX-032E4A4848FB,OFFICIAL_VERIFIED,仓库,出入库,,撤销入库单,POST,/basicOpen/inboundOrder/inbound/setOrderRevoke,撤销入库单,1,否,否,否,无,,否,否,,,全量 / 人工确认,2,"delete_receipt_order, order_sn",6,"code, data, error_details, message, request_id, response_time",仓库 / 出入库 / 撤销入库单,"仓库, 销售",/docs/Warehouse/SetInboundOrderRevoke.md,,lingxing-walmart(2).zip,normalized/interfaces.csv,false
LX-C0FCAFE34051,OFFICIAL_VERIFIED,仓库,出入库,,撤销出库单,POST,/basicOpen/outboundOrder/outbound/setOrderRevoke,撤销出库单,1,否,否,否,无,,否,否,,,全量 / 人工确认,1,order_sn,6,"code, data, error_details, message, request_id, response_time",仓库 / 出入库 / 撤销出库单,"仓库, 销售",/docs/Warehouse/SetOutboundOrderRevoke.md,,lingxing-walmart(2).zip,normalized/interfaces.csv,false
LX-FC8B93582D77,OFFICIAL_VERIFIED,仓库,出入库,,撤销调拨单,POST,/basicOpen/storageAllocationList/cancel,撤销调拨单,1,否,否,否,无,,否,否,,,全量 / 人工确认,1,order_sn,6,"code, data, error_details, message, request_id, response_time",仓库 / 出入库 / 撤销调拨单,仓库,/docs/Warehouse/CancelStorageAllocationList.md,,lingxing-walmart(2).zip,normalized/interfaces.csv,false
LX-A78D6BB9DC24,OFFICIAL_VERIFIED,仓库,出入库,,查询入库单列表,POST,/erp/sc/routing/storage/inbound/getOrders,查询入库单列表,1,是,否,否,offset/length,200,是,是,"search_field_time, start_date, end_date",,按日期分段增量,10,"end_date, inbound_idempotent_code, length, offset, order_sn, search_field_time, start_date, status, type, wid",71,"code, data, error_details, message, request_id, response_time, total",仓库 / 出入库 / 查询入库单列表,"仓库, 销售",/docs/Warehouse/inboundgetOrders.md,,lingxing-walmart(2).zip,normalized/interfaces.csv,false
LX-179D3B8A9F63,OFFICIAL_VERIFIED,仓库,出入库,,查询出库单列表,POST,/erp/sc/routing/storage/outbound/getOrders,查询出库单列表,1,是,否,否,offset/length,200,是,是,"search_field_time, start_date, end_date",,按日期分段增量,10,"end_date, idempotent_code, length, offset, order_sn, search_field_time, start_date, status, type, wid",76,"code, data, error_details, message, request_id, response_time, total",仓库 / 出入库 / 查询出库单列表,"仓库, 销售",/docs/Warehouse/outboundgetOrders.md,,lingxing-walmart(2).zip,normalized/interfaces.csv,false
LX-D5353A465E6D,OFFICIAL_VERIFIED,仓库,出入库,,查询盘点单列表,POST,/erp/sc/routing/inventoryReceipt/InventoryCheck/getOrderList,查询盘点单列表,1,是,否,否,其他,,是,是,"date_field, start_date, end_date",,按日期分段增量,10,"check_type, date_field, end_date, page, page_size, search_field, search_value, start_date, status, wid",39,"code, data, error_details, message, request_id, response_time, total",仓库 / 出入库 / 查询盘点单列表,"仓库, 销售",/docs/Warehouse/checkGetOrderList.md,,lingxing-walmart(2).zip,normalized/interfaces.csv,false
LX-642D33967219,OFFICIAL_VERIFIED,仓库,出入库,,查询盘点单详情,POST,/erp/sc/routing/inventoryReceipt/InventoryCheck/getOrderDetail,查询盘点单详情,1,是,否,否,其他,,是,否,,,全量后分页,7,"order_sn, page, page_size, search_field, search_value, sort_field, sort_type",63,"code, data, error_details, message, request_id, response_time",仓库 / 出入库 / 查询盘点单详情,"仓库, 销售",/docs/Warehouse/checkGetOrderDetail.md,,lingxing-walmart(2).zip,normalized/interfaces.csv,false
LX-4E3A3DA2B70A,OFFICIAL_VERIFIED,仓库,出入库,,查询调拨单列表,POST,/erp/sc/routing/inventoryReceipt/StorageAllocation/getStorageAllocationList,支持查询本地仓库调拨单列表,1,是,否,否,其他,,是,是,"search_date_type, start_date, end_date",,按日期分段增量,7,"end_date, page, page_size, search_date_type, start_date, to_wid, wid",99,"code, data, error_details, message, request_id, response_time, total",仓库 / 出入库 / 查询调拨单列表,仓库,/docs/Warehouse/getStorageAllocationList.md,,lingxing-walmart(2).zip,normalized/interfaces.csv,false
LX-9909117FD1E7,OFFICIAL_VERIFIED,仓库,出入库,,查询调整单列表,POST,/erp/sc/routing/inventoryReceipt/StorageAdjustment/getStorageAdjustOrderList,查询调整单列表,1,是,否,否,其他,,是,是,"search_date_type, start_date, end_date",,按日期分段增量,9,"adjust_status, end_date, order_sn, page, page_size, search_date_type, start_date, type, wid",60,"code, data, error_details, message, request_id, response_time, total",仓库 / 出入库 / 查询调整单列表,"仓库, 销售",/docs/Warehouse/getStorageAdjustOrderList.md,,lingxing-walmart(2).zip,normalized/interfaces.csv,false
LX-E726A7FC946C,OFFICIAL_VERIFIED,仓库,出入库,,查询调整单确认调整异步结果,POST,/basicOpen/adjustOrder/adjust/getAdjustStatus,查询调整单确认调整异步结果,1,否,是,是,无,,是,否,,,全量 / 人工确认,1,taskNo,12,"code, data, error_details, message, request_id, response_time",仓库 / 出入库 / 查询调整单确认调整结果,"仓库, 销售",/docs/Warehouse/GetAdjustOrderConfirmResult.md,,lingxing-walmart(2).zip,normalized/interfaces.csv,false
LX-F23293A702BB,OFFICIAL_VERIFIED,仓库,出入库,,查询销售出库单详情,POST,/basicOpen/wmsOrder/getWmsOrdersByOrderNumbers,支持查询ERP中【仓库】>【销售出库单】数据，即自发货订单销售出库单,1,是,否,否,无,,是,否,,,全量 / 人工确认,2,"isPrintCenter, orderNumbers",73,"code, data, error_details, message, request_id, response_time, total",仓库 / 出入库 / 查询销售出库单详情,"仓库, 销售",/docs/Warehouse/WmsOrderDetail.md,,lingxing-walmart(2).zip,normalized/interfaces.csv,false
LX-B6250EFFD833,OFFICIAL_VERIFIED,仓库,出入库,,添加入库单,POST,/erp/sc/routing/storage/storage/orderAdd,支持添加本地仓库入库单，并增加入库仓库库存,1,否,是,是,无,,否,是,inbound_time,,按店铺循环 + 按日期分段增量,22,"fee_part_type, inbound_idempotent_code, inbound_time, is_shelf, order_sn, other_fee, product_list, bad_num, bad_whb_code, fnsku, good_num, good_whb_code, price, seller_id, sku, remark, ship_fee, supplier_id, sys_supplier_id, sys_wid, type, wid",8,"code, data, error_details, message, request_id, response_time",仓库 / 出入库 / 添加入库单,"仓库, 销售",/docs/Warehouse/OrderAdd.md,,lingxing-walmart(2).zip,normalized/interfaces.csv,false
LX-FEFC2C739C57,OFFICIAL_VERIFIED,仓库,出入库,,添加出库单,POST,/erp/sc/routing/storage/storage/orderAddOut,支持添加本地仓库出库单，推送成功后扣减出库仓库库存,1,否,是,是,无,,否,是,outbound_time,,按店铺循环 + 按日期分段增量,26,"bin_type, idempotent_code, other_fee, outbound_time, product_list, bad_num, fnsku, good_num, out_available_bin, whb_code, whb_num, out_inferior_bin, seller_id, sku, remark, return_price, status, supplier_id, sys_supplier_id, sys_to_wid, sys_wid, to_wid, type, wid",7,"code, data, error_details, message, request_id, response_time",仓库 / 出入库 / 添加出库单,"仓库, 销售",/docs/Warehouse/OrderAddOut.md,,lingxing-walmart(2).zip,normalized/interfaces.csv,false
LX-75157159D29E,OFFICIAL_VERIFIED,仓库,出入库,,获取自定义入库类型,POST,/erp/sc/routing/storage/inbound/getCustomTypes,获取自定义入库类型,1,是,否,否,无,,是,否,,,全量 / 人工确认,0,,13,"code, data, error_details, message, request_id, response_time, total",仓库 / 出入库 / 获取自定义入库类型,仓库,/docs/Warehouse/inboundGetCustomTypes.md,,lingxing-walmart(2).zip,normalized/interfaces.csv,false
LX-10C1BC0E9648,OFFICIAL_VERIFIED,仓库,出入库,,获取自定义出库类型,POST,/erp/sc/routing/storage/outbound/getCustomTypes,获取自定义出库类型,1,是,否,否,无,,是,否,,,全量 / 人工确认,0,,13,"code, data, error_details, message, request_id, response_time, total",仓库 / 出入库 / 获取自定义出库类型,仓库,/docs/Warehouse/outboundGetCustomTypes.md,,lingxing-walmart(2).zip,normalized/interfaces.csv,false
LX-A6E36DA67F9C,OFFICIAL_VERIFIED,仓库,出入库,,调拨单全部收货,POST,/erp/sc/routing/inventoryReceipt/StorageAllocation/receiveAllocationOrder,支持将系统“待收货“状态的调拨单全部收货，单据状态转为“已完成“，并增加入库仓的库存,1,否,否,否,无,,是,否,,,全量 / 人工确认,1,orderSnMany,7,"code, data, error_details, message, request_id, response_time, total",仓库 / 出入库 / 调拨单全部收货,"仓库, 销售",/docs/Warehouse/receiveAllocationOrder.md,,lingxing-walmart(2).zip,normalized/interfaces.csv,false
LX-C59B5D5BB158,OFFICIAL_VERIFIED,仓库,出入库,,调拨单分批收货,POST,/erp/sc/routing/inventoryReceipt/StorageAllocation/partlyReceiveAllocationOrder,支持将系统待收货状态的调拨单部分收货,1,否,否,否,无,,是,否,,,全量 / 人工确认,7,"order_sn, product_list, fnsku, product_id, received_bad_num, received_good_num, seller_id",7,"code, data, error_details, message, request_id, response_time, total",仓库 / 出入库 / 调拨单分批收货,"仓库, 销售",/docs/Warehouse/partlyReceiveAllocationOrder.md,,lingxing-walmart(2).zip,normalized/interfaces.csv,false
LX-375342860CAD,OFFICIAL_VERIFIED,仓库,出入库,,调拨单结束到货,POST,/erp/sc/routing/inventoryReceipt/StorageAllocation/finishReceiveAllocationOrder,调拨单结束到货,1,否,否,否,无,,是,否,,,全量 / 人工确认,1,order_sn,7,"code, data, error_details, message, request_id, response_time, total",仓库 / 出入库 / 调拨单结束到货,"仓库, 销售",/docs/Warehouse/finishReceiveAllocationOrder.md,,lingxing-walmart(2).zip,normalized/interfaces.csv,false
LX-24115FEF3839,OFFICIAL_VERIFIED,仓库,出入库,,调整单确认调整,POST,/basicOpen/adjustOrder/adjust/setAdjust,异步任务，查询结果请调用：[查询确认调整异步任务结果](docs/Warehouse/GetAdjustOrderConfirmResult.md),1,否,是,是,无,,否,否,,,全量 / 人工确认,1,orderSn,9,"code, data, error_details, message, request_id, response_time",仓库 / 出入库 / 调整单确认调整,"仓库, 销售",/docs/Warehouse/AdjustOrderConfirm.md,,lingxing-walmart(2).zip,normalized/interfaces.csv,false
LX-FD9302CF208A,OFFICIAL_VERIFIED,仓库,发货,,查询销售出库单列表,POST,/erp/sc/routing/wms/order/wmsOrderList,支持查询ERP中【仓库】>【销售出库单】数据，即自发货订单销售出库单【默认返回一个月内审核出库的数据，超过一个月请加上时间入参】,1,是,否,否,其他,200,是,是,"time_type, start_date, end_date",,按店铺循环 + 按日期分段增量,11,"end_date, logistics_status_arr, order_number_arr, page, page_size, platform_order_no_arr, sid_arr, start_date, status_arr, time_type, wo_number_arr",127,"code, data, error_details, message, request_id, response_time, total",仓库 / 发货 / 查询销售出库单列表,"仓库, 销售",/docs/Warehouse/WmsOrderList.md,,lingxing-walmart(2).zip,normalized/interfaces.csv,false
LX-F596F7E8C481,OFFICIAL_VERIFIED,仓库,发货,,查询销售出库单物流面单,POST,/erp/sc/routing/wms/order/getWmsLogisticsLabels,查询销售出库单物流面单,1,是,否,否,无,,否,否,,,全量 / 人工确认,2,"order_number_arr, wo_number_arr",14,"code, data, error_details, message, request_id, response_time",仓库 / 发货 / 查询销售出库单物流面单,"仓库, 销售",/docs/Warehouse/wmsOrderGetWmsLogisticsLabels.md,,lingxing-walmart(2).zip,normalized/interfaces.csv,false
LX-A8841B7061A1,OFFICIAL_VERIFIED,仓库,发货,,物流下单 - 编辑运单号/跟踪号,POST,/basicOpen/logisticsOrdering/setTrackingNo,物流下单 - 编辑运单号/跟踪号,1,否,是,是,无,,是,否,,,全量 / 人工确认,7,"logistics_freight, logistics_freight_currency_code, pkg_fee_weight, pkg_fee_weight_unit, tracking_no, waybill_no, wo_number",7,"code, data, error_details, message, request_id, response_time, total",仓库 / 发货 / 物流下单 - 编辑运单号/跟踪号,仓库,/docs/Warehouse/setTrackingNo.md,,lingxing-walmart(2).zip,normalized/interfaces.csv,false
LX-890B84A34002,OFFICIAL_VERIFIED,仓库,发货,,设置包裹尺寸,POST,/erp/sc/routing/wms/order/setOrderPackageSize,设置包裹尺寸,1,否,是,是,其他,,否,否,,,全量后分页,4,"pkg_height, pkg_length, pkg_width, wo_number",6,"code, data, error_details, message, request_id, response_time",仓库 / 发货 / 设置包裹尺寸,"仓库, 销售",/docs/Warehouse/setOrderPackageSize.md,,lingxing-walmart(2).zip,normalized/interfaces.csv,false
LX-330811625C41,OFFICIAL_VERIFIED,仓库,发货,,销售出库单截单,POST,/basicOpen/wmsOrder/cancel,注： 海外仓截单任务为异步执行。接口提交成功后，系统会将截单请求推送至海外仓处理。 可以通过调用[查询订单管理订单列表](docs/MultiPlatform/V2/MultiPlatOrderV2)接口，并查看返回数据中的 data>>list>>status 字段，以获取截单任务的最终执行状态和结果。,1,否,否,否,无,,否,否,,,全量 / 人工确认,3,"orderComment, orderNumbers, tagType",11,"code, data, error_details, message, request_id, response_time",仓库 / 发货 / 销售出库单截单,"仓库, 销售",/docs/Warehouse/cancelWmsOrder.md,,lingxing-walmart(2).zip,normalized/interfaces.csv,false
LX-A791179C9A78,OFFICIAL_VERIFIED,仓库,库存&流水,,查询AWD库存列表,POST,/basicOpen/openapi/storage/awdWarehouseDetail,查询AWD库存列表,1,是,否,否,其他,,是,否,,,按店铺循环 + 分页,11,"asin_principal, attribute, bid, cid, is_hide_zero_stock, length，上限200, offset, search_field, search_value, status, wids",51,"code, data, error_details, message, request_id, response_time, total",仓库 / 库存&流水 / 查询AWD库存列表,仓库,/docs/Warehouse/AwdWarehouseDetail.md,,lingxing-walmart(2).zip,normalized/interfaces.csv,false
LX-47310BFA3E0D,OFFICIAL_VERIFIED,仓库,库存&流水,,查询仓位库存明细,POST,/erp/sc/routing/data/local_inventory/inventoryBinDetails,查询仓位库存明细,1,是,否,否,offset/length,500,是,否,,,全量后分页,4,"bin_type_list, length, offset, wid",25,"code, data, error_details, message, request_id, response_time, total",仓库 / 库存&流水 / 查询仓位库存明细,仓库,/docs/Warehouse/inventoryBinDetails.md,,lingxing-walmart(2).zip,normalized/interfaces.csv,false
LX-8DE4E360B561,OFFICIAL_VERIFIED,仓库,库存&流水,,查询仓位流水,POST,/erp/sc/routing/data/local_inventory/wareHouseBinStatement,查询仓位流水,1,是,否,否,offset/length,,是,是,"start_date, end_date",,按日期分段增量,7,"bin_type_list, end_date, length, offset, start_date, type, wid",24,"code, data, error_details, message, request_id, response_time, total",仓库 / 库存&流水 / 查询仓位流水,仓库,/docs/Warehouse/wareHouseBinStatement.md,,lingxing-walmart(2).zip,normalized/interfaces.csv,false
LX-41B3AF612B29,OFFICIAL_VERIFIED,仓库,库存&流水,,查询仓库库存明细,POST,/erp/sc/routing/data/local_inventory/inventoryDetails,支持查询本地仓/海外仓库存明细，对应系统【仓库】>【库存明细】数据,1,是,否,否,offset/length,800,是,否,,,全量后分页,4,"length, offset, sku, wid",54,"code, data, error_details, message, request_id, response_time, total",仓库 / 库存&流水 / 查询仓库库存明细,仓库,/docs/Warehouse/InventoryDetails.md,,lingxing-walmart(2).zip,normalized/interfaces.csv,false
LX-F0CE5B7F589B,OFFICIAL_VERIFIED,仓库,库存&流水,,查询库存流水（新）,POST,/erp/sc/routing/inventoryLog/WareHouseInventory/wareHouseCenterStatement,查询库存流水（新）,1,是,否,否,offset/length,,否,是,"start_date, end_date",,按日期分段增量,7,"end_date, length, offset, start_date, sub_types, types, wids",49,"code, data, error_details, message, request_id, response_time",仓库 / 库存&流水 / 查询库存流水（新）,仓库,/docs/Warehouse/WarehouseStatementNew.md,,lingxing-walmart(2).zip,normalized/interfaces.csv,false
LX-6F8ABDE7B566,OFFICIAL_VERIFIED,仓库,库存&流水,,查询库存流水（旧）,POST,/erp/sc/routing/data/local_inventory/wareHouseStatement,支持查询本地仓库库存流水，对应系统【仓库】>【库存流水】数据,1,是,否,否,offset/length,,是,是,"start_date, end_date",,按日期分段增量,6,"end_date, length, offset, start_date, type, wid",35,"code, data, error_details, message, request_id, response_time, total",仓库 / 库存&流水 / 查询库存流水（旧）,仓库,/docs/Warehouse/WarehouseStatement.md,,lingxing-walmart(2).zip,normalized/interfaces.csv,false
LX-1181D4F827FB,OFFICIAL_VERIFIED,仓库,库存&流水,,查询批次明细,POST,/erp/sc/routing/data/local_inventory/getBatchDetailList,查询批次明细,1,是,否,否,offset/length,400,是,否,,,全量后分页,7,"length, offset, search_field, search_value, show_zero_stock, stock_in_type_list, wids",45,"code, data, error_details, message, request_id, response_time, total",仓库 / 库存&流水 / 查询批次明细,仓库,/docs/Warehouse/GetBatchDetailList.md,,lingxing-walmart(2).zip,normalized/interfaces.csv,false
LX-BCB9BCE2437F,OFFICIAL_VERIFIED,仓库,库存&流水,,查询批次流水,POST,/erp/sc/routing/data/local_inventory/getBatchStatementList,查询批次流水,1,是,否,否,offset/length,400,是,是,"time_filter_field, start_date, end_date",,按日期分段增量,9,"end_date, length, offset, search_field, search_value, start_date, statement_type_list, time_filter_field, wid_list",43,"code, data, error_details, message, request_id, response_time, total",仓库 / 库存&流水 / 查询批次流水,仓库,/docs/Warehouse/GetBatchStatementList.md,,lingxing-walmart(2).zip,normalized/interfaces.csv,false
LX-AA0068524F96,OFFICIAL_VERIFIED,仓库,收货质检,,创建待收货的收货单,POST,/erp/sc/routing/deliveryReceipt/PurchaseReceiptOrder/createReceiptOrder,支持创建【仓库】>【收货管理】中的收货单，状态为“待收货”,1,否,是,是,无,,否,是,list[].expect_arrival_time,,按日期分段增量,18,"list, business_order_sn, expect_arrival_time, item_list, notice_num_total, order_item_id, remark, logistics_company, logistics_list, logistics_order_no, type, order_type, other_fee, shipping_cost, wid",6,"code, data, error_details, message, request_id, response_time",仓库 / 收货质检 / 创建待收货的收货单,"仓库, 销售",/docs/Warehouse/createReceiptOrder.md,,lingxing-walmart(2).zip,normalized/interfaces.csv,false
LX-BE1057CB168C,OFFICIAL_VERIFIED,仓库,收货质检,,待收货退货单快捷入库,POST,/basicOpen/return/order/fastStorageIn,待收货退货单快捷入库,1,否,否,否,无,,是,否,,,全量 / 人工确认,15,"reqs, itemReqs, availableQuantity, availableWhbCode, defectiveQuantity, defectiveWhbCode, destroyedQuantity, id, picIds, accessUrl, fileName, mappingKey, rmaOrderNo, storeId, wid",14,"code, data, error_details, message, request_id, response_time, total",仓库 / 收货质检 / 待收货退货单快捷入库,"售后, 仓库, 销售",/docs/Warehouse/returnOrderFastStorageIn.md,,lingxing-walmart(2).zip,normalized/interfaces.csv,false
LX-186837F0F7C4,OFFICIAL_VERIFIED,仓库,收货质检,,收货单-编辑备注,POST,/basicOpen/inboundOrder/receiptOrder/updateOrderInfo,支持编辑指定收货单的备注信息。,1,否,是,是,无,,否,否,,,全量 / 人工确认,2,"orderSn, remark",6,"code, data, error_details, message, request_id, response_time",仓库 / 收货质检 / 收货单-编辑备注,"仓库, 销售",/docs/Warehouse/receiptOrderUpdateOrderInfo.md,,lingxing-walmart(2).zip,normalized/interfaces.csv,false
LX-E8B767C41774,OFFICIAL_VERIFIED,仓库,收货质检,,收货单到货,POST,/erp/sc/routing/deliveryReceipt/PurchaseReceiptOrder/receive,收货单到货,1,否,否,否,无,,是,是,"expect_arrival_time, custom_receive_time",,按日期分段增量,12,"custom_receive_time, expect_arrival_time, item_list, id, product_receive_num, remark, logistics_company, logistics_order_no, order_sn, other_fee, shipping_cost",7,"code, data, error_details, message, request_id, response_time, total",仓库 / 收货质检 / 收货单到货,仓库,/docs/Warehouse/Receive.md,,lingxing-walmart(2).zip,normalized/interfaces.csv,false
LX-FE893F657641,OFFICIAL_VERIFIED,仓库,收货质检,,收货单快捷入库,POST,/erp/sc/routing/deliveryReceipt/PurchaseReceiptOrder/fastReceive,收货单快捷入库,1,否,否,否,无,,是,是,"expect_arrival_time, custom_receive_time",,按日期分段增量,13,"custom_receive_time, expect_arrival_time, item_list, id, product_bad_num, product_good_num, remark, logistics_company, logistics_order_no, order_sn, other_fee, shipping_cost",7,"code, data, error_details, message, request_id, response_time, total",仓库 / 收货质检 / 收货单快捷入库,仓库,/docs/Warehouse/FastReceive.md,,lingxing-walmart(2).zip,normalized/interfaces.csv,false
LX-4B9473A2D2E1,OFFICIAL_VERIFIED,仓库,收货质检,,查询收货单列表,POST,/erp/sc/routing/deliveryReceipt/PurchaseReceiptOrder/getOrderList,查询收货单列表,1,是,否,否,offset/length,500,是,是,"date_type, start_date, end_date",,按日期分段增量,10,"date_type, end_date, length, offset, order_sns, order_type, qc_status, start_date, status, wid",47,"code, data, error_details, message, request_id, response_time",仓库 / 收货质检 / 查询收货单列表,"仓库, 采购, 销售",/docs/Warehouse/PurchaseReceiptOrderList.md,,lingxing-walmart(2).zip,normalized/interfaces.csv,false
LX-ECAEE8038F87,OFFICIAL_VERIFIED,仓库,收货质检,,查询质检单列表,POST,/erp/sc/routing/deliveryReceipt/ReceiptOrderQc/getOrderList,查询质检单列表,1,是,否,否,offset/length,500,是,是,"date_type, start_date, end_date",,按日期分段增量,8,"date_type, end_date, length, offset, qc_sns, start_date, status, wid",43,"code, data, error_details, message, request_id, response_time",仓库 / 收货质检 / 查询质检单列表,"仓库, 销售",/docs/Warehouse/ReceiptOrderQcList.md,,lingxing-walmart(2).zip,normalized/interfaces.csv,false
LX-5D311ED3B89E,OFFICIAL_VERIFIED,仓库,收货质检,,查询质检单详情,POST,/basicOpen/qualityInspectionOrder/detail,查询质检单详情,1,是,否,否,无,,是,否,,,全量 / 人工确认,1,qc_sn,75,"code, data, error_details, message, request_id, response_time, total",仓库 / 收货质检 / 查询质检单详情,"仓库, 销售",/docs/Warehouse/qualityInspectionOrderDetail.md,,lingxing-walmart(2).zip,normalized/interfaces.csv,false
LX-1C62776E886A,OFFICIAL_VERIFIED,仓库,收货质检,,查询销售退货单列表,POST,/pb/mp/returns/v2/list,查询销售退货单列表,10,是,否,否,offset/length,,是,是,"time_type, start_time, end_time",,按店铺循环 + 按日期分段增量,10,"end_time, length, offset, platform_code, sales_type, start_time, status, store_id, time_type, wid",50,"code, data, message, request_id, response_time",仓库 / 收货质检 / 查询销售退货单列表,"售后, 仓库, 销售",/docs/Warehouse/ReturnList.md,,lingxing-walmart(2).zip,normalized/interfaces.csv,false
LX-E6696C712FDB,OFFICIAL_VERIFIED,仓库,收货质检,,订单退款,POST,/basicOpen/openapi/salesOrder/refundOrder,订单退款,1,否,否,否,无,,否,是,purchaseDateLocal,,按店铺循环 + 按日期分段增量,24,"amazonOrderId, data, asin, asinUrl, itemList, amount, currencyCode, icon, name, refundedPrice, returnAmount, type, itemRefundTotal, orderItemId, quantityOrdered, quantityShipped, reason, sellerSku, smallImageUrl, title, unitPriceAmount, unitPriceIcon, purchaseDateLocal, sid",6,"code, data, error_details, message, request_id, response_time",仓库 / 收货质检 / 订单退款,"售后, 仓库, 销售",/docs/Sale/RefundOrder.md,,lingxing-walmart(2).zip,normalized/interfaces.csv,false
LX-D8BC30F67A4B,OFFICIAL_VERIFIED,仓库,海外仓,,上传备货单装箱信息,POST,/erp/sc/routing/owms/inbound/packing,创建“待发货/待收货/已完成”状态备货单时，支持上传备货单装箱信息。,1,否,是,是,其他,,否,否,,,按店铺循环 + 分页,21,"box_count, box_list, box_no, box_nos, height, items, barcode, fnsku, is_a_plus, match_num, oversea_product_code, product_id, quantity_shipped, sid, twp_id, length, weight, width, overseas_order_no, packaging_type",6,"code, data, error_details, message, request_id, response_time",仓库 / 海外仓 / 上传备货单装箱信息,仓库,/docs/Warehouse/packing.md,,lingxing-walmart(2).zip,normalized/interfaces.csv,false
LX-5567B5700B78,OFFICIAL_VERIFIED,仓库,海外仓,,创建待发货/待收货/已完成的备货单,POST,/erp/sc/routing/owms/inbound/createInbound,支持创建“待发货/待收货/已完成”状态备货单，请求成功后，对应备货单在列表“待发货/待收货/已完成”状态。,1,否,是,是,其他,,是,是,"estimated_time, arrival_time, real_delivery_time",,按店铺循环 + 按日期分段增量,75,"arrival_time, custom_fields, custom_s_wid, estimated_time, file_id, head_logistics_list, actual_expenses_list, chargeable_weight, logistics_fee, logistics_fee_currency, other_fee_arr, fee_type_id, other_amount, other_currency, price, price_currency, remark, tax_fee, tax_fee_currency, estimate_expenses_list, tax_fee_type, tracking_list, order_type_code, shippers, tracking_no, transport_type, inbound_order_no, logistics_id, logistics_list, logistics_money, logistics_money_unit, logistics_order_no, other_money, other_money_remark, other_money_unit, real_logistics_money, real_logistics_money_unit, real_other_money, real_other_money_remark, real_other_money_unit, ...(+23)",8,"code, data, error_details, message, request_id, response_time, total",仓库 / 海外仓 / 创建待发货/待收货/已完成的备货单,仓库,/docs/Warehouse/CreateInbound.md,,lingxing-walmart(2).zip,normalized/interfaces.csv,false
LX-9AE1466FB085,OFFICIAL_VERIFIED,仓库,海外仓,,删除备货单,DELETE,/basicOpen/overSeaWarehouse/stockOrder/delete,支持操作删除状态为待审批，待配货，待发货，已驳回的海外仓备货单,1,否,是,是,无,,否,否,,,全量 / 人工确认,1,overseas_order_nos,6,"code, data, error_details, message, request_id, response_time",仓库 / 海外仓 / 删除备货单,"仓库, 销售",/docs/Warehouse/DeleteOverSeaStockOrder.md,,lingxing-walmart(2).zip,normalized/interfaces.csv,false
LX-87182E99B1B7,OFFICIAL_VERIFIED,仓库,海外仓,,备货单分批收货,POST,/erp/sc/routing/owms/inbound/batchesReceipt,备货单分批收货,1,否,否,否,无,,否,否,,,全量 / 人工确认,7,"overseas_order_no, product_list, current_receive_num, fnsku, product_code, product_id, sid",6,"code, data, error_details, message, request_id, response_time",仓库 / 海外仓 / 备货单分批收货,仓库,/docs/Warehouse/inboundBatchesReceipt.md,,lingxing-walmart(2).zip,normalized/interfaces.csv,false
LX-E8270027E4C1,OFFICIAL_VERIFIED,仓库,海外仓,,备货单分配库存,POST,/basicOpen/overSeaWarehouse/stockOrder/allocate,备货单分配库存,1,否,否,否,无,,否,否,,,全量 / 人工确认,1,orderNo,6,"code, data, error_details, message, request_id, response_time",仓库 / 海外仓 / 备货单分配库存,"仓库, 销售",/docs/Warehouse/overseaStockOrderAllocate.md,,lingxing-walmart(2).zip,normalized/interfaces.csv,false
LX-3E19FAF15A8D,OFFICIAL_VERIFIED,仓库,海外仓,,备货单结束到货,POST,/erp/sc/routing/owms/inbound/completeReceipt,备货单结束到货,1,否,否,否,无,,否,否,,,全量 / 人工确认,1,overseas_order_no,6,"code, data, error_details, message, request_id, response_time",仓库 / 海外仓 / 备货单结束到货,仓库,/docs/Warehouse/inboundCompleteReceipt.md,,lingxing-walmart(2).zip,normalized/interfaces.csv,false
LX-01FE108B1B92,OFFICIAL_VERIFIED,仓库,海外仓,,更新备货单,POST,/erp/sc/routing/owms/inbound/updateInbound,更新备货单,1,否,否,否,其他,,否,是,"estimated_time, arrival_time, real_delivery_time",,按店铺循环 + 按日期分段增量,72,"arrival_time, estimated_time, file_id, head_logistics_list, actual_expenses_list, chargeable_weight, logistics_fee, logistics_fee_currency, other_fee_arr, fee_type_id, other_amount, other_currency, price, price_currency, remark, tax_fee, tax_fee_currency, estimate_expenses_list, tax_fee_type, tracking_list, order_type_code, shippers, tracking_no, transport_type, logistics_id, logistics_list, logistics_money, logistics_money_unit, logistics_order_no, operation_type, other_money, other_money_remark, other_money_unit, real_logistics_money, real_logistics_money_unit, real_other_money, real_other_money_remark, real_other_money_unit, track_order_no, wool_id, ...(+19)",6,"code, data, error_details, message, request_id, response_time",仓库 / 海外仓 / 更新备货单,仓库,/docs/Warehouse/updateInbound.md,,lingxing-walmart(2).zip,normalized/interfaces.csv,false
LX-25557AAD1424,OFFICIAL_VERIFIED,仓库,海外仓,,更新备货单物流信息,POST,/erp/sc/routing/owms/inbound/updateLogistics,更新备货单物流信息,1,否,否,否,无,,否,否,,,全量 / 人工确认,47,"head_logistics_list, actual_expenses_list, chargeable_weight, logistics_fee, logistics_fee_currency, other_fee_arr, fee_type_id, other_amount, other_currency, price, price_currency, remark, tax_fee, tax_fee_currency, estimate_expenses_list, tax_fee_type, tracking_list, order_type_code, shippers, tracking_no, transport_type, logistics_list, logistics_money, logistics_money_unit, logistics_order_no, other_money, other_money_remark, other_money_unit, real_logistics_money, real_logistics_money_unit, real_other_money, real_other_money_remark, real_other_money_unit, track_order_no, logistics_list_type, overseas_order_no",6,"code, data, error_details, message, request_id, response_time",仓库 / 海外仓 / 更新备货单物流信息,仓库,/docs/Warehouse/UpdateLogistics.md,,lingxing-walmart(2).zip,normalized/interfaces.csv,false
LX-ACB0219BB470,OFFICIAL_VERIFIED,仓库,海外仓,,查询备货单收货记录,POST,/erp/sc/routing/owms/inbound/getReceiveGoodRecords,查询备货单收货记录,1,是,否,否,offset/length,,是,是,"start_date, end_date",,按日期分段增量,5,"end_date, length, offset, overseas_order_no, start_date",25,"code, data, error_details, message, request_id, response_time, total",仓库 / 海外仓 / 查询备货单收货记录,仓库,/docs/Warehouse/GetReceiveGoodRecords.md,,lingxing-walmart(2).zip,normalized/interfaces.csv,false
LX-E5E2F516B966,OFFICIAL_VERIFIED,仓库,海外仓,,查询备货单装箱信息,GET,/erp/sc/routing/owms/inbound/getPackingData,查询备货单装箱信息,1,是,否,否,无,,是,否,,,全量 / 人工确认,1,overseas_order_no,23,"code, data, error_details, message, request_id, response_time, total",仓库 / 海外仓 / 查询备货单装箱信息,仓库,/docs/Warehouse/getPackingData.md,,lingxing-walmart(2).zip,normalized/interfaces.csv,false
LX-EB2B3813F515,OFFICIAL_VERIFIED,仓库,海外仓,,查询备货单详情,POST,/basicOpen/overSeaWarehouse/stockOrder/detail,查询备货单详情,1,是,否,否,无,,是,否,,,全量 / 人工确认,1,overseas_order_no,229,"code, data, error_details, message, request_id, response_time",仓库 / 海外仓 / 查询海外仓备货单详情,仓库,/docs/Warehouse/OverSeasStockDetail.md,,lingxing-walmart(2).zip,normalized/interfaces.csv,false
LX-87EAA59FF5C7,OFFICIAL_VERIFIED,仓库,海外仓,,查询海外仓sku配对列表,POST,/basicOpen/overseaWarehouseSetting/matchList,查询海外仓sku配对列表,1,否,是,是,offset/length,200,是,否,,,全量后分页,6,"isMatched, keyword, length, offset, twIds, wpId",30,"code, data, error_details, message, request_id, response_time, total",仓库 / 海外仓 / 查询海外仓sku配对列表,"仓库, 产品",/docs/Warehouse/OverseaWarehouseMatchList.md,,lingxing-walmart(2).zip,normalized/interfaces.csv,false
LX-7773B7A1FDF9,OFFICIAL_VERIFIED,仓库,海外仓,,查询海外仓备货单列表,POST,/erp/sc/routing/owms/inbound/listInbound,支持查询海外仓备货单列表，对应系统【仓库】>【海外仓备货单】数据,1,是,否,否,其他,50,是,是,"create_time_from, create_time_to, date_type",,按日期分段增量,11,"create_time_from, create_time_to, date_type, is_delete, overseas_order_no, page, page_size, r_wid, s_wid, status, sub_status",108,"code, data, error_details, message, request_id, response_time, total",仓库 / 海外仓 / 查询海外仓备货单列表,仓库,/docs/Warehouse/listInbound.md,,lingxing-walmart(2).zip,normalized/interfaces.csv,false
LX-DE77858CC887,OFFICIAL_VERIFIED,仓库,海外仓,,查询移除入库单列表,POST,/erp/sc/routing/owms/removalInbound/list,查询移除入库单列表,1,是,否,否,offset/length,1000,是,是,"start_date, end_date",,按日期分段增量,6,"end_date, length, offset, order_no, start_date, status",60,"code, data, error_details, message, request_id, response_time, total",仓库 / 海外仓 / 查询移除入库单列表,仓库,/docs/Warehouse/removalInboundList.md,,lingxing-walmart(2).zip,normalized/interfaces.csv,false
LX-814E67414272,OFFICIAL_VERIFIED,仓库,海外仓,,查询系统产品与第三方海外仓产品映射列表,POST,/erp/sc/routing/owms/inbound/matchSkuList,支持查询本地产品与第三方海外仓产品映射列表,1,是,否,否,offset/length,,是,否,,,全量后分页,4,"is_matched, length, offset, wid",20,"code, data, error_details, message, request_id, response_time, total",仓库 / 海外仓 / 查询系统产品与第三方海外仓产品映射列表,"仓库, 产品",/docs/Warehouse/matchSkuList.md,,lingxing-walmart(2).zip,normalized/interfaces.csv,false
LX-3B84A6C4C9B4,OFFICIAL_VERIFIED,仓库,海外仓,,海外仓备货单发货,POST,/erp/sc/routing/owms/inbound/sendInbound,支持将系统已有的海外仓备货单状态调整为“待收货”，并扣减发货仓库库存,1,否,是,是,无,,是,否,,,全量 / 人工确认,1,overseas_order_no,7,"code, data, error_details, message, request_id, response_time, total",仓库 / 海外仓 / 海外仓备货单发货,仓库,/docs/Warehouse/SendInbound.md,,lingxing-walmart(2).zip,normalized/interfaces.csv,false
LX-EBADE37CF17C,OFFICIAL_VERIFIED,仓库,海外仓,,获取备货单号,POST,/erp/sc/routing/owms/inbound/listOrderNos,获取备货单号,1,是,否,否,无,,否,否,,,全量 / 人工确认,1,inbound_order_no,9,"code, data, error_details, message, request_id, response_time",仓库 / 海外仓 / 获取备货单号,"仓库, 销售",/docs/Warehouse/listOrderNos.md,,lingxing-walmart(2).zip,normalized/interfaces.csv,false
LX-AAFAE3E2B6D6,OFFICIAL_VERIFIED,仓库,海外仓,,获取第三方SKU标签PDF文件,POST,/erp/sc/routing/owms/inbound/productLabel,支持获取谷仓、西邮智仓、易仓的第三方SKU标签PDF文件,1,是,否,否,无,,否,否,,,全量 / 人工确认,3,"overseas_order_no, product_ids, size",8,"code, data, error_details, message, request_id, response_time",仓库 / 海外仓 / 获取第三方SKU标签PDF文件,"仓库, 产品",/docs/Warehouse/productLabel.md,,lingxing-walmart(2).zip,normalized/interfaces.csv,false
LX-BED54283FB2B,OFFICIAL_VERIFIED,仓库,海外仓,,获取第三方箱唛,POST,/erp/sc/routing/owms/inbound/packageLabel,支持获取谷仓、西邮智仓、易仓的箱唛PDF文件,1,是,否,否,无,,否,否,,,全量 / 人工确认,2,"overseas_order_no, size",8,"code, data, error_details, message, request_id, response_time",仓库 / 海外仓 / 获取第三方箱唛,仓库,/docs/Warehouse/packageLabel.md,,lingxing-walmart(2).zip,normalized/interfaces.csv,false
LX-051118326D63,OFFICIAL_VERIFIED,仓库,装箱管理,,装箱任务-任务列表,POST,/basicOpen/packingTask/list,查询装箱任务列表，支持按仓库、装箱员、装箱情况、单据类型等条件筛选,1,是,否,否,offset/length,200,是,是,"searchFieldTime, startDate, endDate",,按日期分段增量,17,"endDate, length, offset, optUid, packingCon, pickingStatus, printLabel, printTask, relateSnType, searchField, searchFieldTime, searchValue, seniorSearchList, startDate, wid",61,"code, data, error_details, message, request_id, response_time, total",仓库 / 装箱管理 / 装箱任务-任务列表,仓库,/docs/Warehouse/PackingTaskList.md,,lingxing-walmart(2).zip,normalized/interfaces.csv,false
LX-8C46310BDBDA,OFFICIAL_VERIFIED,仓库,装箱管理,,装箱任务-任务详情,POST,/basicOpen/packingTask/taskDetail,装箱任务-任务详情,1,是,否,否,无,,否,否,,,全量 / 人工确认,2,"ptId, taskSn",105,"code, data, error_details, message, request_id, response_time",仓库 / 装箱管理 / 装箱任务-任务详情,仓库,/docs/Warehouse/PackingTaskDetail.md,,lingxing-walmart(2).zip,normalized/interfaces.csv,false
LX-5094B5DD4252,OFFICIAL_VERIFIED,仓库,装箱管理,,装箱任务-删除装箱任务,POST,/basicOpen/packingTask/delTask,装箱任务-删除装箱任务,1,否,是,是,无,,否,否,,,全量 / 人工确认,2,"ptIds, taskSns",6,"code, data, error_details, message, request_id, response_time",仓库 / 装箱管理 / 装箱任务-删除装箱任务,仓库,/docs/Warehouse/PackingTaskDel.md,,lingxing-walmart(2).zip,normalized/interfaces.csv,false
LX-EE7D15BC8C4F,OFFICIAL_VERIFIED,仓库,装箱管理,,装箱任务-单据列表,POST,/basicOpen/packingTask/getRelateSnList,查询可创建装箱任务的列表,1,是,否,否,无,,是,是,"startDate, endDate",,按日期分段增量,5,"endDate, relateSnType, searchField, searchValue, startDate",21,"code, data, error_details, message, request_id, response_time, total",仓库 / 装箱管理 / 装箱任务-单据列表,仓库,/docs/Warehouse/PackingTaskRelateSnList.md,,lingxing-walmart(2).zip,normalized/interfaces.csv,false
LX-9B0AEF588990,OFFICIAL_VERIFIED,仓库,装箱管理,,装箱任务-批量编辑装箱信息,POST,/basicOpen/packingTask/batchEditPackingBox,装箱任务-批量编辑装箱信息,1,否,是,是,其他,,否,否,,,全量后分页,14,"flag, list, boxHeight, boxLength, boxNum, boxProduct, fnsku, ptpiId, quantityInCase, boxWeight, boxWidth, customBoxId, ptbId, snValue",6,"code, data, error_details, message, request_id, response_time",仓库 / 装箱管理 / 装箱任务-批量编辑装箱信息,仓库,/docs/Warehouse/PackingTaskBatchEdit.md,,lingxing-walmart(2).zip,normalized/interfaces.csv,false
LX-DBA03B840847,OFFICIAL_VERIFIED,仓库,装箱管理,,装箱任务-标记已完成,POST,/basicOpen/packingTask/finishTask,装箱任务-标记已完成,1,否,是,是,无,,否,是,needUpdate,,按日期分段增量,2,"needUpdate, snValue",6,"code, data, error_details, message, request_id, response_time",仓库 / 装箱管理 / 装箱任务-标记已完成,仓库,/docs/Warehouse/PackingTaskFinish.md,,lingxing-walmart(2).zip,normalized/interfaces.csv,false
LX-633648A48963,OFFICIAL_VERIFIED,仓库,装箱管理,,装箱任务-生成装箱任务,POST,/basicOpen/packingTask/addTask,装箱任务-生成装箱任务,1,否,否,否,无,,否,否,,,全量 / 人工确认,5,"data, relateSn, sid, relateSnType, wid",8,"code, data, error_details, message, request_id, response_time",仓库 / 装箱管理 / 装箱任务-生成装箱任务,仓库,/docs/Warehouse/PackingTaskAdd.md,,lingxing-walmart(2).zip,normalized/interfaces.csv,false
LX-320D9D20B37C,OFFICIAL_VERIFIED,基础数据,,,下载附件,POST,/erp/sc/routing/common/file/download,支持下载产品附件,1,是,否,否,无,,是,否,,,全量 / 人工确认,1,file_id,10,"code, data, error_details, message, request_id, response_time, total",基础数据 / 下载附件,产品,/docs/BasicData/AttachmentDownload.md,,lingxing-walmart(2).zip,normalized/interfaces.csv,false
LX-99132180876E,OFFICIAL_VERIFIED,基础数据,,,修改我的汇率,POST,/basicOpen/settings/exchangeRate/update,修改我的汇率,1,否,是,是,无,,是,是,date,,按日期分段增量,3,"code, date, my_rate",7,"code, data, error_details, message, request_id, response_time, total",基础数据 / 修改我的汇率,工作台,/docs/BasicData/ExchangeRateUpdate.md,,lingxing-walmart(2).zip,normalized/interfaces.csv,false
LX-A07E627F7B70,OFFICIAL_VERIFIED,基础数据,,,定制化附件下载接口,POST,/erp/sc/routing/customized/file/download,定制化附件下载接口,1,是,否,否,无,,否,否,,,全量 / 人工确认,1,file_id,9,"code, data, error_details, message, request_id, response_time",基础数据 / 下载定制化附件,工作台,/docs/BasicData/CustomAttachmentDownload.md,,lingxing-walmart(2).zip,normalized/interfaces.csv,false
LX-1BE23A99A7E9,OFFICIAL_VERIFIED,基础数据,,,批量修改店铺名称,POST,/erp/sc/data/seller/batchEditSellerName,批量修改店铺名称,1,否,是,是,无,,否,否,,,全量 / 人工确认,3,"sid_name_list, name, sid",13,"code, data, error_details, message, request_id, response_time, totoal",基础数据 / 批量修改店铺名称,工作台,/docs/BasicData/SellerBatchRename.md,,lingxing-walmart(2).zip,normalized/interfaces.csv,false
LX-04CE920F9507,OFFICIAL_VERIFIED,基础数据,,,查询ERP用户信息列表,GET,/erp/sc/data/account/lists,查询得到企业开启的全部ERP账号数据,1,是,否,否,无,,否,否,,,全量 / 人工确认,0,,18,"code, data, error_details, message, response_time",基础数据 / 查询ERP用户信息列表,工作台,/docs/BasicData/AccoutLists.md,,lingxing-walmart(2).zip,normalized/interfaces.csv,false
LX-CDEC1BCCBD6A,OFFICIAL_VERIFIED,基础数据,,,获取国家下的州、省编码,POST,/basicOpen/multiplatform/profit/report/stateList,获取国家下的州、省编码,1,是,否,否,无,,是,否,,,全量 / 人工确认,1,countryCode,11,"code, data, error_details, message, request_id, response_time, total",基础数据 / 获取国家下的州、省编码,工作台,/docs/BasicData/StateList.md,,lingxing-walmart(2).zip,normalized/interfaces.csv,false
LX-3A4304922BAA,OFFICIAL_VERIFIED,多平台,,,WFS货件暂存,POST,/basicOpen/multiplatform/cargo/storage,WFS货件暂存,1,否,否,否,无,,是,是,cargo_goods_list[].expected_arrival_time,,按店铺循环 + 按日期分段增量,27,"cargo_goods_list, box_num, declare_num, expected_arrival_time, gtin, msku, picture_url, product_desc, product_id, product_name, product_type, single_box_num, sku, value_added_service, cargo_remark, inbound_order_id, return_address, address_alias, address_id, city, mobile, postal_code, province, receive_or_delivery_country, receive_or_delivery_country_name, street_detail, store_id",8,"code, data, error_details, message, request_id, response_time, total",多平台 / WFS货件暂存,仓库,/docs/MultiPlatform/V2/multiplatformCargoStorage.md,,lingxing-walmart(2).zip,normalized/interfaces.csv,false
LX-6476F601BDF1,OFFICIAL_VERIFIED,多平台,,,Walmart修改库存,POST,/basicOpen/multiplatform/walmart/publishQueue,Walmart修改库存,1,否,是,是,无,,是,否,,,全量 / 人工确认,4,"data, adjust_value, variant_unique_id, queue_type",13,"code, data, error_details, message, request_id, response_time, total",多平台 / Walmart修改库存,Walmart,/docs/MultiPlatform/V2/WalmartPublishQueue.md,,lingxing-walmart(2).zip,normalized/interfaces.csv,false
LX-A8AF20B777AE,OFFICIAL_VERIFIED,多平台,,,修改平台仓发货单备注,POST,/cepf/warehouse/api/openApi/editPlatfromShippingRemark,修改平台仓发货单备注,1,否,是,是,无,,否,否,,,全量 / 人工确认,2,"remarkContent, shippingListCode",6,"code, data, error_details, message, request_id, response_time",多平台 / 修改平台仓发货单备注,工作台,/docs/MultiPlatform/V2/ModifyPlatformRemark.md,,lingxing-walmart(2).zip,normalized/interfaces.csv,false
LX-1D4F82B9EC6C,OFFICIAL_VERIFIED,多平台,,,创建订单,POST,/pb/mp/order/v2/create,创建多平台店铺手工单，包含自定义平台订单，对应系统中订单类型为“手工订单”类型,10,否,是,是,无,,否,是,"orders[].global_purchase_time, orders[].global_payment_time",,按店铺循环 + 按日期分段增量,41,"custom_fields, character, id, val, orders, address_line1, address_type, amount_currency, buyer_choose_express, buyer_note, city, customer_shipping_amount, customer_tax_amount, global_payment_time, global_purchase_time, items, item_custom_fields, msku, quantity, sku, stock_deduction_type, unit_price, logistics_type_id, order_custom_fields, order_total_amount, platform_order_no, receiver_company_name, receiver_country_code, receiver_name, remark, sender_tax_no, sender_tax_type, shipping_info, base64File, file_name, tms_tracking_no, tms_waybill_no, site_code, wid, platform_code, ...(+1)",11,"code, data, message, request_id, response_time",多平台 / 创建订单,销售,/docs/MultiPlatform/V2/CreateOrdersV2.md,,lingxing-walmart(2).zip,normalized/interfaces.csv,false
LX-72F91B3597A5,OFFICIAL_VERIFIED,多平台,,,删除暂存货件,POST,/basicOpen/multiplatform/deleteCargoStorage,删除暂存货件,1,否,是,是,其他,,是,否,,,全量后分页,1,id,8,"code, data, error_details, message, request_id, response_time, total",多平台 / 删除暂存货件,仓库,/docs/MultiPlatform/V2/DeleteCargoStorage.md,,lingxing-walmart(2).zip,normalized/interfaces.csv,false
LX-B6C99BAA3905,OFFICIAL_VERIFIED,多平台,,,合并订单,POST,/pb/mp/order/v2/mergeOrder,合并订单,10,否,否,否,无,,否,否,,,全量 / 人工确认,2,"order_list, platform_code",11,"code, data, message, request_id, response_time",多平台 / 合并订单,销售,/docs/MultiPlatform/V2/MergeOrder.md,,lingxing-walmart(2).zip,normalized/interfaces.csv,false
LX-D0A92205A559,OFFICIAL_VERIFIED,多平台,,,审核发货,POST,/basicOpen/openapi/multiplatform/order/review,订单管理审核发货，对应系统中订单管理“待审核发货”类型的订单进行审核发货,1,否,是,是,无,,否,否,,,全量 / 人工确认,1,global_order_no,12,"code, data, message, request_id, response_time",多平台 / 审核发货,销售,/docs/MultiPlatform/BatchReview.md,,lingxing-walmart(2).zip,normalized/interfaces.csv,false
LX-E4F62AF71863,OFFICIAL_VERIFIED,多平台,,,平台仓发货单分配库存,POST,/basicOpen/multiplatform/allocate/stock,平台仓发货单分配库存,1,否,是,是,无,,是,否,,,全量 / 人工确认,1,shippingIdList,12,"code, data, error_details, message, request_id, response_time",多平台 / 平台仓发货单分配库存,销售,/docs/MultiPlatform/V2/shippingOrderAllocate.md,,lingxing-walmart(2).zip,normalized/interfaces.csv,false
LX-0EF3921B4688,OFFICIAL_VERIFIED,多平台,,,平台仓发货单发货,POST,/basicOpen/multiplatform/shippingList/delivery,平台仓发货单发货,1,否,是,是,无,,是,否,,,全量 / 人工确认,1,shippingIdList,12,"code, data, error_details, message, request_id, response_time",多平台 / 平台仓发货单发货,销售,/docs/MultiPlatform/V2/shippingOrderDelivery.md,,lingxing-walmart(2).zip,normalized/interfaces.csv,false
LX-1AA8D77AEA04,OFFICIAL_VERIFIED,多平台,,,平台仓发货单拣货,POST,/basicOpen/multiplatform/shippingList/picking,平台仓发货单拣货,1,否,是,是,无,,是,否,,,全量 / 人工确认,1,shippingIdList,12,"code, data, error_details, message, request_id, response_time",多平台 / 平台仓发货单拣货,销售,/docs/MultiPlatform/V2/shippingOrderPicking.md,,lingxing-walmart(2).zip,normalized/interfaces.csv,false
LX-B1D5E5BD6509,OFFICIAL_VERIFIED,多平台,,,快速出库,POST,/pb/mp/order/v2/fastOutbound,"创建一个""快速出库""请求的异步任务，如需获取快速出库结果，请在发送请求额外调用[获取快速出库结果](/docs/MultiPlatform/V2/GetFastOutboundResultV2.md)接口",10,否,否,否,其他,,否,否,,,全量后分页,15,"package, fee_weight, global_order_no, height, length, logistics_freight, logistics_freight_currency_code, logistics_type_id, real_weight, size_unit, tracking_no, waybill_no, weight_unit, wid, width",6,"code, data, message, request_id, response_time, success",多平台 / 快速出库,仓库,/docs/MultiPlatform/V2/FastOutboundV2.md,,lingxing-walmart(2).zip,normalized/interfaces.csv,false
LX-9A6E1D56E418,OFFICIAL_VERIFIED,多平台,,,批量添加、编辑多平台配对关系,POST,/pb/mp/listing/v2/pairMultiPlatform,批量添加、编辑多平台配对关系,10,否,是,是,无,,否,否,,,全量 / 人工确认,4,"pair_multi_platform_list, msku, sku, store_id",10,"code, data, message, request_id, response_time",多平台 / 批量添加/编辑多平台配对关系,工作台,/docs/MultiPlatform/V2/pairMultiPlatformV2.md,,lingxing-walmart(2).zip,normalized/interfaces.csv,false
LX-F05BAD345036,OFFICIAL_VERIFIED,多平台,,,拆分订单,POST,/pb/mp/order/v2/splitOrder,拆分订单,10,否,否,否,无,,否,否,,,全量 / 人工确认,9,"global_order_no, order_item, item_id, msku, order_item_no, pid, platform_order_no, quantity, split_mod",9,"code, data, message, request_id, response_time",多平台 / 拆分订单,销售,/docs/MultiPlatform/V2/SplitOrder.md,,lingxing-walmart(2).zip,normalized/interfaces.csv,false
LX-F9AD2E4B84C4,OFFICIAL_VERIFIED,多平台,,,更新订单客服备注,POST,/pb/mp/order/setRemark,支持更新订单内的【客服备注】,10,否,否,否,无,,否,否,,,全量 / 人工确认,4,"orders, global_order_no, remark, remark_is_append",6,"code, message, request_id, response_time, success",多平台 / 更新订单客服备注,"售后, 销售",/docs/MultiPlatform/V2/mpOrderUpdateV2.md,,lingxing-walmart(2).zip,normalized/interfaces.csv,false
LX-531E7CE81EF4,OFFICIAL_VERIFIED,多平台,,,查询WFS库存列表,POST,/cepf/warehouse/api/openApi/queryWFSInventionPage,查询WFS库存列表,10,是,否,否,offset/length,200,是,否,,,按店铺循环 + 分页,3,"length, offset, store_id",32,"code, data, error_details, message, request_id, response_time",多平台 / 查询WFS库存列表,工作台,/docs/MultiPlatform/V2/QueryWFSInventionPage.md,,lingxing-walmart(2).zip,normalized/interfaces.csv,false
LX-C95DBD64F2A9,OFFICIAL_VERIFIED,多平台,,,查询WFS货件列表,POST,/cepf/warehouse/api/openApi/queryWFSCargoPage,查询WFS货件列表,10,是,否,否,offset/length,200,是,是,"start_time, end_time, update_time_ge, update_time_le, cargo_update_time_ge, cargo_update_time_le",,按店铺循环 + 按日期分段增量,11,"cargo_status_list, cargo_update_time_ge, cargo_update_time_le, end_time, inbound_order_id, length, offset, start_time, store_id, update_time_ge, update_time_le",39,"code, data, error_details, message, request_id, response_time",多平台 / 查询WFS货件列表,仓库,/docs/MultiPlatform/V2/QueryWFSCargoPage.md,,lingxing-walmart(2).zip,normalized/interfaces.csv,false
LX-1074DDF41A1A,OFFICIAL_VERIFIED,多平台,,,查询WFS货件可添加商品列表,POST,/basicOpen/multiplatform/cargo/addCargoGoods/list,支持查询可以在货件内添加所选店铺下可用于WFS配送的商品（需要商品的配送方式为Walmart Fulfilled以及WFS Eligible），数据来源为领星系统下的Walmart在线商品,1,否,是,是,offset/length,200,是,否,,,按店铺循环 + 分页,3,"length, offset, store_id",13,"code, data, error_details, message, request_id, response_time, total",多平台 / 查询WFS货件可添加商品列表,"Walmart, 仓库",/docs/MultiPlatform/V2/addCargoGoodsList.md,,lingxing-walmart(2).zip,normalized/interfaces.csv,false
LX-6EFCDB06A626,OFFICIAL_VERIFIED,多平台,,,查询Walmart Review列表,POST,/basicOpen/multiplatform/walmart/queryCommentList,查询Walmart Review列表,1,是,否,否,pageNum/pageSize,,是,是,"endDate, searchDateField, startDate",,按店铺循环 + 按日期分段增量,9,"endDate, pageNum, pageSize, ratings, searchDateField, searchField, searchValue, startDate, storeIds",35,"code, data, error_details, message, request_id, response_time, total",多平台 / 查询Walmart Review列表,Walmart,/docs/MultiPlatform/WalmartCommentList.md,,lingxing-walmart(2).zip,normalized/interfaces.csv,false
LX-9212623D77EA,OFFICIAL_VERIFIED,多平台,,,查询Walmart在线商品,POST,/basicOpen/multiplatform/walmart/list,查询Walmart在线商品,1,是,否,否,offset/length,200,是,是,"listing_time_field, listing_start_time, listing_end_time",不超过31天,按店铺循环 + 按日期分段增量,11,"fulfillment_types, length, listing_end_time, listing_start_time, listing_time_field, offset, principalUids, search_field, search_single_value, status, store_ids",43,"code, data, error_details, message, request_id, response_time, total",多平台 / 查询Walmart在线商品列表,Walmart,/docs/MultiPlatform/V2/walmartList.md,,lingxing-walmart(2).zip,normalized/interfaces.csv,false
LX-B7DA9DE52C6A,OFFICIAL_VERIFIED,多平台,,,查询可用报告列表 - Walmart Payment,POST,/cepf/fms/openapi/walmartPayment/queryReport,查询可用报告列表 - Walmart Payment,10,是,否,否,无,,否,否,,,全量 / 人工确认,2,"new_report, store_id",10,"code, data, error_details, message, request_id, response_time",多平台 / 查询可用报告列表 - Walmart Payment,Walmart,/docs/MultiPlatform/V2/WalmartPaymentQueryReport.md,,lingxing-walmart(2).zip,normalized/interfaces.csv,false
LX-F8354824E040,OFFICIAL_VERIFIED,多平台,,,查询多平台店铺信息,POST,/pb/mp/shop/v2/getSellerList,支持查询多平台店铺基础信息，其中store_id为多平台店铺唯一,10,是,否,否,offset/length,200,是,否,,,按店铺循环 + 分页,5,"is_sync, length, offset, platform_code, status",15,"code, data, message, request_id, response_time",多平台 / 查询多平台店铺信息,工作台,/docs/MultiPlatform/V2/StoreInfoV2.md,,lingxing-walmart(2).zip,normalized/interfaces.csv,false
LX-2C3EA8AD49D5,OFFICIAL_VERIFIED,多平台,,,查询多平台配对列表,POST,/pb/mp/listing/v2/getPairList,获取多平台系统中【产品】>【配对列表】中数据已配对的数据。该模块数据为多平台MSKU与本地SKU的配对关系,10,否,是,是,offset/length,,是,是,"start_time, end_time",,按店铺循环 + 按日期分段增量,10,"cursor_id, end_time, length, msku, offset, platform_codes, sku, start_time, store_ids, use_cursor",17,"code, data, message, request_id, response_time",多平台 / 查询多平台配对列表,产品,/docs/MultiPlatform/V2/PairListV2.md,,lingxing-walmart(2).zip,normalized/interfaces.csv,false
LX-C99E2D00C76D,OFFICIAL_VERIFIED,多平台,,,查询平台仓发货单列表,POST,/cepf/warehouse/api/openApi/queryShippingListPage,该接口仅支持walmart，现已提供v2接口[查询平台仓发货单列表v2](docs/MultiPlatform/V2/QueryShippingListV2.md)，支持多平台下全部平台的平台仓发货单列表数据,10,否,是,是,offset/length,200,是,是,"start_time, end_time",,按店铺循环 + 按日期分段增量,8,"cargo_code, end_time, length, offset, shipping_list_codes, shipping_list_status, start_time, store_id",115,"code, data, error_details, message, request_id, response_time",多平台 / 查询平台仓发货单列表,Walmart,/docs/MultiPlatform/V2/QueryShippingListPage.md,,lingxing-walmart(2).zip,normalized/interfaces.csv,false
LX-9D5A176AC470,OFFICIAL_VERIFIED,多平台,,,查询平台仓发货单列表v2,POST,/basicOpen/multiplatform/query/shippingList,原接口接口仅支持walmart，现已提供v2接口，支持多平台下全部平台的平台仓发货单列表数据,1,否,是,是,offset/length,,是,是,"timeField, startTime, endTime, updateStartTime, updateEndTime",,按店铺循环 + 按日期分段增量,15,"endTime, isDelete, length, offset, pickingStatus, platformCodes, searchField, searchSingleValue, shippingListStatus, startTime, storeIds, timeField, updateEndTime, updateStartTime, warehouseIds",74,"code, data, error_details, message, request_id, response_time, total",多平台 / 查询平台仓发货单列表v2,Walmart,/docs/MultiPlatform/V2/QueryShippingListV2.md,,lingxing-walmart(2).zip,normalized/interfaces.csv,false
LX-418571887440,OFFICIAL_VERIFIED,多平台,,,查询平台仓发货单详情,POST,/basicOpen/multiplatform/query/shippingDetail,查询平台仓发货单详情,1,否,是,是,无,,否,否,,,全量 / 人工确认,1,shippingListCode,200,"code, data, message",多平台 / 查询平台仓发货单详情,工作台,/docs/MultiPlatform/V2/shippingDetailByCode.md,,lingxing-walmart(2).zip,normalized/interfaces.csv,false
LX-C4DB859443E2,OFFICIAL_VERIFIED,多平台,,,查询平台订单列表,POST,/cepfPlatformOrder/open-api/newPlatformOrder/list,查询平台订单列表,1,是,否,否,pageNum/pageSize,,是,是,"dateType, sortField, startDate, endDate",,按店铺循环 + 按日期分段增量,15,"dateType, deliveryTypeList, endDate, pageNum, pageSize, platformCodeList, searchMultiValue, searchSingleValue, searchType, siteCodeList, sortField, sortType, startDate, statusList, storeIdList",143,"cgCost, code, data, error_details, giftWrappingFee, grossMargin, grossProfit, headCost, logisticsFreight, message, otherCost, outboundCost, platformLogisticsFree, platformOtherFee, platformSubsidy, productDiscount, productTax, productTotalAmount, productTotalAmountTaxIncluded, realPayAmount, request_id, response_time, salesRevenue, shippingFee, shippingFeeDiscount, shippingFeeTaxIncluded, shippingTax, tax, temuOtherFee, temuOtherIncome, temuPlatformOtherFee, temuPlatformPenalty, temuSaleRefund, temuShippingRefund, transactionFee",多平台 / 查询平台订单列表,销售,/docs/MultiPlatform/V2/newPlatformOrderList.md,,lingxing-walmart(2).zip,normalized/interfaces.csv,false
LX-66894A74C546,OFFICIAL_VERIFIED,多平台,,,查询报告详情 - Walmart Payment,POST,/cepf/fms/openapi/walmartPayment/queryPage,查询报告详情 - Walmart Payment,10,是,否,否,offset/length,200,是,是,"report_id, transaction_posted_timestamp_start, transaction_posted_timestamp_end",,按店铺循环 + 按日期分段增量,6,"length, offset, report_id, store_id, transaction_posted_timestamp_end, transaction_posted_timestamp_start",36,"code, data, error_details, message, request_id, response_time",多平台 / 查询报告详情 - Walmart Payment,Walmart,/docs/MultiPlatform/V2/WalmartPaymentQueryPage.md,,lingxing-walmart(2).zip,normalized/interfaces.csv,false
LX-5C93F09C1D1B,OFFICIAL_VERIFIED,多平台,,,查询订单管理订单列表,POST,/pb/mp/order/v2/list,>数据对应多平台管理系统中【订单】>【订单管理】的订单数据，涵盖所有平台自发货订单数据,10,是,否,否,offset/length,500,是,是,"date_type, start_time, end_time",跨度不能超过31天,按店铺循环 + 按日期分段增量,14,"date_type, end_time, global_order_nos, include_delete, length, offset, order_status, platform_code, platform_order_names, platform_order_nos, platform_payment_status, platform_shipping_status, start_time, store_id",159,"code, data, message, request_id, response_time",多平台 / 查询订单管理订单列表,销售,/docs/MultiPlatform/V2/MultiPlatOrderV2.md,,lingxing-walmart(2).zip,normalized/interfaces.csv,false
LX-4BEBA8523762,OFFICIAL_VERIFIED,多平台,,,查询退件地址列表,POST,/basicOpen/multiplatform/address/returnAddressList,查询退件地址列表,1,是,否,否,无,,是,否,,,全量 / 人工确认,1,store_id,18,"code, data, error_details, message, request_id, response_time, total",多平台 / 查询退件地址列表,售后,/docs/MultiPlatform/V2/addressReturnAddressList.md,,lingxing-walmart(2).zip,normalized/interfaces.csv,false
LX-A4FD6B748623,OFFICIAL_VERIFIED,多平台,,,查询销量统计列表v2,POST,/basicOpen/platformStatisticsV2/saleStat/pageList,查询销量统计列表v2,1,是,否,否,其他,,是,是,"start_date, end_date, date_unit",不超过90天,按店铺循环 + 按日期分段增量,8,"data_type, date_unit, end_date, length, page, result_type, sids, start_date",30,"code, data, error_details, message, request_id, response_time, total",多平台 / 查询多平台销量统计v2,运营,/docs/Statistics/PlatformStatisticsSaleStatPageListV2.md,,lingxing-walmart(2).zip,normalized/interfaces.csv,false
LX-25313630C917,OFFICIAL_VERIFIED,多平台,,,标记订单不发货,POST,/pb/mp/order/v2/cancelOrder,标记订单不发货,10,否,是,是,无,,否,否,,,全量 / 人工确认,1,order_list,11,"code, data, message, request_id, response_time",多平台 / 标记订单不发货,销售,/docs/MultiPlatform/V2/CancelOrder.md,,lingxing-walmart(2).zip,normalized/interfaces.csv,false
LX-DCEB8C231969,OFFICIAL_VERIFIED,多平台,,,编辑/更新自发货订单,POST,/pb/mp/order/v2/updateOrder,批量编辑更新【订单管理】模块“待审核”状态订单,10,否,是,是,无,,否,否,,,全量 / 人工确认,29,"order_list, address_info, address_line1, address_line2, address_line3, city, district, doorplate_no, postal_code, receiver_company_name, receiver_country_code, receiver_mobile, receiver_name, receiver_tel, state_or_region, global_order_no, logistics, cod_type, sender_tax_no, sender_tax_type, order_item_list, id, mark, msku, platformOrderNo, price, quantity, sku, type",8,"code, data, message, request_id, response_time",多平台 / 编辑/更新自发货订单,销售,/docs/MultiPlatform/V2/UpdateOrderV2.md,,lingxing-walmart(2).zip,normalized/interfaces.csv,false
LX-3BAA5CBA09DF,OFFICIAL_VERIFIED,多平台,,,编辑订单,POST,/pb/mp/order/editOrder,编辑订单,10,否,是,是,无,,否,否,,,全量 / 人工确认,5,"order_list, global_order_no, logistics, logistics_type_id, sys_wid",8,"code, data, message, request_id, response_time",多平台 / 编辑订单（新版）,销售,/docs/MultiPlatform/V2/EditOrderV2.md,,lingxing-walmart(2).zip,normalized/interfaces.csv,false
LX-2B737D7329A7,OFFICIAL_VERIFIED,多平台,,,获取快速出库结果,POST,/pb/mp/order/v2/getFastOutboundResult,获取快速出库结果,10,是,否,否,无,,否,否,,,全量 / 人工确认,1,global_order_no,12,"code, data, message, request_id, response_time, success",多平台 / 获取快速出库结果,仓库,/docs/MultiPlatform/V2/GetFastOutboundResultV2.md,,lingxing-walmart(2).zip,normalized/interfaces.csv,false
LX-3AE2636790C1,OFFICIAL_VERIFIED,多平台,,,订单发货,POST,/basicOpen/selfShipmentOrder/deliveryGoods,对应订单管理-》发货 操作，对系统订单标记出库，扣减库存,1,否,是,是,无,,是,否,,,全量 / 人工确认,1,order_number_list,13,"code, data, error_details, message, request_id, response_time, total",多平台 / 订单发货,"仓库, 销售",/docs/MultiPlatform/V2/selfShipmentOrderDeliveryGoods.md,,lingxing-walmart(2).zip,normalized/interfaces.csv,false
LX-715956D8FA89,OFFICIAL_VERIFIED,多平台,,,订单称重,POST,/erp/sc/routing/wms/order/setOrderWeighed,订单称重,1,否,否,否,无,,是,否,,,全量 / 人工确认,5,"order_number, pkg_real_weight, pkg_real_weight_unit, sync_product_gross_weight, wo_number",7,"code, data, error_details, message, request_id, response_time, total",多平台 / 订单称重,销售,/docs/MultiPlatform/V2/setOrderWeighed.md,,lingxing-walmart(2).zip,normalized/interfaces.csv,false
LX-06B2902A5005,OFFICIAL_VERIFIED,多平台,,,预发货,POST,/basicOpen/openapi/multiplatform/order/preShipment,订单管理预发货，对应系统中订单管理“待审核发货”类型的订单进行预发货,1,否,是,是,无,,否,否,,,全量 / 人工确认,1,global_order_no,10,"code, data, message, request_id, response_time",多平台 / 预发货,销售,/docs/MultiPlatform/PreShipment.md,,lingxing-walmart(2).zip,normalized/interfaces.csv,false
LX-571E669C2E50,OFFICIAL_VERIFIED,多平台,售后订单,,多平台-Walmart售后订单列表,POST,/basicOpen/openapi/multiplatform/walmart/returnOrder/list,多平台-Walmart售后订单列表,1,是,否,否,pageNum/pageSize,,是,是,"startDate, endDate, dateType, sortField",不超过一年,按店铺循环 + 按日期分段增量,16,"dateType, endDate, fulfilmentTypeList, pageNum, pageSize, returnReasonList, returnStatusList, returnTypeList, searchMultiValue, searchSingleValue, searchType, siteCodeList, sortField, sortType, startDate, storeIdList",44,"code, data, error_details, message, request_id, response_time",多平台 / 售后订单 / 多平台-Walmart售后订单列表,"Walmart, 售后, 销售",/docs/MultiPlatform/V2/WalmartReturnOrderList.md,,lingxing-walmart(2).zip,normalized/interfaces.csv,false
LX-1AD86690E18F,OFFICIAL_VERIFIED,多平台,广告,Walmart广告,查询沃尔玛-广告 - SB广告 - 关键词,POST,/basicOpen/multiplatform/ads/reportKeywordSbList,查询沃尔玛-广告 - SB广告 - 关键词,1,是,否,否,pageNum/pageSize,200,是,是,"endDate, startDate, orderField",间隔不能超过31天,按店铺循环 + 按日期分段增量,14,"adGroupIds, advertiserIds, campaignIds, campaignType, day, endDate, orderField, orderType, pageNum, pageSize, paging, searchText, startDate, status",86,"code, data, error_details, message, request_id, response_time, total",多平台 / 广告 / Walmart广告 / 查询沃尔玛-广告-SB广告-关键词,"Walmart, 广告",/docs/MultiPlatform/Advertisement/walmart-reportKeywordSbList_21.md,,lingxing-walmart(2).zip,normalized/interfaces.csv,false
LX-5182D556071A,OFFICIAL_VERIFIED,多平台,广告,Walmart广告,查询沃尔玛-广告 - SB广告 - 平台,POST,/basicOpen/multiplatform/ads/reportPlatformSbList,查询沃尔玛-广告 - SB广告 - 平台,1,是,否,否,pageNum/pageSize,200,是,是,"endDate, startDate, orderField",间隔不能超过31天,按店铺循环 + 按日期分段增量,15,"adGroupIds, advertiserIds, campaignIds, campaignType, day, endDate, orderField, orderType, pageNum, pageSize, paging, searchText, searchType, startDate, status",53,"code, data, error_details, message, request_id, response_time, total",多平台 / 广告 / Walmart广告 / 查询沃尔玛-广告-SB广告-平台,"Walmart, 广告",/docs/MultiPlatform/Advertisement/walmart-reportPlatformSbList_25.md,,lingxing-walmart(2).zip,normalized/interfaces.csv,false
LX-EAFAEC4B71CF,OFFICIAL_VERIFIED,多平台,广告,Walmart广告,查询沃尔玛-广告 - SB广告 - 广告,POST,/basicOpen/multiplatform/ads/reportAdItemSbList,查询沃尔玛-广告 - SB广告 - 广告,1,是,否,否,pageNum/pageSize,200,是,是,"endDate, startDate, orderField",间隔不能超过31天,按店铺循环 + 按日期分段增量,15,"adGroupIds, advertiserIds, campaignIds, campaignType, day, endDate, orderField, orderType, pageNum, pageSize, paging, searchText, searchType, startDate, status",71,"code, data, error_details, message, request_id, response_time, total",多平台 / 广告 / Walmart广告 / 查询沃尔玛-广告-SB广告-广告,"Walmart, 广告",/docs/MultiPlatform/Advertisement/walmart-reportAdItemSbList_16.md,,lingxing-walmart(2).zip,normalized/interfaces.csv,false
LX-FD59C74A55D7,OFFICIAL_VERIFIED,多平台,广告,Walmart广告,查询沃尔玛-广告 - SB广告 - 广告活动,POST,/basicOpen/multiplatform/ads/reportCampaignSbList,查询沃尔玛-广告 - SB广告 - 广告活动,1,是,否,否,pageNum/pageSize,200,是,是,"endDate, startDate, orderField, realtime",间隔不能超过31天,按店铺循环 + 按日期分段增量,14,"advertiserIds, campaignIds, campaignType, day, endDate, orderField, orderType, pageNum, pageSize, paging, realtime, searchText, startDate, status",83,"code, data, error_details, message, request_id, response_time, total",多平台 / 广告 / Walmart广告 / 查询沃尔玛-广告-SB广告-广告活动,"Walmart, 广告",/docs/MultiPlatform/Advertisement/walmart-reportCampaignSbList_19.md,,lingxing-walmart(2).zip,normalized/interfaces.csv,false
LX-7C855BFAF5AA,OFFICIAL_VERIFIED,多平台,广告,Walmart广告,查询沃尔玛-广告 - SB广告 - 广告组,POST,/basicOpen/multiplatform/ads/reportAdGroupSbList,查询沃尔玛-广告 - SB广告 - 广告组,1,是,否,否,pageNum/pageSize,200,是,是,"endDate, startDate, orderField",间隔不能超过31天,按店铺循环 + 按日期分段增量,14,"advertiserIds, campaignIds, campaignType, day, endDate, orderField, orderType, pageNum, pageSize, paging, searchText, searchType, startDate, status",46,"code, data, error_details, message, request_id, response_time, total",多平台 / 广告 / Walmart广告 / 查询沃尔玛-广告-SB广告-广告组,"Walmart, 广告",/docs/MultiPlatform/Advertisement/walmart-reportAdGroupSbList_15.md,,lingxing-walmart(2).zip,normalized/interfaces.csv,false
LX-6D6235392322,OFFICIAL_VERIFIED,多平台,广告,Walmart广告,查询沃尔玛-广告 - SB广告 - 页面类型,POST,/basicOpen/multiplatform/ads/reportPageTypeSbList,查询沃尔玛-广告 - SB广告 - 页面类型,1,是,否,否,pageNum/pageSize,200,是,是,"endDate, startDate, orderField",间隔不能超过31天,按店铺循环 + 按日期分段增量,16,"adGroupIds, advertiserIds, campaignIds, campaignType, day, endDate, orderField, orderType, pageNum, pageSize, pageType, paging, searchText, searchType, startDate, status",52,"code, data, error_details, message, request_id, response_time, total",多平台 / 广告 / Walmart广告 / 查询沃尔玛-广告-SB广告-页面类型,"Walmart, 广告",/docs/MultiPlatform/Advertisement/walmart-reportPageTypeSbList_24.md,,lingxing-walmart(2).zip,normalized/interfaces.csv,false
LX-434F316A392B,OFFICIAL_VERIFIED,多平台,广告,Walmart广告,查询沃尔玛-广告 - SP广告 - 关键词,POST,/basicOpen/multiplatform/ads/reportKeywordSpList,查询沃尔玛-广告 - SP广告 - 关键词,1,是,否,否,pageNum/pageSize,200,是,是,"endDate, startDate, orderField",间隔不能超过31天,按店铺循环 + 按日期分段增量,14,"adGroupIds, advertiserIds, campaignIds, campaignType, day, endDate, orderField, orderType, pageNum, pageSize, paging, searchText, startDate, status",86,"code, data, error_details, message, request_id, response_time, total",多平台 / 广告 / Walmart广告 / 查询沃尔玛-广告-SP广告-关键词,"Walmart, 广告",/docs/MultiPlatform/Advertisement/walmart-reportKeywordSpList_22.md,,lingxing-walmart(2).zip,normalized/interfaces.csv,false
LX-646C5878A4CE,OFFICIAL_VERIFIED,多平台,广告,Walmart广告,查询沃尔玛-广告 - SP广告 - 平台,POST,/basicOpen/multiplatform/ads/reportPlatformSpList,查询沃尔玛-广告 - SP广告 - 平台,1,是,否,否,pageNum/pageSize,200,是,是,"endDate, startDate, orderField",间隔不能超过31天,按店铺循环 + 按日期分段增量,15,"adGroupIds, advertiserIds, campaignIds, campaignType, day, endDate, orderField, orderType, pageNum, pageSize, paging, searchText, searchType, startDate, status",53,"code, data, error_details, message, request_id, response_time, total",多平台 / 广告 / Walmart广告 / 查询沃尔玛-广告-SP广告-平台,"Walmart, 广告",/docs/MultiPlatform/Advertisement/walmart-reportPlatformSpList_26.md,,lingxing-walmart(2).zip,normalized/interfaces.csv,false
LX-0CB86D55776C,OFFICIAL_VERIFIED,多平台,广告,Walmart广告,查询沃尔玛-广告 - SP广告 - 广告,POST,/basicOpen/multiplatform/ads/reportAdItemSpList,查询沃尔玛-广告 - SP广告 - 广告,1,是,否,否,pageNum/pageSize,200,是,是,"endDate, startDate, orderField",间隔不能超过31天,按店铺循环 + 按日期分段增量,15,"adGroupIds, advertiserIds, campaignIds, campaignType, day, endDate, orderField, orderType, pageNum, pageSize, paging, searchText, searchType, startDate, status",71,"code, data, error_details, message, request_id, response_time, total",多平台 / 广告 / Walmart广告 / 查询沃尔玛-广告-SP广告-广告,"Walmart, 广告",/docs/MultiPlatform/Advertisement/walmart-reportAdItemSpList_17.md,,lingxing-walmart(2).zip,normalized/interfaces.csv,false
LX-058A66EC8E8E,OFFICIAL_VERIFIED,多平台,广告,Walmart广告,查询沃尔玛-广告 - SP广告 - 广告活动,POST,/basicOpen/multiplatform/ads/queryCampaignSpList,查询沃尔玛-广告 - SP广告 - 广告活动,1,是,否,否,pageNum/pageSize,,是,是,"endDate, startDate, orderField",间隔不能超过31天,按店铺循环 + 按日期分段增量,14,"advertiserIds, campaignIds, campaignType, day, endDate, operationSourceType, orderField, orderType, pageNum, pageSize, paging, searchText, startDate, status",72,"code, data, error_details, message, request_id, response_time, total",多平台 / 广告 / Walmart广告 / 查询沃尔玛-广告-SP广告-广告活动,"Walmart, 广告",/docs/MultiPlatform/Advertisement/walmart-CampaignSpList_3.md,,lingxing-walmart(2).zip,normalized/interfaces.csv,false
LX-31720B315BD9,OFFICIAL_VERIFIED,多平台,广告,Walmart广告,查询沃尔玛-广告 - SP广告 - 广告组,POST,/basicOpen/multiplatform/ads/queryGroupSpList,查询沃尔玛-广告 - SP广告 - 广告组,1,是,否,否,pageNum/pageSize,,是,是,"endDate, startDate, orderField",间隔不能超过31天,按店铺循环 + 按日期分段增量,14,"advertiserIds, campaignIds, campaignType, day, endDate, operationSourceType, orderField, orderType, pageNum, pageSize, paging, searchText, startDate, status",46,"code, data, error_details, message, request_id, response_time, total",多平台 / 广告 / Walmart广告 / 查询沃尔玛-广告-SP广告-广告组,"Walmart, 广告",/docs/MultiPlatform/Advertisement/walmart-GroupSpList_9.md,,lingxing-walmart(2).zip,normalized/interfaces.csv,false
LX-5779B4C3F664,OFFICIAL_VERIFIED,多平台,广告,Walmart广告,查询沃尔玛-广告 - SP广告 - 页面类型,POST,/basicOpen/multiplatform/ads/queryPageTypeSPList,查询沃尔玛-广告 - SP广告 - 页面类型,1,是,否,否,pageNum/pageSize,,是,是,"adDatePicker, endDate, startDate",间隔不能超过31天,按日期分段增量,11,"adDatePicker, advertiserIds, campaignIds, campaignType, day, endDate, orderField, orderType, pageNum, pageSize, startDate",33,"code, data, error_details, message, request_id, response_time, total",多平台 / 广告 / Walmart广告 / 查询沃尔玛-广告-SP广告-页面类型,"Walmart, 广告",/docs/MultiPlatform/Advertisement/walmart-PageTypeSPList_10.md,,lingxing-walmart(2).zip,normalized/interfaces.csv,false
LX-DD135F34D7C2,OFFICIAL_VERIFIED,多平台,广告,Walmart广告,查询沃尔玛-广告 - SV广告 - 关键词,POST,/basicOpen/multiplatform/ads/reportKeywordSvList,查询沃尔玛-广告 - SV广告 - 关键词,1,是,否,否,pageNum/pageSize,200,是,是,"endDate, startDate, orderField",间隔不能超过31天,按店铺循环 + 按日期分段增量,14,"adGroupIds, advertiserIds, campaignIds, campaignType, day, endDate, orderField, orderType, pageNum, pageSize, paging, searchText, startDate, status",86,"code, data, error_details, message, request_id, response_time, total",多平台 / 广告 / Walmart广告 / 查询沃尔玛-广告-SV广告-关键词,"Walmart, 广告",/docs/MultiPlatform/Advertisement/walmart-reportKeywordSvList_23.md,,lingxing-walmart(2).zip,normalized/interfaces.csv,false
LX-F47DF22109CA,OFFICIAL_VERIFIED,多平台,广告,Walmart广告,查询沃尔玛-广告 - SV广告 - 平台,POST,/basicOpen/multiplatform/ads/reportPlatformSvList,查询沃尔玛-广告 - SV广告 - 平台,1,是,否,否,pageNum/pageSize,200,是,是,"endDate, startDate, orderField",间隔不能超过31天,按店铺循环 + 按日期分段增量,15,"adGroupIds, advertiserIds, campaignIds, campaignType, day, endDate, orderField, orderType, pageNum, pageSize, paging, searchText, searchType, startDate, status",53,"code, data, error_details, message, request_id, response_time, total",多平台 / 广告 / Walmart广告 / 查询沃尔玛-广告-SV广告-平台,"Walmart, 广告",/docs/MultiPlatform/Advertisement/walmart-reportPlatformSvList_27.md,,lingxing-walmart(2).zip,normalized/interfaces.csv,false
LX-40C3F27491DD,OFFICIAL_VERIFIED,多平台,广告,Walmart广告,查询沃尔玛-广告 - SV广告 - 广告,POST,/basicOpen/multiplatform/ads/reportAdItemSvList,查询沃尔玛-广告 - SV广告 - 广告,1,是,否,否,pageNum/pageSize,200,是,是,"endDate, startDate, orderField",间隔不能超过31天,按店铺循环 + 按日期分段增量,15,"adGroupIds, advertiserIds, campaignIds, campaignType, day, endDate, orderField, orderType, pageNum, pageSize, paging, searchText, searchType, startDate, status",71,"code, data, error_details, message, request_id, response_time, total",多平台 / 广告 / Walmart广告 / 查询沃尔玛-广告-SV广告-广告,"Walmart, 广告",/docs/MultiPlatform/Advertisement/walmart-reportAdItemSvList_18.md,,lingxing-walmart(2).zip,normalized/interfaces.csv,false
LX-86309AAB2BAC,OFFICIAL_VERIFIED,多平台,广告,Walmart广告,查询沃尔玛-广告 - SV广告 - 广告活动,POST,/basicOpen/multiplatform/ads/reportCampaignSvList,查询沃尔玛-广告 - SV广告 - 广告活动,1,是,否,否,pageNum/pageSize,,是,是,"endDate, startDate, orderField",间隔不能超过31天,按店铺循环 + 按日期分段增量,14,"advertiserIds, campaignIds, campaignType, day, endDate, operationSourceType, orderField, orderType, pageNum, pageSize, paging, searchText, startDate, status",83,"code, data, error_details, message, request_id, response_time, total",多平台 / 广告 / Walmart广告 / 查询沃尔玛-广告-SV广告-广告活动,"Walmart, 广告",/docs/MultiPlatform/Advertisement/walmart-reportCampaignSvList_20.md,,lingxing-walmart(2).zip,normalized/interfaces.csv,false
LX-541F3B11E6DE,OFFICIAL_VERIFIED,多平台,广告,Walmart广告,查询沃尔玛-广告 - SV广告 - 广告组,POST,/basicOpen/multiplatform/ads/queryAdGroupSvList,查询沃尔玛-广告 - SV广告 - 广告组,1,是,否,否,pageNum/pageSize,,是,是,"dateKey, endDate, startDate, orderField",间隔不能超过31天,按店铺循环 + 按日期分段增量,17,"advertiserIds, campaignIds, campaignType, companyId, dateKey, day, endDate, operationSourceType, orderField, orderType, pageNum, pageSize, paging, searchText, searchType, startDate, status",46,"code, data, error_details, message, request_id, response_time, total",多平台 / 广告 / Walmart广告 / 查询沃尔玛-广告-SV广告-广告组,"Walmart, 广告",/docs/MultiPlatform/Advertisement/walmart-AdGroupSvList_1.md,,lingxing-walmart(2).zip,normalized/interfaces.csv,false
LX-83BBCE9FCB0E,OFFICIAL_VERIFIED,多平台,广告,Walmart广告,查询沃尔玛-广告 - SV广告 - 页面类型,POST,/basicOpen/multiplatform/ads/queryReportPageTypeSvList,查询沃尔玛-广告 - SV广告 - 页面类型,1,是,否,否,pageNum/pageSize,200,是,是,"endDate, startDate, orderField",间隔不能超过31天,按店铺循环 + 按日期分段增量,18,"adGroupIds, advertiserIds, campaignIds, campaignType, companyId, day, endDate, operationSourceType, orderField, orderType, pageNum, pageSize, pageType, paging, searchText, searchType, startDate, status",52,"code, data, error_details, message, request_id, response_time, total",多平台 / 广告 / Walmart广告 / 查询沃尔玛-广告-SV广告-页面类型,"Walmart, 广告",/docs/MultiPlatform/Advertisement/walmart-ReportPageTypeSvList_11.md,,lingxing-walmart(2).zip,normalized/interfaces.csv,false
LX-48F40DDAE6D3,OFFICIAL_VERIFIED,多平台,广告,Walmart广告,查询沃尔玛-词 - 沃尔玛热门搜索词,POST,/basicOpen/multiplatform/ads/reportSearchTrendsList,查询沃尔玛-词 - 沃尔玛热门搜索词,1,是,否,否,pageNum/pageSize,,是,是,reportDate,,按日期分段增量,12,"itemBrand, itemBrandType, itemQueryField, itemQueryType, itemQueryValue, orderField, orderType, pageNum, pageSize, reportDate, searchKeyword, searchKeywordType",33,"code, data, error_details, message, request_id, response_time, total",多平台 / 广告 / Walmart广告 / 查询沃尔玛-词-沃尔玛热门搜索词,"Walmart, 广告",/docs/MultiPlatform/Advertisement/walmart-reportSearchTrendsList_28.md,,lingxing-walmart(2).zip,normalized/interfaces.csv,false
LX-1DC15769BD57,OFFICIAL_VERIFIED,多平台,广告,Walmart广告,查询沃尔玛广告主列表,POST,/basicOpen/adReport/advertiser/list,查询沃尔玛广告主列表,1,是,否,否,page/limit,,是,否,,,全量后分页,4,"limit, page, paging, searchText",11,"code, data, error_details, message, request_id, response_time",多平台 / 广告 / Walmart广告 / 查询沃尔玛-广告-广告主列表,"Walmart, 广告",/docs/newAd/report/WalmartQueryAdvertiserList.md,,lingxing-walmart(2).zip,normalized/interfaces.csv,false
LX-1524E1C3FF10,OFFICIAL_VERIFIED,多平台,统计,,查询Walmart产品表现,POST,/basicOpen/platformStatistics/walmartProductAnalysis/list,查询Walmart产品表现列表数据，对应系统【统计分析】>【多平台产品表现】>【Walmart】数据,1,是,否,否,pageNum/pageSize,,是,是,"startDate, endDate",,按店铺循环 + 按日期分段增量,18,"adType, attributionWindow, brandIds, categoryIds, currencyCode, dimensionType, endDate, pageNum, pageSize, parentKey, productStatus, searchField, searchValue, sids, siteCodes, sortField, sortType, startDate",157,"code, data, error_details, message, request_id, response_time, total",多平台 / 统计 / 查询Walmart产品表现,"Walmart, 产品, 运营",/docs/MultiPlatform/WalmartProductAnalysisList.md,,lingxing-walmart(2).zip,normalized/interfaces.csv,false
LX-63E99B54ED72,OFFICIAL_VERIFIED,多平台,财务,Walmart财务,Walmart-查询回款明细列表,POST,/basicOpen/multiplatformFinance/walmart/bill/payout/list,Walmart-查询回款明细列表，支持按店铺、站点、账期、时间和金额比较条件查询 Walmart 回款明细。,1,是,否,否,offset/length,200,是,是,"endDate, startDate",,按店铺循环 + 按日期分段增量,19,"compareLogic, currencyCode, endDate, fieldCompares, field, operator, value, hasDifference, length, offset, searchExactly, searchMultiValue, searchSingleValue, searchType, sids, siteCodes, sortField, sortType, startDate",35,"code, data, error_details, message, request_id, response_time",多平台 / 财务 / Walmart财务 / Walmart-查询回款明细列表,"Walmart, 财务",/docs/MultiPlatform/WalmartBillPayoutList.md,,lingxing-walmart(2).zip,normalized/interfaces.csv,false
LX-727003CFF7B4,OFFICIAL_VERIFIED,多平台,财务,Walmart财务,Walmart-查询结算账单列表,POST,/basicOpen/multiplatformFinance/walmart/bill/statement/list,Walmart-查询结算账单列表，支持按订单、商品、账期、交易类型、金额类型和时间范围查询 Walmart 结算账单明细。,1,是,否,否,offset/length,200,是,是,"endDate, startDate",,按店铺循环 + 按日期分段增量,16,"amountTypes, currencyCode, endDate, fulfillmentTypes, length, offset, searchExactly, searchMultiValue, searchSingleValue, searchType, sids, sortField, sortType, startDate, transactionDescriptions, transactionTypes",77,"code, data, error_details, message, request_id, response_time",多平台 / 财务 / Walmart财务 / Walmart-查询结算账单列表,"Walmart, 财务, 销售",/docs/MultiPlatform/WalmartBillStatementList.md,,lingxing-walmart(2).zip,normalized/interfaces.csv,false
LX-5D552F4D7A8D,OFFICIAL_VERIFIED,多平台,财务,利润报表,利润报表-列表配置查询,POST,/basicOpen/finance/profitReport/config,利润报表-列表配置查询,1,是,否,否,无,,是,否,,,全量 / 人工确认,0,,25,"code, data, error_details, message, request_id, response_time, total",多平台 / 财务 / 利润报表 / 查询利润报表-列表配置,财务,/docs/Finance/ProfitReportConfig.md,,lingxing-walmart(2).zip,normalized/interfaces.csv,false
LX-0BB27D85E792,OFFICIAL_VERIFIED,多平台,财务,利润报表,利润报表-明细列表查询,POST,/basicOpen/finance/settlement/profitList,利润报表-明细列表查询,1,是,否,否,pageNum/pageSize,200,是,是,"summaryType, startDate, endDate, dateRangeType",,按店铺循环 + 按日期分段增量,25,"areas, brands, categories, countries, currency, dateRangeType, developers, endDate, exportMode, hasOriginalOrder, orderSearchField, orderSearchValues, pageNum, pageSize, platformCodes, queryMode, searchField, searchValues, sids, sortField, sortType, startDate, summaryField, summaryType, transactionTypes",60,"code, data, error_details, message, request_id, response_time, total",多平台 / 财务 / 利润报表 / 查询利润报表-明细列表,财务,/docs/Finance/SettlementProfitList.md,,lingxing-walmart(2).zip,normalized/interfaces.csv,false
LX-DEF946C2CC04,OFFICIAL_VERIFIED,多平台,财务,利润报表（旧）,查询结算利润（利润报表）-msku,POST,/basicOpen/multiplatform/profit/report/msku,查询结算利润（利润报表）-msku,1,是,否,否,offset/length,200,是,是,"startDate, endDate",,按店铺循环 + 按日期分段增量,13,"bids, cids, currencyCode, developers, endDate, length, mids, offset, platformCodeS, searchField, searchValue, sids, startDate",274,"Lazada平台字段补充, Shopee平台字段补充, Temu全托管平台字段补充, TikTok平台字段补充, code, data, eBay平台字段补充, error_details, message, request_id, response_time, total, 沃尔玛平台字段补充",多平台 / 财务 / 利润报表（旧） / 查询结算利润（利润报表）-msku,"财务, 产品",/docs/MultiPlatform/V2/profitReportMsku.md,,lingxing-walmart(2).zip,normalized/interfaces.csv,false
LX-61200503BD63,OFFICIAL_VERIFIED,多平台,财务,利润报表（旧）,查询结算利润（利润报表）-sku,POST,/basicOpen/multiplatform/profit/report/sku,查询结算利润（利润报表）-sku,1,是,否,否,offset/length,,是,是,"startDate, endDate",,按店铺循环 + 按日期分段增量,13,"bids, cids, currencyCode, developers, endDate, length, mids, offset, platformCodeS, searchField, searchValue, sids, startDate",260,"Lazada平台字段补充, Shopee平台字段补充, Temu全托管平台字段补充, TikTok平台字段补充, code, data, eBay平台字段补充, error_details, message, request_id, response_time, total, 沃尔玛平台字段补充",多平台 / 财务 / 利润报表（旧） / 查询结算利润（利润报表）-sku,"财务, 产品",/docs/MultiPlatform/V2/profitReportSku.md,,lingxing-walmart(2).zip,normalized/interfaces.csv,false
LX-77BF3BD27008,OFFICIAL_VERIFIED,多平台,财务,利润报表（旧）,查询结算利润（利润报表）-店铺（旧版）,POST,/basicOpen/multiplatform/profit/report/seller,查询结算利润（利润报表）-店铺（旧版）,1,是,否,否,offset/length,,是,是,"startDate, endDate",,按店铺循环 + 按日期分段增量,8,"currencyCode, endDate, length, mids, offset, platformCodeS, sids, startDate",255,"Lazada平台字段补充, Shopee平台字段补充, Temu全托管平台字段补充, TikTok平台字段补充, code, data, eBay平台字段补充, error_details, message, request_id, response_time, total, 沃尔玛平台字段补充",多平台 / 财务 / 利润报表（旧） / 查询结算利润（利润报表）-店铺,财务,/docs/MultiPlatform/V2/profitReportSeller.md,,lingxing-walmart(2).zip,normalized/interfaces.csv,false
LX-DB6D62E9EE37,OFFICIAL_VERIFIED,多平台,财务,利润报表（旧）,查询结算利润（利润报表）-订单,POST,/basicOpen/multiplatform/profit/report/order,查询结算利润（利润报表）-订单,1,是,否,否,offset/length,,是,是,"searchDateType, startDate, endDate",,按店铺循环 + 按日期分段增量,12,"currencyCode, endDate, length, mids, offset, platformCodeS, searchDateType, searchField, searchValue, sids, startDate, transactionTypeS",266,"Lazada平台字段补充, Shopee平台字段补充, Temu全托管平台字段补充, TikTok平台字段补充, code, data, eBay平台字段补充, error_details, message, request_id, response_time, total, 沃尔玛平台字段补充",多平台 / 财务 / 利润报表（旧） / 查询结算利润（利润报表）-订单,"财务, 销售",/docs/MultiPlatform/V2/profitReportOrder.md,,lingxing-walmart(2).zip,normalized/interfaces.csv,false
LX-51D280C19061,OFFICIAL_VERIFIED,客服,,,判断是否提交人自选,POST,/basicOpen/customerService/workOrder/auditFlow/isUserSelect,判断售后工单审批流是否需要提交人自选审批人。,1,否,是,是,无,,是,否,,,全量 / 人工确认,1,workOrderNos,10,"code, data, error_details, message, request_id, response_time, total",客服 / 判断是否提交人自选,"售后, 销售",/docs/Service/AfterSalesWorkOrderAuditFlowIsUserSelect.md,,lingxing-walmart(2).zip,normalized/interfaces.csv,false
LX-E18C1FFEB32C,OFFICIAL_VERIFIED,客服,,,提交售后工单,POST,/basicOpen/customerService/workOrder/auditFlow/summit,用于提交创建成功后的售后工单。,1,否,是,是,无,,是,否,,,全量 / 人工确认,2,"businessIdList, flowId",13,"code, data, error_details, message, request_id, response_time",客服 / 提交售后工单审批流,"售后, 销售",/docs/Service/AfterSalesWorkOrderAuditFlowSubmit.md,,lingxing-walmart(2).zip,normalized/interfaces.csv,false
LX-A8485DB1E3D3,OFFICIAL_VERIFIED,客服,,,查询RMA管理,POST,/basicOpen/customerService/rmaManage/list,查询RMA管理,1,是,否,否,pageNum/pageSize,,是,是,"searchTimeFiled, startTime, endTime",,按店铺循环 + 按日期分段增量,10,"endTime, pageNum, pageSize, searchField, searchTimeFiled, searchValue, sid, sortColumn, sortType, startTime",38,"code, data, error_details, message, request_id, response_time",客服 / 查询RMA管理,售后,/docs/Service/customerServiceRmaManageList.md,,lingxing-walmart(2).zip,normalized/interfaces.csv,false
LX-CD351FB7F89D,OFFICIAL_VERIFIED,客服,,,查询业绩通知列表,POST,/basicOpen/customerService/performanceNotice/list,查询业绩通知列表,1,是,否,否,offset/length,,是,是,"startDate, endDate",,按店铺循环 + 按日期分段增量,10,"endDate, isRead, length, mailTagIds, offset, searchField, searchValue, sid, startDate, status",25,"code, data, error_details, message, request_id, response_time, total",客服 / 查询业绩通知列表,售后,/docs/Service/PerformanceNoticeList.md,,lingxing-walmart(2).zip,normalized/interfaces.csv,false
LX-EF34B93FBA6A,OFFICIAL_VERIFIED,客服,,,查询买家之声列表,POST,/basicOpen/customerService/voiceOfBuyer/list,查询买家之声列表,1,是,否,否,offset/length,200,是,否,,,按店铺循环 + 分页,8,"fulfillment_channel, length, offset, pxc_health, return_badge, search_field, search_value, sids",30,"code, data, error_details, message, request_id, response_time, total",客服 / 查询买家之声列表,售后,/docs/Service/voiceOfBuyerList.md,,lingxing-walmart(2).zip,normalized/interfaces.csv,false
LX-5470F505D06E,OFFICIAL_VERIFIED,客服,,,查询售后工单列表,POST,/pb/mp/returns/workOrder/list,查询售后工单列表,10,是,否,否,offset/length,500,是,是,"date_type, start_time, end_time",,按日期分段增量,5,"date_type, end_time, length, offset, start_time",50,"code, data, message, request_id, response_time",客服 / 查询售后工单列表,"售后, 销售",/docs/Service/AfterSalesWorkOrderList.md,,lingxing-walmart(2).zip,normalized/interfaces.csv,false
LX-95DD19D356E9,OFFICIAL_VERIFIED,客服,,,查询客户列表（新）,POST,/basicOpen/customerService/crm/customer/index,查询客户列表（新）,1,是,否,否,offset/length,200,是,是,"date_field, start_date, end_date",,按店铺循环 + 按日期分段增量,11,"currency_type, date_field, end_date, length, offset, search_field, search_value, sids, sort_field, sort_type, start_date",33,"code, data, error_details, message, request_id, response_time, total",客服 / 查询客户列表（新）,售后,/docs/Service/customerServiceCrmcustomerIndex.md,,lingxing-walmart(2).zip,normalized/interfaces.csv,false
LX-C1830CE93E50,OFFICIAL_VERIFIED,客服,,,查询客户列表（旧）,POST,/bd/crm/open/api/customer/list,本接口即将下线，请尽快切换到：[查询客户列表（新）](docs/Service/customerServiceCrmcustomerIndex),10,是,否,否,offset/length,,是,是,"time_search_type, start_date, end_date",,按店铺循环 + 按日期分段增量,6,"end_date, length, offset, sids, start_date, time_search_type",25,"code, data, message, request_id, response_time, total",客服 / 查询客户列表（旧）,售后,/docs/Service/CustomerList.md,,lingxing-walmart(2).zip,normalized/interfaces.csv,false
LX-EA8918986608,OFFICIAL_VERIFIED,客服,,,查询店铺绩效列表,POST,/basicOpen/customerService/storeTarget/list,查询店铺绩效列表,1,是,否,否,offset/length,200,是,是,"search_field_time, search_time, anomaly_indicator",,按店铺循环 + 按日期分段增量,6,"anomaly_indicator, length, offset, search_field_time, search_time, sids",21,"code, data, error_details, message, request_id, response_time, total",客服 / 查询店铺绩效列表,售后,/docs/Service/storePerformanceList.md,,lingxing-walmart(2).zip,normalized/interfaces.csv,false
LX-54F0AD822356,OFFICIAL_VERIFIED,客服,,,查询店铺绩效详情,POST,/basicOpen/customerService/storeTarget/detail,查询店铺绩效详情,1,是,否,否,无,,是,是,pullDate,,按店铺循环 + 按日期分段增量,2,"pullDate, sid",122,"code, data, error_details, message, request_id, response_time, total",客服 / 查询店铺绩效详情,售后,/docs/Service/PerformanceNoticeDetail.md,,lingxing-walmart(2).zip,normalized/interfaces.csv,false
LX-D27EF46B3ADF,OFFICIAL_VERIFIED,客服,,,查询评价管理 4-5星Feedback列表,POST,/erp/sc/cs/feedback/list,查询评价管理 4-5星Feedback列表,1,是,否,否,offset/length,,是,是,"start_date, end_date",,按店铺循环 + 按日期分段增量,5,"end_date, length, offset, sid, start_date",22,"code, data, error_details, message, request_id, response_time, total",客服 / 查询评价管理-4-5星Feedback列表,售后,/docs/Service/FeedbackList.md,,lingxing-walmart(2).zip,normalized/interfaces.csv,false
LX-B75C246341A6,OFFICIAL_VERIFIED,客服,,,查询评价统计-Feedback列表,POST,/erp/sc/cs/feedbackReport/lists,查询评价统计-Feedback列表,1,是,否,否,offset/length,,是,是,"start_date, end_date",不超过1年,按日期分段增量,4,"end_date, length, offset, start_date",24,"code, data, error_details, message, request_id, response_time, total",客服 / 查询评价统计-Feedback列表,"售后, 运营",/docs/Service/feedbackLists.md,,lingxing-walmart(2).zip,normalized/interfaces.csv,false
LX-BFDF4705FFBD,OFFICIAL_VERIFIED,客服,,,查询评价统计-Feedback每日新增数,POST,/erp/sc/cs/feedbackReport/detail,查询评价统计-Feedback每日新增数,3,是,否,否,无,,是,是,"start_date, end_date",不超过1年,按店铺循环 + 按日期分段增量,3,"end_date, sid, start_date",14,"code, data, error_details, message, request_id, response_time, total",客服 / 查询评价统计-Feedback每日新增数,"售后, 运营",/docs/Service/feedbackDetail.md,,lingxing-walmart(2).zip,normalized/interfaces.csv,false
LX-2C7CF1CE8AAE,OFFICIAL_VERIFIED,客服,,,查询评价统计-Review列表,GET,/erp/sc/v2/cs/reviewReport/lists,查询评价统计-Review列表,1,是,否,否,offset/length,,是,是,"start_date, end_date",不超过1年,按店铺循环 + 按日期分段增量,5,"end_date, length, offset, sid, start_date",35,"code, data, error_details, message, request_id, response_time, total",客服 / 查询评价统计-Review列表,"售后, 运营",/docs/Service/reviewLists.md,,lingxing-walmart(2).zip,normalized/interfaces.csv,false
LX-2D4837A1809E,OFFICIAL_VERIFIED,客服,,,查询评价统计-Review每日新增数,POST,/erp/sc/cs/reviewReport/detail,查询评价统计-Review每日新增数,3,是,否,否,无,,是,是,"start_date, end_date",不超过1年,按日期分段增量,4,"asin, end_date, mid, start_date",16,"code, data, error_details, message, request_id, response_time, total",客服 / 查询评价统计-Review每日新增数,"售后, 运营",/docs/Service/reviewDetail.md,,lingxing-walmart(2).zip,normalized/interfaces.csv,false
LX-61BD491411AA,OFFICIAL_VERIFIED,客服,,,查询邮件列表,POST,/erp/sc/data/mail/lists,支持查询【邮件消息】列表,1,是,否,否,offset/length,,是,是,"start_date, end_date",,按店铺循环 + 按日期分段增量,6,"email, end_date, flag, length, offset, start_date",16,"code, data, error_details, message, request_id, response_time, total",客服 / 查询邮件列表,售后,/docs/Service/lists.md,,lingxing-walmart(2).zip,normalized/interfaces.csv,false
LX-5F14BE8D2BD0,OFFICIAL_VERIFIED,客服,,,查询邮件详情,POST,/erp/sc/data/mail/detail,支持获取邮件内容详情,3,是,否,否,无,,是,否,,,全量 / 人工确认,1,webmail_uuid,22,"code, data, error_details, message, request_id, response_time, total",客服 / 查询邮件详情,售后,/docs/Service/detail.md,,lingxing-walmart(2).zip,normalized/interfaces.csv,false
LX-4EDA0C221DF4,OFFICIAL_VERIFIED,工具,,,关键词列表,POST,/erp/sc/routing/tool/toolKeywordRank/getKeywordList,关键词列表,1,是,否,否,offset/length,2000,是,是,"start_date, end_date",,按日期分段增量,5,"end_date, length, mid, offset, start_date",29,"code, data, error_details, message, request_id, response_time, total",工具 / 关键词列表,广告,/docs/Tools/GetKeywordList.md,,lingxing-walmart(2).zip,normalized/interfaces.csv,false
LX-001128D990D5,OFFICIAL_VERIFIED,工具,,,查询竞品监控列表,POST,/basicOpen/tool/competitiveMonitor/list,查询竞品监控列表,1,是,否,否,offset/length,200,是,是,"update_time_start, update_time_end",,按日期分段增量,7,"length, levels, offset, search_field, search_value, update_time_end, update_time_start",48,"code, data, error_details, message, request_id, response_time, total",工具 / 查询竞品监控列表,工作台,/docs/Tools/CompetitiveMonitorList.md,,lingxing-walmart(2).zip,normalized/interfaces.csv,false
LX-8DD1FB86D648,OFFICIAL_VERIFIED,工具,,,查询预警消息列表-商品,POST,/basicOpen/settings/warningMessage/goodsList,查询预警消息列表-商品,1,是,否,否,offset/length,200,是,是,"start_date, end_date",不超过90天,按店铺循环 + 按日期分段增量,9,"end_date, length, model_id_list, offset, search_field, search_value, show_status, sids, start_date",32,"code, data, error_details, message, request_id, response_time, total",工具 / 查询预警消息列表-商品,运营,/docs/Tools/warningMessageGoodsList.md,,lingxing-walmart(2).zip,normalized/interfaces.csv,false
LX-8F9A0C4E13C0,OFFICIAL_VERIFIED,工具,,,查询预警消息列表-库存,POST,/basicOpen/settings/warningMessage/inventoryList,查询预警消息列表-库存,1,是,否,否,offset/length,200,是,是,"start_date, end_date",不超过90天,按店铺循环 + 按日期分段增量,7,"end_date, length, model_id_list, offset, product_type_list, show_status, start_date",22,"code, data, error_details, message, request_id, response_time, total",工具 / 查询预警消息列表-库存,"仓库, 运营",/docs/Tools/warningMessageInventoryList.md,,lingxing-walmart(2).zip,normalized/interfaces.csv,false
LX-5852A627B6FE,OFFICIAL_VERIFIED,授权,,,续约接口令牌,POST,/api/auth-server/oauth/refresh,给 access_token 延续有效期，每个refresh_token 只能使用一次,100,否,否,否,无,,否,否,,,全量 / 人工确认,2,"appId, refreshToken",6,"code, data, msg",授权 / 续约接口令牌,工作台,/docs/Authorization/RefreshToken.md,,lingxing-walmart(2).zip,normalized/interfaces.csv,false
LX-9118DDA102D0,OFFICIAL_VERIFIED,授权,,,获取 access-token和refresh-token,POST,/api/auth-server/oauth/access-token,获取 access-token和refresh-token,100,是,否,否,无,,否,否,,,全量 / 人工确认,2,"appId, appSecret",6,"code, data, msg",授权 / 获取接口令牌-access_token,工作台,/docs/Authorization/GetToken.md,,lingxing-walmart(2).zip,normalized/interfaces.csv,false
LX-EE2593BAC4F5,OFFICIAL_VERIFIED,物流,,,FBM物流对账-确认/批量确认,POST,/basicOpen/logistics/logisticsBill/confirm,对FBM物流账单进行确认或批量确认操作,1,否,是,是,无,,否,否,,,全量 / 人工确认,2,"isBatchConfirm, woIds",5,"code, error_details, message, request_id, response_time",物流 / FBM物流对账-确认/批量确认,财务,/docs/Logistics/LogisticsBillConfirm.md,,lingxing-walmart(2).zip,normalized/interfaces.csv,false
LX-081EC270CC8F,OFFICIAL_VERIFIED,物流,,,头程对账列表,POST,/basicOpen/logistics/headLogisticsReconciliation/list,查询头程物流对账列表，对应系统【供应链】>【头程物流对账】数据,1,是,否,否,offset/length,200,是,是,"searchFieldTime, startDate, endDate",,按店铺循环 + 按日期分段增量,17,"businessCodeArr, coeffVariation, endDate, length, logisticsChannelId, logisticsProviderId, offset, payStatus, searchField, searchFieldTime, searchValue, seniorSearchList, shippingMethodIds, sidsArr, startDate",36,"code, data, error_details, message, request_id, response_time, total",物流 / 头程对账列表,工作台,/docs/Logistics/HeadLogisticsReconciliationList.md,,lingxing-walmart(2).zip,normalized/interfaces.csv,false
LX-F83A1BAC3521,OFFICIAL_VERIFIED,物流,,,批量添加头程物流商,POST,/erp/sc/routing/tms/FirstVessel/addProviders,支持批量创建头程物流商到领星ERP,1,否,是,是,无,,是,否,,,全量 / 人工确认,4,"providersData, code, logistics_provider_name, remark",8,"code, data, error_details, message, request_id, response_time, total",物流 / 批量添加头程物流商,工作台,/docs/Logistics/AddProviders.md,,lingxing-walmart(2).zip,normalized/interfaces.csv,false
LX-AF600FDF4D6E,OFFICIAL_VERIFIED,物流,,,批量添加头程物流方式,POST,/erp/sc/routing/tms/FirstVessel/addChannels,支持批量添加头程物流方式到领星ERP，对应系统功能【物流】>【头程物流】>【物流渠道】,1,否,是,是,无,,是,否,,,全量 / 人工确认,9,"channelsData, billing, billing_type, channel_name, logistics_provider_id, remark, valid_period, volume_calc_param, zip_code",8,"code, data, error_details, message, request_id, response_time, total",物流 / 批量添加头程物流方式,工作台,/docs/Logistics/AddChannels.md,,lingxing-walmart(2).zip,normalized/interfaces.csv,false
LX-E95A3442D310,OFFICIAL_VERIFIED,物流,,,查询头程物流渠道列表,POST,/erp/sc/data/local_inventory/channelList,对应系统【物流】-》【头程物流】-》【物流渠道】数据,1,是,否,否,offset/length,,是,否,,,全量后分页,2,"length, offset",32,"code, data, error_details, message, request_id, response_time, total",物流 / 查询头程物流渠道列表,工作台,/docs/Logistics/ChannelList.md,,lingxing-walmart(2).zip,normalized/interfaces.csv,false
LX-043952293C81,OFFICIAL_VERIFIED,物流,,,查询已启用的自发货物流方式,POST,/erp/sc/routing/wms/WmsLogistics/listUsedLogisticsType,支持查询已启用的自发货物流方式，对应系统【物流】>【物流管理】当中的 API 物流、三方仓物流、平台物流、自定义物流列表,1,否,是,是,其他,,是,否,,,全量后分页,4,"param, length, page, provider_type",13,"code, data, error_details, message, request_id, response_time, total",物流 / 查询已启用的自发货物流方式,工作台,/docs/Logistics/listUsedLogisticsType.md,,lingxing-walmart(2).zip,normalized/interfaces.csv,false
LX-725F26FDC523,OFFICIAL_VERIFIED,物流,,,查询物流-头程物流商,POST,/basicOpen/logistics/headLogisticsProvider/query/list,支持查询物流-头程物流商，默认返回已启用现结api对接的物流商。,1,是,否,否,其他,,是,否,,,全量后分页,8,"search, enabled, isAuth, length, page, payMethod, searchField, searchValue",25,"code, data, error_details, message, request_id, response_time, total",物流 / 查询头程物流商列表,工作台,/docs/Logistics/QueryHeadLogisticsProvider.md,,lingxing-walmart(2).zip,normalized/interfaces.csv,false
LX-7F9838344C2B,OFFICIAL_VERIFIED,物流,,,查询运输方式列表,POST,/basicOpen/businessConfig/transportMethod/list,支持查询自定义运输方式，对应系统【设置】>【业务配置】>【物流】当中的运输方式,1,是,否,否,无,,是,否,,,全量 / 人工确认,0,,19,"code, data, error_details, message, request_id, response_time, total",物流 / 查询运输方式列表,工作台,/docs/Logistics/transportMethodList.md,,lingxing-walmart(2).zip,normalized/interfaces.csv,false
LX-65E684431831,OFFICIAL_VERIFIED,目标管理,,,店铺维度-删除目标,POST,/bd/goal/management/open/store/batchDelete,店铺维度-删除目标,10,否,是,是,无,,否,否,,,全量 / 人工确认,2,"assessYear, sids",4,"code, data, msg, traceId",目标管理 / 店铺维度-批量删除目标,运营,/docs/TargetManage/StoreBatchDelete.md,,lingxing-walmart(2).zip,normalized/interfaces.csv,false
LX-532ADAD560E1,OFFICIAL_VERIFIED,目标管理,,,店铺维度-新增/更新目标,POST,/bd/goal/management/open/store/batchOperate,店铺维度-新增/更新目标,10,否,否,否,无,,否,否,,,全量 / 人工确认,17,"assessYear, currencyCode, goalList, amount1, amount10, amount11, amount12, amount2, amount3, amount4, amount5, amount6, amount7, amount8, amount9, sid, operateType",6,"code, data, msg, traceId",目标管理 / 店铺维度-批量新增/更新目标,运营,/docs/TargetManage/StoreBatchOperate.md,,lingxing-walmart(2).zip,normalized/interfaces.csv,false
LX-C3C3157EC484,OFFICIAL_VERIFIED,目标管理,,,店铺维度-查询目标,POST,/bd/goal/management/open/store/batchSelect,店铺维度-查询目标,10,是,否,否,无,,否,否,,,全量 / 人工确认,1,assessYear,55,"code, data, msg, traceId",目标管理 / 店铺维度-批量查询目标,运营,/docs/TargetManage/StoreBatchSelect.md,,lingxing-walmart(2).zip,normalized/interfaces.csv,false
LX-D4AEBED1B7C5,OFFICIAL_VERIFIED,目标管理,,,负责人维度-删除目标,POST,/bd/goal/management/open/user/batchDelete,负责人维度-删除目标,10,否,是,是,无,,否,否,,,全量 / 人工确认,3,"assessType, assessYear, uidList",4,"code, data, msg, traceId",目标管理 / 组织维度-批量删除目标,运营,/docs/TargetManage/UserBatchDelete.md,,lingxing-walmart(2).zip,normalized/interfaces.csv,false
LX-81721F0D55C3,OFFICIAL_VERIFIED,目标管理,,,负责人维度-新增/更新目标,POST,/bd/goal/management/open/user/batchOperate,负责人维度-新增/更新目标,10,否,否,否,无,,否,否,,,全量 / 人工确认,18,"assessType, assessYear, currencyCode, operateType, userGoalList, uid, value1, value10, value11, value12, value2, value3, value4, value5, value6, value7, value8, value9",6,"code, data, msg, traceId",目标管理 / 组织维度-批量新增/更新目标,运营,/docs/TargetManage/UserBatchOperate.md,,lingxing-walmart(2).zip,normalized/interfaces.csv,false
LX-CEFFEEDBFB8D,OFFICIAL_VERIFIED,目标管理,,,负责人维度-查询目标,POST,/bd/goal/management/open/user/batchSelect,负责人维度-查询目标,10,是,否,否,无,,否,否,,,全量 / 人工确认,2,"assessType, assessYear",59,"code, data, msg, traceId",目标管理 / 组织维度-批量查询目标,运营,/docs/TargetManage/UserBatchSelect.md,,lingxing-walmart(2).zip,normalized/interfaces.csv,false
LX-7A8CF9DA594A,OFFICIAL_VERIFIED,统计,,,创建报告,POST,/openReport/report/task/createReport,此接口为异步创建,1,否,是,是,无,,否,是,"dataStartTime, dataEndTime",,按店铺循环 + 按日期分段增量,6,"dataEndTime, dataStartTime, mids, reportOptions, reportType, sids",7,"code, data, error_details, message, request_id, response_time",统计 / 创建报告,运营,/docs/Statistics/CreateReport.md,,lingxing-walmart(2).zip,normalized/interfaces.csv,false
LX-F8006AE8F077,OFFICIAL_VERIFIED,统计,,,创建移除订单,POST,/erp/sc/statistic/removalOrder/createAndCommit,创建移除订单,1,否,是,是,无,,是,否,,,全量 / 人工确认,19,"lists, address_line1, address_line2, address_line3, city, country_code, items, msku, sellable_quantity, unsellable_quantity, name, order_type, phone, postal_code, remark, removal_no, sid, state_or_region, sys_wid",7,"code, data, error_details, message, request_id, response_time, total",统计 / 创建移除订单,"销售, 运营",/docs/Statistics/CreateRemovalOrder.md,,lingxing-walmart(2).zip,normalized/interfaces.csv,false
LX-0070B9951962,OFFICIAL_VERIFIED,统计,,,库存报表-本地仓-历史报表-明细,POST,/erp/sc/routing/inventoryLog/WareHouseReport/getLocalWareHouseDetailList,库存报表-本地仓-历史报表-明细,1,是,否,否,offset/length,,是,是,"start_date, end_date",,按日期分段增量,5,"end_date, length, offset, start_date, sys_wid",62,"code, data, error_details, message, request_id, response_time, total",统计 / 库存报表-本地仓-历史报表-明细,运营,/docs/Statistics/LocalDetailList.md,,lingxing-walmart(2).zip,normalized/interfaces.csv,false
LX-171BF687A225,OFFICIAL_VERIFIED,统计,,,库存报表-本地仓-历史报表-汇总,POST,/erp/sc/routing/inventoryLog/WareHouseReport/getLocalWareHouseSummaryList,库存报表-本地仓-历史报表-汇总,1,是,否,否,无,,是,是,"start_date, end_date",,按日期分段增量,3,"end_date, start_date, sys_wid",50,"code, data, error_details, message, request_id, response_time, total",统计 / 库存报表-本地仓-历史报表-汇总,运营,/docs/Statistics/LocalAggregateList.md,,lingxing-walmart(2).zip,normalized/interfaces.csv,false
LX-FCDF84763AAF,OFFICIAL_VERIFIED,统计,,,库存报表-本地仓-新报表-明细,POST,/inventory/center/openapi/storageReport/local/detail/page,库存报表-本地仓-新报表-明细,3,是,否,否,offset/length,,是,是,"start_date, end_date",,按日期分段增量,5,"end_date, length, offset, start_date, sys_wid",80,"code, data, message, request_id, response_time, total",统计 / 库存报表-本地仓-新报表-明细,运营,/docs/Statistics/LocalDetailListNew.md,,lingxing-walmart(2).zip,normalized/interfaces.csv,false
LX-5891B9352423,OFFICIAL_VERIFIED,统计,,,库存报表-本地仓-新报表-汇总,POST,/inventory/center/openapi/storageReport/local/aggregate/list,库存报表-本地仓-新报表-汇总,3,是,否,否,无,,否,是,"start_date, end_date",,按日期分段增量,3,"end_date, start_date, sys_wid",67,"code, data, error_details, message, request_id, response_time",统计 / 库存报表-本地仓-新报表-汇总,运营,/docs/Statistics/LocalAggregateListNew.md,,lingxing-walmart(2).zip,normalized/interfaces.csv,false
LX-3D1F244FB7C8,OFFICIAL_VERIFIED,统计,,,库存报表-海外仓-历史报表-明细,POST,/erp/sc/routing/inventoryLog/WareHouseReport/getOverSeaDetailList,库存报表-海外仓-历史报表-明细,1,是,否,否,offset/length,,是,是,"start_date, end_date",,按日期分段增量,5,"end_date, length, offset, start_date, sys_wid",64,"code, data, error_details, message, request_id, response_time, total",统计 / 库存报表-海外仓-历史报表-明细,运营,/docs/Statistics/OverseasDetailList.md,,lingxing-walmart(2).zip,normalized/interfaces.csv,false
LX-A5CE884A505B,OFFICIAL_VERIFIED,统计,,,库存报表-海外仓-历史报表-汇总,POST,/erp/sc/routing/inventoryLog/WareHouseReport/getOverSeaSummaryList,库存报表-海外仓-历史报表-汇总,1,是,否,否,无,,是,是,"start_date, end_date",,按日期分段增量,3,"end_date, start_date, sys_wid",55,"code, data, error_details, message, request_id, response_time, total",统计 / 库存报表-海外仓-历史报表-汇总,运营,/docs/Statistics/OverseasAggregateList.md,,lingxing-walmart(2).zip,normalized/interfaces.csv,false
LX-8116408E9FBA,OFFICIAL_VERIFIED,统计,,,库存报表-海外仓-新报表-明细,POST,/inventory/center/openapi/storageReport/overseas/detail/page,库存报表-海外仓-新报表-明细,3,是,否,否,offset/length,,是,是,"start_date, end_date",,按日期分段增量,5,"end_date, length, offset, start_date, sys_wid",85,"code, data, error_details, message, request_id, response_time, total",统计 / 库存报表-海外仓-新报表-明细,运营,/docs/Statistics/OverseasDetailListNew.md,,lingxing-walmart(2).zip,normalized/interfaces.csv,false
LX-CD4E8AC1BDC2,OFFICIAL_VERIFIED,统计,,,库存报表-海外仓-新报表-汇总,POST,/inventory/center/openapi/storageReport/overseas/aggregate/list,库存报表-海外仓-新报表-汇总,3,是,否,否,无,,否,是,"start_date, end_date",,按日期分段增量,3,"end_date, start_date, sys_wid",71,"code, data, error_details, message, request_id, response_time",统计 / 库存报表-海外仓-新报表-汇总,运营,/docs/Statistics/OverseasAggregateListNew.md,,lingxing-walmart(2).zip,normalized/interfaces.csv,false
LX-3D58C3293860,OFFICIAL_VERIFIED,统计,,,查询利润统计-MSKU,POST,/bd/profit/statistics/open/msku/list,支持查询新版利润统计的MSKU维度,10,是,否,否,offset/length,10000,是,是,"startDate, endDate",,按店铺循环 + 按日期分段增量,9,"currencyCode, endDate, length, mids, offset, searchField, searchValue, sids, startDate",199,"code, data, msg",统计 / 查询利润统计-MSKU,"财务, 产品, 运营",/docs/Statistics/statisticsOpenMSKU.md,,lingxing-walmart(2).zip,normalized/interfaces.csv,false
LX-A5F6A7E6639A,OFFICIAL_VERIFIED,统计,,,查询利润统计-店铺,POST,/bd/profit/statistics/open/seller/list,支持查询新版利润统计的店铺维度,10,是,否,否,offset/length,10000,是,是,"startDate, endDate",,按店铺循环 + 按日期分段增量,7,"currencyCode, endDate, length, mids, offset, sids, startDate",179,"code, data, msg",统计 / 查询利润统计-店铺,"财务, 运营",/docs/Statistics/statisticsOpenSeller.md,,lingxing-walmart(2).zip,normalized/interfaces.csv,false
LX-F9F6C21DEC55,OFFICIAL_VERIFIED,统计,,,查询利润统计（旧）-MSKU,POST,/erp/sc/routing/finance/ProfitStatis/profitMsku,支持查询系统【统计】>【利润统计】中MSKU维度数据,1,是,否,否,offset/length,200,是,是,"start_date, end_date",,按店铺循环 + 按日期分段增量,8,"currency_type, end_date, length, offset, sids, sort_field, sort_type, start_date",37,"code, data, error_details, message, request_id, response_time, total",统计 / 查询利润统计（旧）-MSKU,"财务, 产品, 运营",/docs/Statistics/ProfitMsku.md,,lingxing-walmart(2).zip,normalized/interfaces.csv,false
LX-1C7C9C7B770D,OFFICIAL_VERIFIED,统计,,,查询店铺汇总销量,POST,/erp/sc/data/sales_report/sales,支持按店铺维度查询店铺销量、销售额,5,是,否,否,offset/length,,否,是,"start_date, end_date",,按店铺循环 + 按日期分段增量,5,"end_date, length, offset, sid, start_date",14,"code, data, error_details, message, request_id, response_time",统计 / 查询店铺汇总销量,"销售, 运营",/docs/Statistics/StoreSales.md,,lingxing-walmart(2).zip,normalized/interfaces.csv,false
LX-FC39BD159D05,OFFICIAL_VERIFIED,统计,,,查询报告,GET,/openReport/report/task/getReport,查询报告,1,是,否,否,无,,否,否,,,全量 / 人工确认,1,reportId,11,"code, data, error_details, message, request_id, response_time",统计 / 查询报告,运营,/docs/Statistics/GetReport.md,,lingxing-walmart(2).zip,normalized/interfaces.csv,false
LX-09FE9E838C58,OFFICIAL_VERIFIED,统计,,,查询订单利润-MSKU,POST,/basicOpen/finance/mreport/OrderProfit,唯一键说明：sid+msku,1,是,否,否,offset/length,5000,是,是,"startDate, endDate",,按店铺循环 + 按日期分段增量,8,"currencyCode, endDate, length, offset, searchField, searchValue, sids, startDate",142,"code, data, error_details, message, request_id, response_time, total",统计 / 查询订单利润-MSKU,"财务, 产品, 销售, 运营",/docs/Finance/OrderProfitListMSKU.md,,lingxing-walmart(2).zip,normalized/interfaces.csv,false
LX-93C1FB831AAA,OFFICIAL_VERIFIED,统计,,,查询运营日志,POST,/basicOpen/operateManage/operateLog/list,查询运营日志,1,是,否,否,无,,是,是,"date_type, start_date, end_date",,按店铺循环 + 按日期分段增量,6,"date_type, end_date, search_field, search_value, sids, start_date",26,"code, data, error_details, message, request_id, response_time, total",统计 / 查询运营日志,运营,/docs/Statistics/operateLogList.md,,lingxing-walmart(2).zip,normalized/interfaces.csv,false
LX-8F98CEB43A6D,OFFICIAL_VERIFIED,统计,,,查询运营日志(新),POST,/basicOpen/operateManage/operateLog/list/v2,查询运营日志(新),1,是,否,否,offset/length,,是,是,"start_date, end_date",,按店铺循环 + 按日期分段增量,9,"end_date, length, mids, offset, search_field, search_value, sids, start_date, summary_type",31,"code, data, error_details, message, request_id, response_time, total",统计 / 查询运营日志(新),运营,/docs/Statistics/operateLogV2List.md,,lingxing-walmart(2).zip,normalized/interfaces.csv,false
LX-95A42DA552D3,OFFICIAL_VERIFIED,统计,,,查询采购报表列表 - 产品,POST,/basicOpen/report/purchase/product/list,查询采购报表列表 - 产品,1,是,否,否,offset/length,200,是,是,"start_date, end_date, time_type",,按店铺循环 + 按日期分段增量,8,"end_date, length, offset, search_field, search_value, sids, start_date, time_type",43,"code, data, error_details, message, request_id, response_time, total",统计 / 查询采购报表列表-产品,"采购, 产品, 运营",/docs/Statistics/PurchaseReportProductList.md,,lingxing-walmart(2).zip,normalized/interfaces.csv,false
LX-766F8D291DF3,OFFICIAL_VERIFIED,统计,,,查询采购报表列表 - 供应商,POST,/basicOpen/report/purchase/supplier/list,查询采购报表列表 - 供应商,1,是,否,否,offset/length,200,是,是,"start_date, end_date, time_type",,按日期分段增量,8,"end_date, length, offset, product_type, search_field, search_value, start_date, time_type",41,"code, data, error_details, message, request_id, response_time, total",统计 / 查询采购报表列表-供应商,"采购, 运营",/docs/Statistics/PurchaseReportSupplierList.md,,lingxing-walmart(2).zip,normalized/interfaces.csv,false
LX-DCA6FEF9EA75,OFFICIAL_VERIFIED,统计,,,查询采购报表列表 - 采购员,POST,/basicOpen/report/purchase/buyer/list,查询采购报表列表 - 采购员,1,是,否,否,offset/length,200,是,是,"start_date, end_date, time_type",,按日期分段增量,6,"end_date, length, offset, product_type, start_date, time_type",30,"code, data, error_details, message, request_id, response_time, total",统计 / 查询采购报表列表-采购员,"采购, 运营",/docs/Statistics/PurchaseReportBuyerList.md,,lingxing-walmart(2).zip,normalized/interfaces.csv,false
LX-B5184BA8522B,OFFICIAL_VERIFIED,统计,,,统计-查询退货分析,POST,/basicOpen/salesAnalysis/returnOrder/analysisLists,支持统计-查询退货分析,1,是,否,否,offset/length,,是,是,"endDate, startDate, dateType",最多支持366天,按店铺循环 + 按日期分段增量,13,"asinType, dateType, endDate, length, mids, offset, principalUid, searchField, searchValue, sortField, sortType, startDate, storeId",84,"code, data, error_details, message, request_id, response_time, total",统计 / 查询退货分析,"售后, 销售, 运营",/docs/Statistics/ReturnOrderAnalysisLists.md,,lingxing-walmart(2).zip,normalized/interfaces.csv,false
LX-6EA203F42077,OFFICIAL_VERIFIED,财务,,,作废费用单,POST,/bd/fee/management/open/feeManagement/otherFee/discard,作废费用单,1,否,是,是,无,,否,否,,,全量 / 人工确认,1,numbers,3,"code, data, msg",财务 / 作废费用单,财务,/docs/Finance/feeManagementDiscard.md,,lingxing-walmart(2).zip,normalized/interfaces.csv,false
LX-7ED46019A235,OFFICIAL_VERIFIED,财务,,,创建费用单,POST,/bd/fee/management/open/feeManagement/otherFee/create,创建费用单,1,否,是,是,无,,否,是,fee_items[].date,,按店铺循环 + 按日期分段增量,13,"apportion_rule, dimension, fee_items, currency_code, date, dimension_value, fee, other_fee_type_id, remark, sids, is_request_pool, submit_type",3,"code, data, msg",财务 / 创建费用单,财务,/docs/Finance/feeManagementCreate.md,,lingxing-walmart(2).zip,normalized/interfaces.csv,false
LX-1E89A7A2DA3C,OFFICIAL_VERIFIED,财务,,,删除费用单,DELETE,/bd/fee/management/open/feeManagement/otherFee/delete,支持删除 “待提交” 状态的费用单,1,否,是,是,无,,否,否,,,全量 / 人工确认,1,numbers,3,"code, data, msg",财务 / 删除费用单,财务,/docs/Finance/feeManagementDelete.md,,lingxing-walmart(2).zip,normalized/interfaces.csv,false
LX-CEFCD4ABAF61,OFFICIAL_VERIFIED,财务,,,应收报告-列表查询,POST,/bd/sp/api/open/monthly/receivable/report/list,应收报告-列表查询,1,是,否,否,offset/length,,否,否,,,按店铺循环 + 分页,10,"archiveStatus, currencyCode, length, mids, offset, receivedState, settleMonth, sids, sortField, sortType",26,"code, data, message, request_id, response_time",财务 / 应收报告-列表查询,财务,/docs/Finance/receivableReportList.md,,lingxing-walmart(2).zip,normalized/interfaces.csv,false
LX-B30E9E6803D0,OFFICIAL_VERIFIED,财务,,,应收报告-详情-列表,POST,/bd/sp/api/open/monthly/receivable/report/list/detail,应收报告-详情-列表,1,是,否,否,offset/length,,是,否,,,按店铺循环 + 分页,7,"currencyCode, length, offset, searchField, searchValue, settleMonth, sid",19,"code, data, message, request_id, response_time, total",财务 / 应收报告-详情-列表,财务,/docs/Finance/reportListDetail.md,,lingxing-walmart(2).zip,normalized/interfaces.csv,false
LX-0F0DF3FDD859,OFFICIAL_VERIFIED,财务,,,应收报告-详情-基础信息,POST,/bd/sp/api/open/monthly/receivable/report/list/detail/info,应收报告-详情-基础信息,1,是,否,否,无,,否,否,,,全量 / 人工确认,3,"currencyCode, settleMonth, sid",19,"code, data, message, request_id, response_time",财务 / 应收报告-详情-基础信息,财务,/docs/Finance/reportListDetailInfo.md,,lingxing-walmart(2).zip,normalized/interfaces.csv,false
LX-2AD144D844C7,OFFICIAL_VERIFIED,财务,,,查询settlement下载URL,GET,/bd/sp/api/open/settlement/export/url/get,查询settlement下载URL,10,是,否,否,无,,否,否,,,全量 / 人工确认,2,"financial_event_group_id, seller_id",3,"code, data, msg",财务 / 查询settlement下载URL,财务,/docs/Finance/SettlementExportUrlGet.md,,lingxing-walmart(2).zip,normalized/interfaces.csv,false
LX-27FD5B4A5146,OFFICIAL_VERIFIED,财务,,,查询利润报表 - 订单维度transaction视图,POST,/basicOpen/finance/profitReport/order/transcation/list,查询利润报表 - 订单维度transaction视图,1,是,否,否,offset/length,1000,是,是,"searchDateField, startDate, endDate, gmtModifiedStartDate, gmtModifiedEndDate, searchField, orderStatus",,按店铺循环 + 按日期分段增量,22,"accountType, currencyCode, endDate, eventSource, fulfillment, fundTransferStatus, gmtModifiedEndDate, gmtModifiedStartDate, length, mids, offset, orderStatus, principalUids, productDeveloperUids, searchDateField, searchField, searchValue, settlementStatus, sids, sortField, sortType, startDate",81,"code, data, error_details, message, request_id, response_time, total",财务 / 查询利润报表 - 订单维度transaction视图,"财务, 销售",/docs/Finance/profitReportOrderTranscationList.md,,lingxing-walmart(2).zip,normalized/interfaces.csv,false
LX-A453FAE8A107,OFFICIAL_VERIFIED,财务,,,查询利润报表-SKU,POST,/bd/profit/report/open/report/sku/list,查询利润报表-SKU,10,是,否,否,offset/length,10000,是,是,"startDate, endDate",,按店铺循环 + 按日期分段增量,12,"currencyCode, endDate, length, mids, monthlyQuery, offset, orderStatus, searchField, searchValue, sids, startDate, summaryEnabled",204,"code, data, msg",财务 / 查询利润报表-SKU,"财务, 产品",/docs/Finance/bdSKU.md,,lingxing-walmart(2).zip,normalized/interfaces.csv,false
LX-E67765C12B1D,OFFICIAL_VERIFIED,财务,,,查询利润报表-店铺,POST,/bd/profit/report/open/report/seller/list,查询利润报表-店铺,10,是,否,否,offset/length,10000,是,是,"startDate, endDate",,按店铺循环 + 按日期分段增量,10,"currencyCode, endDate, length, mids, monthlyQuery, offset, orderStatus, sids, startDate, summaryEnabled",195,"code, data, msg",财务 / 查询利润报表-店铺,财务,/docs/Finance/bdSeller.md,,lingxing-walmart(2).zip,normalized/interfaces.csv,false
LX-69B7BDB30BF3,OFFICIAL_VERIFIED,财务,,,查询利润报表-店铺月度汇总,POST,/bd/profit/report/open/report/seller/summary/list,查询利润报表-店铺月度汇总,10,是,否,否,无,,否,是,"startDate, endDate",,按店铺循环 + 按日期分段增量,7,"currencyCode, endDate, mids, monthlyQuery, orderStatus, sids, startDate",190,"code, data, msg",财务 / 查询利润报表-店铺月度汇总,财务,/docs/Finance/bdSellerSummary.md,,lingxing-walmart(2).zip,normalized/interfaces.csv,false
LX-F30C3A5673B7,OFFICIAL_VERIFIED,财务,,,查询利润报表-订单,POST,/bd/profit/report/open/report/order/list,本接口即将下线【不再建议使用】，建议使用[查询利润报表 - 订单维度transaction视图](/docs/Finance/profitReportOrderTranscationList),10,是,否,否,offset/length,10000,是,是,"search_date_field, start_date, end_date",,按店铺循环 + 按日期分段增量,15,"account_type, currency_code, description, end_date, event_source, fund_transfer_status, length, mids, offset, search_date_field, search_field, search_value, settlement_status, sids, start_date",59,"code, data, error_details, message, request_id, response_time, total",财务 / 查询利润报表-订单,"财务, 销售",/docs/Finance/bdOrder.md,,lingxing-walmart(2).zip,normalized/interfaces.csv,false
LX-C158E1CD652D,OFFICIAL_VERIFIED,财务,,,查询利润报表（旧） - MSKU,POST,/erp/sc/routing/finance/ProfitState/profitMsku,支持查询系统【财务】>【利润报表】中MSKU维度统计数据,1,是,否,否,offset/length,,是,否,,,按店铺循环 + 分页,5,"currency_type, length, month, offset, sids",128,"code, data, error_details, fifo_type, is_closing_data, message, request_id, response_time, total",财务 / 查询利润报表（旧）-MSKU,"财务, 产品, 运营",/docs/Finance/FianceProfitMsku.md,,lingxing-walmart(2).zip,normalized/interfaces.csv,false
LX-E9129B6BC59E,OFFICIAL_VERIFIED,财务,,,查询利润报表（旧）-结算明细,POST,/erp/sc/routing/finance/ProfitState/profitSettlement,支持查询系统【财务】>【利润报表】>【结算明细】数据,1,是,否,否,offset/length,,是,是,"start_date, end_date, send_date_start, send_date_end",,按店铺循环 + 按日期分段增量,8,"currency_type, end_date, length, offset, send_date_end, send_date_start, sids, start_date",45,"code, list, msg, total",财务 / 查询利润报表（旧）-结算明细,财务,/docs/Finance/profitSettlement.md,,lingxing-walmart(2).zip,normalized/interfaces.csv,false
LX-2454C40DBB80,OFFICIAL_VERIFIED,财务,,,查询广告发票列表,POST,/bd/profit/report/open/report/ads/invoice/list,查询广告发票列表,10,是,否,否,offset/length,,是,是,"invoice_start_time, invoice_end_time",,按店铺循环 + 按日期分段增量,9,"ads_type, invoice_end_time, invoice_start_time, length, mids, offset, search_type, search_value, sids",21,"code, data, error_details, message, request_id, response_time, total",财务 / 查询广告发票列表,"广告, 财务",/docs/Finance/InvoiceList.md,,lingxing-walmart(2).zip,normalized/interfaces.csv,false
LX-7106755764A4,OFFICIAL_VERIFIED,财务,,,查询广告发票基本信息,POST,/bd/profit/report/open/report/ads/invoice/detail,查询广告发票基本信息,10,是,否,否,无,,否,否,,,全量 / 人工确认,2,"invoice_id, sid",15,"code, data, error_details, message, request_id, response_time",财务 / 查询广告发票基本信息,"广告, 财务",/docs/Finance/InvoiceDetail.md,,lingxing-walmart(2).zip,normalized/interfaces.csv,false
LX-A8A460011763,OFFICIAL_VERIFIED,财务,,,查询广告发票活动列表,POST,/bd/profit/report/open/report/ads/invoice/campaign/list,查询广告发票活动列表,10,是,否,否,offset/length,,是,否,,,按店铺循环 + 分页,7,"ads_type, invoice_id, length, offset, search_type, search_value, sid",17,"code, data, error_details, message, request_id, response_time, total",财务 / 查询广告发票活动列表,"广告, 财务",/docs/Finance/InvoiceCampaignList.md,,lingxing-walmart(2).zip,normalized/interfaces.csv,false
LX-FF6962F51900,OFFICIAL_VERIFIED,财务,,,查询收款单列表,POST,/basicOpen/finance/queryReceiptFundsList,支持查询收款单列表,1,是,否,否,offset/length,200,是,是,"endDate, searchFieldTime, startDate",,按日期分段增量,9,"endDate, length, offset, searchField, searchFieldTime, searchValue, seniorSearchList, startDate, status",30,"code, data, error_details, message, request_id, response_time, total",财务 / 查询收款单列表,财务,/docs/Finance/QueryReceiptFundsList.md,,lingxing-walmart(2).zip,normalized/interfaces.csv,false
LX-598C49EB1197,OFFICIAL_VERIFIED,财务,,,查询请款单列表,POST,/basicOpen/finance/requestFunds/order/list,查询请款单列表,1,是,否,否,offset/length,200,是,是,"search_field_time, start_date, end_date",,按日期分段增量,8,"end_date, length, offset, search_field, search_field_time, search_value, start_date, status",38,"code, data, error_details, message, request_id, response_time, total",财务 / 查询请款单列表,"财务, 销售",/docs/Finance/RequestFundsOrderList.md,,lingxing-walmart(2).zip,normalized/interfaces.csv,false
LX-62F91F9CB35B,OFFICIAL_VERIFIED,财务,,,查询请款池 - 货款月结,POST,/basicOpen/finance/requestFundsPool/inbound/list,查询请款池 - 货款月结,1,是,否,否,offset/length,200,是,是,"time_field, start_time, end_time",,按日期分段增量,8,"end_time, length, offset, pay_status, search_field, search_value, start_time, time_field",32,"code, data, error_details, message, request_id, response_time, total",财务 / 查询请款池-货款月结,财务,/docs/Finance/requestFundsPoolInboundList.md,,lingxing-walmart(2).zip,normalized/interfaces.csv,false
LX-92FE8988B86C,OFFICIAL_VERIFIED,财务,,,查询请款池 - 货款现结,POST,/basicOpen/finance/requestFundsPool/purchase/list,查询请款池 - 货款现结,1,是,否,否,offset/length,200,是,是,"time_field, start_time, end_time",,按日期分段增量,8,"end_time, length, offset, pay_status, search_field, search_value, start_time, time_field",45,"code, data, error_details, message, request_id, response_time, total",财务 / 查询请款池-货款现结,"财务, 采购",/docs/Finance/requestFundsPoolPurchaseList.md,,lingxing-walmart(2).zip,normalized/interfaces.csv,false
LX-9C950113F6EA,OFFICIAL_VERIFIED,财务,,,查询请款池 - 货款预付款,POST,/basicOpen/finance/requestFundsPool/prepay/list,查询请款池 - 货款预付款,1,是,否,否,offset/length,200,是,是,"start_time, end_time, time_field",,按日期分段增量,8,"end_time, length, offset, pay_status, search_field, search_value, start_time, time_field",26,"code, data, error_details, message, request_id, response_time, total",财务 / 查询请款池-货款预付款,财务,/docs/Finance/requestFundsPoolPrepayList.md,,lingxing-walmart(2).zip,normalized/interfaces.csv,false
LX-D0E648500CCA,OFFICIAL_VERIFIED,财务,,,查询请款池-其他应付款,POST,/basicOpen/finance/requestFundsPool/customFee/list,查询请款池-其他应付款,1,是,否,否,offset/length,200,是,是,"search_field_time, start_time, end_time",,按日期分段增量,8,"end_time, length, offset, pay_status, search_field, search_field_time, search_value, start_time",41,"code, data, error_details, message, request_id, response_time, total",财务 / 查询请款池-其他应付款,财务,/docs/Finance/requestFundsPoolCustomFeeList.md,,lingxing-walmart(2).zip,normalized/interfaces.csv,false
LX-0A3BA5A66954,OFFICIAL_VERIFIED,财务,,,查询请款池-其他费用,POST,/basicOpen/finance/requestFundsPool/otherFee/list,查询请款池-其他费用,1,是,否,否,offset/length,,是,是,"endTime, startTime, searchFieldTime",,按日期分段增量,10,"endTime, length, offset, purchaserIds, searchField, searchFieldTime, searchValue, startTime, status, supplierIds",48,"code, data, error_details, message, request_id, response_time, total",财务 / 查询请款池-其他费用,财务,/docs/Finance/requestFundsPoolOtherFeeList.md,,lingxing-walmart(2).zip,normalized/interfaces.csv,false
LX-A095838ED68E,OFFICIAL_VERIFIED,财务,,,查询请款池-物流请款,POST,/basicOpen/finance/requestFundsPool/logistics/list,查询请款池-物流请款,1,是,否,否,offset/length,200,是,是,"search_field_time, start_time, end_time",,按日期分段增量,7,"end_time, length, offset, search_field, search_field_time, search_value, start_time",53,"code, data, error_details, message, request_id, response_time, total",财务 / 查询请款池-物流请款,财务,/docs/Finance/requestFundsPoolLogisticsList.md,,lingxing-walmart(2).zip,normalized/interfaces.csv,false
LX-A623F7D01F1B,OFFICIAL_VERIFIED,财务,,,查询费用明细列表,POST,/bd/fee/management/open/feeManagement/otherFee/list,查询费用明细列表,1,是,否,否,offset/length,,是,是,"date_type, start_date, end_date",,按店铺循环 + 按日期分段增量,13,"apportion_status, date_type, dimensions, end_date, length, offset, other_fee_type_ids, search_field, search_value, sids, start_date, status_merge, status_order",41,"code, data, msg",财务 / 查询费用明细列表,财务,/docs/Finance/feeManagementList.md,,lingxing-walmart(2).zip,normalized/interfaces.csv,false
LX-022E3FB1A8C6,OFFICIAL_VERIFIED,财务,,,查询费用类型列表,POST,/bd/fee/management/open/feeManagement/otherFee/type,查询费用类型列表,1,是,否,否,无,,否,否,,,全量 / 人工确认,0,,7,"code, data, msg",财务 / 查询费用类型列表,财务,/docs/Finance/feeManagementType.md,,lingxing-walmart(2).zip,normalized/interfaces.csv,false
LX-D797CA8C373A,OFFICIAL_VERIFIED,财务,,,立即重算-利润报表数据,POST,/bd/profit/report/open/report/settle/compute/manual,立即重算-利润报表数据,10,是,否,否,无,,是,是,date_month,,按日期分段增量,1,date_month,7,"code, data, error_details, message, request_id, response_time, total",财务 / 立即重算-利润报表数据,财务,/docs/Finance/ComputeManual.md,,lingxing-walmart(2).zip,normalized/interfaces.csv,false
LX-20735537E141,OFFICIAL_VERIFIED,财务,,,编辑费用单,POST,/bd/fee/management/open/feeManagement/otherFee/edit,编辑费用单,1,否,是,是,无,,否,是,date,,按店铺循环 + 按日期分段增量,15,"apportion_rule, currency_code, date, dimension, fee_items, dimension_value, fee, fof_id, remark, sids, id, is_request_pool, other_fee_type_id, submit_type",3,"code, data, msg",财务 / 编辑费用单,财务,/docs/Finance/feeManagementEdit.md,,lingxing-walmart(2).zip,normalized/interfaces.csv,false
LX-C3A80433378D,OFFICIAL_VERIFIED,采购,,,作废采购/委外退货单,POST,/basicOpen/purchase/cancelPurchaseReturnOrder,作废采购/委外退货单,1,否,是,是,无,,否,否,,,全量 / 人工确认,2,"cancel_reason, order_sn",6,"code, data, error_details, message, request_id, response_time",采购 / 作废采购/委外退货单,"售后, 采购, 销售",/docs/Purchase/CancelPurchaseReturnOrder.md,,lingxing-walmart(2).zip,normalized/interfaces.csv,false
LX-0BAC0252E36F,OFFICIAL_VERIFIED,采购,,,作废采购单,POST,/erp/sc/routing/purchase/purchase/cancel,允许作废处于 “待审核”、“待下单”、“待到货”、“已完成” 状态下的采购单,1,否,是,是,无,,是,否,,,全量 / 人工确认,3,"is_cancel_relation, order_sn, reason",7,"code, data, error_details, message, request_id, response_time, total",采购 / 作废采购单,采购,/docs/Purchase/Cancel.md,,lingxing-walmart(2).zip,normalized/interfaces.csv,false
LX-78F82D8A146C,OFFICIAL_VERIFIED,采购,,,作废采购计划,POST,/basicOpen/purchase/planCancel,允许作废处于 “待审批”、“待采购”状态下的采购计划,1,否,是,是,无,,是,否,,,全量 / 人工确认,2,"plan_sn, reason",7,"code, data, error_details, message, request_id, response_time, total",采购 / 作废采购计划,采购,/docs/Purchase/PurchasePlanCancel.md,,lingxing-walmart(2).zip,normalized/interfaces.csv,false
LX-D58D9CF7D14C,OFFICIAL_VERIFIED,采购,,,创建已完成的采购变更单,POST,/erp/sc/routing/purchase/purchaseChangeOrder/createPurchaseChangeOrder,支持创建已完成状态的采购变更单，即创建成功后采购单立即变更,1,否,是,是,无,,否,是,product_list[].expect_arrive_time,,按店铺循环 + 按日期分段增量,41,"contact_number, contact_person, fee_part_type, is_tax, new_product_list, cases_num, fnsku, price, product_id, quantity_per_case, quantity_real, remark, sid, tax_rate, opt_uid, order_sn, other_currency, other_fee, payment_method, prepay_percent, product_list, expect_arrive_time, id, purchase_currency, rate, settlement_description, settlement_method, shipping_currency, shipping_price, supplier_id, wid",7,"code, data, error_details, message, request_id, response_time",采购 / 创建已完成的采购变更单,"采购, 销售",/docs/Purchase/createPurchaseChangeOrder.md,,lingxing-walmart(2).zip,normalized/interfaces.csv,false
LX-AB7E08BE0696,OFFICIAL_VERIFIED,采购,,,创建已完成的采购退货单,POST,/erp/sc/routing/purchase/purchase_return_order/createPurchaseReturnOrder,支持创建采购退货单，状态为“已完成”,1,否,是,是,无,,否,是,item_list[].expect_arrive_time,,按日期分段增量,17,"fee_part_type, item_list, deduction_amount, expect_arrive_time, purchase_order_item_id, remark, return_bad_num, return_good_num, other_currency, other_fee, purchase_order_sn, replenish_method, return_method, return_reason, shipping_currency, shipping_price",7,"code, data, error_details, message, request_id, response_time",采购 / 创建已完成的采购退货单,"售后, 采购, 销售",/docs/Purchase/createPurchaseReturnOrder.md,,lingxing-walmart(2).zip,normalized/interfaces.csv,false
LX-4674779EEB39,OFFICIAL_VERIFIED,采购,,,创建待到货的采购单,POST,/erp/sc/routing/purchase/purchase/createPurchaseOrder,支持创建采购单，状态为“待到货”,1,否,是,是,无,,否,是,product_list[].expect_arrive_time,,按店铺循环 + 按日期分段增量,41,"contact_number, contact_person, custom_order_sn, fee_part_type, is_tax, opt_uid, options, is_auto_fill_fnsku, is_auto_fill_store, other_currency, other_fee, payment_method, period_config_key, prepay_percent, product_list, cases_num, expect_arrive_time, fnsku, marketplace_id, plan_sn, price, quantity_per_case, quantity_real, remark, seller_id, sid, sku, tax_rate, purchase_currency, purchaser_id, qc_type, rate, settlement_description, settlement_method, shipping_currency, shipping_price, supplier_id, sys_supplier_id, sys_wid, wid",8,"code, data, error_details, message, request_id, response_time",采购 / 创建待到货的采购单,"采购, 销售",/docs/Purchase/CreatePurchaseOrder.md,,lingxing-walmart(2).zip,normalized/interfaces.csv,false
LX-A4E9258A3B23,OFFICIAL_VERIFIED,采购,,,创建待采购的采购计划,POST,/erp/sc/routing/data/local_inventory/createPurchasePlan,支持创建采购计划，状态为“待采购”,1,否,是,是,无,,否,是,data[].expect_arrive_time,,按店铺循环 + 按日期分段增量,19,"custom_fields, character, id, val, data, cg_uid, expect_arrive_time, fnsku, options, is_auto_fill_fnsku, is_auto_fill_store, purchaser_id, quantity_plan, remark, sid, sku, supplier_id, wid",8,"code, data, error_details, message, request_id, response_time",采购 / 创建待采购的采购计划,采购,/docs/Purchase/createPurchasePlan.md,,lingxing-walmart(2).zip,normalized/interfaces.csv,false
LX-B70161F2CA8D,OFFICIAL_VERIFIED,采购,,,查询供应商列表,POST,/erp/sc/data/local_inventory/supplier,支持查询【采购】>【供应商】中的供应商信息,1,是,否,否,offset/length,,是,否,,,全量后分页,2,"length, offset",55,"code, data, error_details, message, request_id, response_time, total",采购 / 查询供应商列表,采购,/docs/Purchase/Supplier.md,,lingxing-walmart(2).zip,normalized/interfaces.csv,false
LX-96F32A1090F0,OFFICIAL_VERIFIED,采购,,,查询加工计划列表,POST,/basicOpen/openapi/workOrder/processPlanList,支持查询加工计划列表，对应系统【采购】加工计划列表数据。,1,是,否,否,offset/length,200,是,是,"search_time_key, search_time_start, search_time_end",,按日期分段增量,12,"length, lock_status, offset, processing_step, search_key, search_time_end, search_time_key, search_time_start, search_value, senior_search_list, search_field",53,"code, data, error_details, message, request_id, response_time, total",采购 / 查询加工计划列表,"仓库, 采购, 销售",/docs/Warehouse/WorkOrderPlanList.md,,lingxing-walmart(2).zip,normalized/interfaces.csv,false
LX-9BF4536568D4,OFFICIAL_VERIFIED,采购,,,查询委外订单列表,POST,/erp/sc/routing/purchase/purchaseOutsourceOrder/getOrders,查询委外订单列表,1,是,否,否,offset/length,500,是,是,"search_field_time, start_date, end_date",,按日期分段增量,5,"end_date, length, offset, search_field_time, start_date",37,"code, data, error_details, message, request_id, response_time",采购 / 查询委外订单列表,"采购, 销售",/docs/Purchase/getOrders.md,,lingxing-walmart(2).zip,normalized/interfaces.csv,false
LX-D332F931885E,OFFICIAL_VERIFIED,采购,,,查询采购单列表,POST,/erp/sc/routing/data/local_inventory/purchaseOrderList,支持查询采购单列表，对应系统【采购】>【采购单】数据,1,是,否,否,offset/length,500,否,是,"start_date, end_date, search_field_time",,按日期分段增量,8,"custom_order_sn, end_date, length, offset, order_sn, purchase_type, search_field_time, start_date",102,"code, data, error_details, message, request_id, response_time",采购 / 查询采购单列表,"采购, 销售",/docs/Purchase/PurchaseOrderList.md,,lingxing-walmart(2).zip,normalized/interfaces.csv,false
LX-B31DFDC39206,OFFICIAL_VERIFIED,采购,,,查询采购变更单列表,POST,/erp/sc/routing/purchase/purchaseChangeOrder/changeOrderList,查询采购变更单列表,1,是,否,否,offset/length,,是,是,"search_field_time, start_date, end_date",,按日期分段增量,7,"end_date, length, multi_search_field, multi_search_value, offset, search_field_time, start_date",59,"code, data, error_details, message, request_id, response_time",采购 / 查询采购变更单列表,"采购, 销售",/docs/Purchase/changeOrderList.md,,lingxing-walmart(2).zip,normalized/interfaces.csv,false
LX-223398DA3539,OFFICIAL_VERIFIED,采购,,,查询采购方列表,POST,/erp/sc/routing/data/purchaser/lists,查询采购方列表,1,是,否,否,offset/length,,是,否,,,全量后分页,2,"length, offset",14,"code, data, error_details, message, request_id, response_time",采购 / 查询采购方列表,采购,/docs/Purchase/purchaserLists.md,,lingxing-walmart(2).zip,normalized/interfaces.csv,false
LX-03B82747B50A,OFFICIAL_VERIFIED,采购,,,查询采购计划列表,POST,/erp/sc/routing/data/local_inventory/getPurchasePlans,查询采购计划列表,1,是,否,否,offset/length,500,是,是,"search_field_time, start_date, end_date",,按店铺循环 + 按日期分段增量,10,"end_date, is_combo, is_related_process_plan, length, offset, plan_sns, search_field_time, sids, start_date, status",47,"code, data, error_details, message, request_id, response_time, total",采购 / 查询采购计划列表,采购,/docs/Purchase/getPurchasePlans.md,,lingxing-walmart(2).zip,normalized/interfaces.csv,false
LX-853A6501F0BF,OFFICIAL_VERIFIED,采购,,,查询采购退货单列表,POST,/erp/sc/routing/purchase/purchase_return_order/getPurchaseReturnOrderList,查询采购退货单列表,1,是,否,否,offset/length,500,是,是,"search_field_time, start_date, end_date",,按日期分段增量,6,"end_date, length, offset, search_field_time, start_date, status",53,"code, data, error_details, message, request_id, response_time",采购 / 查询采购退货单列表,"售后, 采购, 销售",/docs/Purchase/getPurchaseReturnOrderList.md,,lingxing-walmart(2).zip,normalized/interfaces.csv,false
LX-D181D27E9336,OFFICIAL_VERIFIED,采购,,,添加/修改供应商,POST,/erp/sc/routing/storage/supplier/edit,支持添加、修改供应商信息到系统【采购】>【供应商】中,1,否,是,是,无,,否,否,,,全量 / 人工确认,33,"account_name, address, bank_card_number, contact_number, contact_person, credit_code, email, employees, fax, level, open_bank, payment_account_group, account_id, bank_name, is_default, is_open, key, name, remark, version, payment_method, prepay_percent, purchaser, qq, settlement_description, settlement_method, supplier_code, supplier_id, supplier_name, sys_supplier_id, url",8,"code, data, error_details, message, request_id, response_time",采购 / 添加/修改供应商,采购,/docs/Purchase/SupplierEdit.md,,lingxing-walmart(2).zip,normalized/interfaces.csv,false
LX-0B7D3781D062,OFFICIAL_VERIFIED,采购,,,添加采购单物流信息,POST,/erp/sc/routing/purchase/purchase/addLogistics,支持对“待到货”或“已完成”状态的采购单，添加采购单物流信息,1,否,是,是,无,,是,否,,,全量 / 人工确认,4,"items, logistics_company, logistics_order_no, order_sn",7,"code, data, error_details, message, request_id, response_time, total",采购 / 添加采购单物流信息,采购,/docs/Purchase/addLogistics.md,,lingxing-walmart(2).zip,normalized/interfaces.csv,false
LX-5CD66DB6C0A0,OFFICIAL_VERIFIED,采购,,,编辑采购单备注,POST,/basicOpen/purchase/orderModifyRemark,支持快速编辑采购单的单据备注,1,否,是,是,无,,是,否,,,全量 / 人工确认,2,"order_sns, value",7,"code, data, error_details, message, request_id, response_time, total",采购 / 编辑采购单备注,"采购, 销售",/docs/Purchase/OrderModifyRemark.md,,lingxing-walmart(2).zip,normalized/interfaces.csv,false
LX-09D9FC0B390B,OFFICIAL_VERIFIED,采购,,,编辑采购计划备注（批量）,POST,/basicOpen/purchase/planModifyRemark,支持通过采购计划批次号或采购计划单号批量修改备注,1,否,是,是,无,,是,否,,,全量 / 人工确认,3,"planSns, ppgSns, value",7,"code, data, error_details, message, request_id, response_time, total",采购 / 编辑采购计划备注（批量）,采购,/docs/Purchase/PlanModifyRemark.md,,lingxing-walmart(2).zip,normalized/interfaces.csv,false
LX-583232734D6F,OFFICIAL_VERIFIED,采购,,,采购单下单,POST,/erp/sc/routing/purchase/purchase/setOrders,支持将 “待下单” 状态采购单变更为 “待到货” 状态,1,否,是,是,无,,否,否,,,全量 / 人工确认,1,order_sn,6,"code, data, error_details, message, request_id, response_time",采购 / 采购单下单,"采购, 销售",/docs/Purchase/SetOrders.md,,lingxing-walmart(2).zip,normalized/interfaces.csv,false
LX-500C4287A05E,OFFICIAL_VERIFIED,采购,,,采购单整单结束到货,POST,/basicOpen/purchase/setOrderFinish,采购单整单结束到货,1,否,否,否,无,,否,否,,,全量 / 人工确认,1,orderSn,5,"code, error_details, message, request_id, response_time",采购 / 采购单整单结束到货,"采购, 销售",/docs/Purchase/setOrderFinish.md,,lingxing-walmart(2).zip,normalized/interfaces.csv,false
LX-2077895D6B9A,OFFICIAL_VERIFIED,销售,Listing,,Listing删除商品标签,POST,/basicOpen/listingManage/removeListingAndTag,Listing删除商品标签,1,否,是,是,无,,是,否,,,全量 / 人工确认,4,"bindDetail, relationId, sid, globalTagIds",7,"code, data, error_details, message, request_id, response_time, total",销售 / Listing / Listing删除商品标签,"销售, 运营",/docs/Sale/DeleteGoodsTag.md,,lingxing-walmart(2).zip,normalized/interfaces.csv,false
LX-C79145A7BD7A,OFFICIAL_VERIFIED,销售,Listing,,Listing新增商品标签,POST,/basicOpen/listingManage/bindListingAndTag,Listing新增商品标签,1,否,否,否,无,,是,否,,,全量 / 人工确认,4,"bindDetail, relationId, sid, tagIds",7,"code, data, error_details, message, request_id, response_time, total",销售 / Listing / Listing新增商品标签,"销售, 运营",/docs/Sale/AddGoodsTag.md,,lingxing-walmart(2).zip,normalized/interfaces.csv,false
LX-76CFCB697A50,OFFICIAL_VERIFIED,销售,Listing,,修改B2B价格,POST,/basicOpen/b2bPrice/modifyPrice,修改B2B价格,1,否,是,是,无,,是,否,,,全量 / 人工确认,5,"content, asin, b2b_price, msku, sid",14,"code, data, error_details, message, request_id, response_time, total",销售 / Listing / 修改B2B价格,"销售, 运营",/docs/Sale/b2bPriceModifyPrice.md,,lingxing-walmart(2).zip,normalized/interfaces.csv,false
LX-06BDDD3B9762,OFFICIAL_VERIFIED,销售,Listing,,删除Listing标签,POST,/basicOpen/globalTag/listing/removeTag,删除Listing标签,1,否,是,是,无,,是,否,,,全量 / 人工确认,1,tag_ids,7,"code, data, error_details, message, request_id, response_time, total",销售 / Listing / 删除Listing标签,"销售, 运营",/docs/Sale/globalTagRemoveTag.md,,lingxing-walmart(2).zip,normalized/interfaces.csv,false
LX-A96852EA632C,OFFICIAL_VERIFIED,销售,Listing,,批量修改Listing价格,POST,/erp/sc/listing/ProductPricing/pricingSubmit,支持批量修改Listing价格，价格幅度不超50%,1,否,是,是,无,,是,是,"pricing_params[].start_date, pricing_params[].end_date",,按店铺循环 + 按日期分段增量,7,"pricing_params, end_date, msku, sale_price, sid, standard_price, start_date",14,"code, data, error_details, message, request_id, response_time, total",销售 / Listing / 批量修改Listing价格,"销售, 运营",/docs/Sale/pricingSubmit.md,,lingxing-walmart(2).zip,normalized/interfaces.csv,false
LX-04A6C56A7729,OFFICIAL_VERIFIED,销售,Listing,,批量添加/编辑Listing配对,POST,/erp/sc/storage/product/link,支持推送Listing与本地仓库SKU的配对关系到领星ERP，实现SKU配对,3,否,是,是,无,,是,否,,,全量 / 人工确认,6,"data, is_sync_pic, marketplace_id, msku, seller_id, sku",9,"code, data, error_details, message, request_id, response_time",销售 / Listing / 批量添加/编辑Listing配对,"仓库, 产品, 销售, 运营",/docs/Sale/Productlink.md,,lingxing-walmart(2).zip,normalized/interfaces.csv,false
LX-EB69D6DC93FB,OFFICIAL_VERIFIED,销售,Listing,,查询Listing操作日志列表,POST,/basicOpen/listingManage/listingOperateLog/pageList,查询Listing操作日志列表,1,是,否,否,offset/length,,是,是,"operate_time_start, operate_time_end",,按店铺循环 + 按日期分段增量,8,"length, msku, offset, operate_time_end, operate_time_start, operate_type, operate_uid, sid",13,"code, data, error_details, message, request_id, response_time, total",销售 / Listing / 查询Listing操作日志列表,"销售, 运营",/docs/Sale/listingOperateLogPageList.md,,lingxing-walmart(2).zip,normalized/interfaces.csv,false
LX-71422945ADAC,OFFICIAL_VERIFIED,销售,Listing,,查询Listing标签列表,POST,/basicOpen/globalTag/listing/page/list,查询Listing标签列表,1,是,否,否,offset/length,200,是,否,,,全量后分页,4,"length, offset, search_field, search_value",16,"code, data, error_details, message, request_id, response_time, total",销售 / Listing / 查询Listing标签列表,"销售, 运营",/docs/Sale/globalTagPageList.md,,lingxing-walmart(2).zip,normalized/interfaces.csv,false
LX-80C0100C2D4F,OFFICIAL_VERIFIED,销售,Listing,,查询Listing标记标签列表,POST,/basicOpen/listingManage/queryListingRelationTagList,查询Listing标记标签列表,1,否,是,是,无,,是,否,,,全量 / 人工确认,3,"bind_detail, relation_id, sid",13,"code, data, error_details, message, request_id, response_time, total",销售 / Listing / 查询Listing标记标签列表,"销售, 运营",/docs/Sale/queryListingRelationTagList.md,,lingxing-walmart(2).zip,normalized/interfaces.csv,false
LX-D806EDEB25E4,OFFICIAL_VERIFIED,销售,Listing,,查询调价队列,POST,/basicOpen/module/adjustPrice/AdjustPriceManual,查询调价队列,1,是,否,否,offset/length,500,是,是,"time_type, start_time, end_time",,按店铺循环 + 按日期分段增量,10,"end_time, length, offset, processing_status, search_field, search_value, sid, start_time, tab_status, time_type",50,"code, data, error_details, message, request_id, response_time, total",销售 / Listing / 查询调价队列,"销售, 运营",/docs/Sale/adjustPriceAdjustPriceManual.md,,lingxing-walmart(2).zip,normalized/interfaces.csv,false
LX-1C246F17173F,OFFICIAL_VERIFIED,销售,Listing,,添加Listing标签,POST,/basicOpen/globalTag/listing/addTag,添加Listing标签,1,否,是,是,无,,是,否,,,全量 / 人工确认,1,tag_name,7,"code, data, error_details, message, request_id, response_time, total",销售 / Listing / 添加Listing标签,"销售, 运营",/docs/Sale/globalTagAddTag.md,,lingxing-walmart(2).zip,normalized/interfaces.csv,false
LX-DA41D6369A41,OFFICIAL_VERIFIED,销售,Listing,,解除Listing配对,POST,/basicOpen/listingManage/unLinkListingPairs,支持批量解除Listing配对,1,否,是,是,无,,否,否,,,全量 / 人工确认,3,"list, msku, storeId",5,"code, error_details, message, request_id, response_time",销售 / Listing / 解除Listing配对,"销售, 运营",/docs/Sale/UnlinkListing.md,,lingxing-walmart(2).zip,normalized/interfaces.csv,false
LX-F560D3DA6DF1,OFFICIAL_VERIFIED,销售,促销管理,,查询优惠券详情+listing+订单(批量),POST,/promotionApi/open/promotion/couponAllDetailBatch,查询优惠券详情+listing+订单(批量),1,是,否,否,其他,200,是,否,,,按店铺循环 + 分页,7,"itemList, listingPageNum, listingPageSize, orderPageNum, orderPageSize, promotionId, storeId",79,"code, data, error_details, message, request_id, response_time, total",销售 / 促销管理 / 查询优惠券详情+listing+订单(批量),"销售, 运营",/docs/Sale/promotionCouponAllDetailBatch.md,,lingxing-walmart(2).zip,normalized/interfaces.csv,false
LX-324AF6B69AEF,OFFICIAL_VERIFIED,销售,促销管理,,查询会员折扣or价格折扣详情+listing+订单(批量),POST,/promotionApi/open/promotion/primeDiscountAllDetailBatch,查询会员折扣or价格折扣详情+listing+订单(批量),1,是,否,否,其他,200,是,否,,,按店铺循环 + 分页,7,"itemList, listingPageNum, listingPageSize, orderPageNum, orderPageSize, promotionId, storeId",80,"code, data, error_details, message, request_id, response_time, total",销售 / 促销管理 / 查询会员折扣or价格折扣详情+listing+订单(批量),"销售, 运营",/docs/Sale/promotionPrimeDiscountAllDetailBatch.md,,lingxing-walmart(2).zip,normalized/interfaces.csv,false
LX-2EDE9B89E52C,OFFICIAL_VERIFIED,销售,促销管理,,查询促销活动列表-优惠券,POST,/basicOpen/promotionalActivities/coupon/list,查询促销活动列表-优惠券,1,是,否,否,offset/length,200,是,是,"start_date, end_date",不超过90天,按店铺循环 + 按日期分段增量,5,"end_date, length, offset, sids, start_date",25,"code, data, error_details, message, request_id, response_time, total",销售 / 促销管理 / 查询促销活动列表-优惠券,销售,/docs/Sale/promotionalActivitiesCouponList.md,,lingxing-walmart(2).zip,normalized/interfaces.csv,false
LX-4D53DF8CE668,OFFICIAL_VERIFIED,销售,促销管理,,查询促销活动列表-会员折扣/价格折扣,POST,/basicOpen/promotionalActivities/vipDiscount/list,查询促销活动列表-会员折扣/价格折扣,1,是,否,否,offset/length,200,是,是,"start_date, end_date",不超过90天,按店铺循环 + 按日期分段增量,5,"end_date, length, offset, sids, start_date",20,"code, data, error_details, message, request_id, response_time, total",销售 / 促销管理 / 查询促销活动列表-会员折扣,销售,/docs/Sale/promotionalActivitiesVipDiscountList.md,,lingxing-walmart(2).zip,normalized/interfaces.csv,false
LX-14EF57136BD3,OFFICIAL_VERIFIED,销售,促销管理,,查询促销活动列表-秒杀,POST,/basicOpen/promotionalActivities/secKill/list,查询促销活动列表-秒杀,1,是,否,否,offset/length,200,是,是,"start_date, end_date",不超过90天,按店铺循环 + 按日期分段增量,5,"end_date, length, offset, sids, start_date",27,"code, data, error_details, message, request_id, response_time, total",销售 / 促销管理 / 查询促销活动列表-秒杀,销售,/docs/Sale/promotionalActivitiesSecKillList.md,,lingxing-walmart(2).zip,normalized/interfaces.csv,false
LX-1DC5C91C2FE2,OFFICIAL_VERIFIED,销售,促销管理,,查询促销活动列表-管理促销,POST,/basicOpen/promotionalActivities/manage/list,查询促销活动列表-管理促销,1,是,否,否,offset/length,200,是,是,"start_date, end_date",不超过90天,按店铺循环 + 按日期分段增量,5,"end_date, length, offset, sids, start_date",29,"code, data, error_details, message, request_id, response_time, total",销售 / 促销管理 / 查询促销活动列表-管理促销,销售,/docs/Sale/promotionalActivitiesManageList.md,,lingxing-walmart(2).zip,normalized/interfaces.csv,false
LX-D1E4B7906B42,OFFICIAL_VERIFIED,销售,促销管理,,查询商品折扣列表,POST,/basicOpen/promotion/listingList,查询商品折扣列表,1,是,否,否,offset/length,200,是,是,"site_date, start_time, end_time",不超过90天,按店铺循环 + 按日期分段增量,10,"end_time, is_overlay, length, offset, product_status, promotion_category, sids, site_date, start_time, status",42,"code, data, error_details, message, request_id, response_time, total",销售 / 促销管理 / 查询商品折扣列表,"销售, 运营",/docs/Sale/promotionListingList.md,,lingxing-walmart(2).zip,normalized/interfaces.csv,false
LX-03449E2EC06C,OFFICIAL_VERIFIED,销售,促销管理,,查询商品折扣详情-列表-优惠卷,POST,/basicOpen/promotion/listingDetailCoupon,查询商品折扣详情-列表-优惠卷,1,是,否,否,pageNum/pageSize,,是,是,"startTime, endTime, sortField",,按店铺循环 + 按日期分段增量,10,"endTime, pageNum, pageSize, promotionType, sellerSku, sortField, sortType, startTime, status, storeId",41,"code, data, error_details, message, request_id, response_time, total",销售 / 促销管理 / 查询商品折扣详情-列表-优惠卷,"销售, 运营",/docs/Sale/promotionListingDetailCoupon.md,,lingxing-walmart(2).zip,normalized/interfaces.csv,false
LX-FE476B81237F,OFFICIAL_VERIFIED,销售,促销管理,,查询商品折扣详情-列表-会员折扣,POST,/basicOpen/promotion/listingDetailPrimeDiscount,查询商品折扣详情-列表-会员折扣,1,是,否,否,pageNum/pageSize,,是,是,"startTime, endTime, sortField",,按店铺循环 + 按日期分段增量,10,"endTime, pageNum, pageSize, promotionType, sellerSku, sortField, sortType, startTime, status, storeId",39,"code, data, error_details, message, request_id, response_time, total",销售 / 促销管理 / 查询商品折扣详情-列表-会员折扣,"销售, 运营",/docs/Sale/promotionListingDetailPrimeDiscount.md,,lingxing-walmart(2).zip,normalized/interfaces.csv,false
LX-A404B2104669,OFFICIAL_VERIFIED,销售,促销管理,,查询商品折扣详情-列表-秒杀,POST,/basicOpen/promotion/listingDetailSecKill,查询商品折扣详情-列表-秒杀,1,是,否,否,pageNum/pageSize,,是,是,"startTime, endTime, sortField",,按店铺循环 + 按日期分段增量,10,"endTime, pageNum, pageSize, promotionType, sellerSku, sortField, sortType, startTime, status, storeId",47,"code, data, error_details, message, request_id, response_time, total",销售 / 促销管理 / 查询商品折扣详情-列表-秒杀,"销售, 运营",/docs/Sale/promotionListingDetailSecKill.md,,lingxing-walmart(2).zip,normalized/interfaces.csv,false
LX-020A91A14B42,OFFICIAL_VERIFIED,销售,促销管理,,查询商品折扣详情-列表-管理促销,POST,/basicOpen/promotion/listingDetailManage,查询商品折扣详情-列表-管理促销,1,是,否,否,pageNum/pageSize,,是,是,"startTime, endTime, sortField",,按店铺循环 + 按日期分段增量,10,"endTime, pageNum, pageSize, promotionType, sellerSku, sortField, sortType, startTime, status, storeId",47,"code, data, error_details, message, request_id, response_time, total",销售 / 促销管理 / 查询商品折扣详情-列表-管理促销,"销售, 运营",/docs/Sale/promotionListingDetailManage.md,,lingxing-walmart(2).zip,normalized/interfaces.csv,false
LX-72966FDD4C29,OFFICIAL_VERIFIED,销售,促销管理,,查询秒杀详情+listing+订单(批量),POST,/promotionApi/open/promotion/secKillAllDetailBatch,查询秒杀详情+listing+订单(批量),1,是,否,否,其他,200,是,否,,,按店铺循环 + 分页,7,"itemList, listingPageNum, listingPageSize, orderPageNum, orderPageSize, promotionId, storeId",83,"code, data, error_details, message, request_id, response_time, total",销售 / 促销管理 / 查询秒杀详情+listing+订单(批量),"销售, 运营",/docs/Sale/promotionSecKillAllDetailBatch.md,,lingxing-walmart(2).zip,normalized/interfaces.csv,false
LX-D92C9E37C544,OFFICIAL_VERIFIED,销售,促销管理,,查询管理促销详情+listing+订单(批量),POST,/promotionApi/open/promotion/managementAllDetailBatch,查询管理促销详情+listing+订单(批量),1,是,否,否,其他,200,是,否,,,按店铺循环 + 分页,7,"itemList, listingPageNum, listingPageSize, orderPageNum, orderPageSize, promotionId, storeId",84,"code, data, error_details, message, request_id, response_time, total",销售 / 促销管理 / 查询管理促销详情+listing+订单(批量),"销售, 运营",/docs/Sale/promotionManagementAllDetailBatch.md,,lingxing-walmart(2).zip,normalized/interfaces.csv,false
LX-C76D747AD0DA,OFFICIAL_VERIFIED,销售,刊登管理,,刊登管理-获取指定 productType 的 JSON Schema,POST,/basicOpen/openapi/publish/manage/getProductType,刊登管理-获取指定 productType 的 JSON Schema,1,是,否,否,无,,是,否,,,全量 / 人工确认,2,"marketplaceId, productTypeOrigin",14,"code, data, error_details, message, request_id, response_time, total",销售 / 刊登管理 / 获取指定 productType 的 JSON Schema,"产品, 销售",/docs/Sale/PublishManageGetProductType.md,,lingxing-walmart(2).zip,normalized/interfaces.csv,false
LX-074FA24909F1,OFFICIAL_VERIFIED,销售,刊登管理,,刊登管理-获取运费模板,POST,/basicOpen/openapi/publish/manage/getMerchantShippingGroup,刊登管理-获取运费模板,1,是,否,否,无,,是,否,,,全量 / 人工确认,4,"flag, marketplaceId, productType, sellerId",9,"code, data, error_details, message, request_id, response_time, total",销售 / 刊登管理 / 获取运费模板,销售,/docs/Sale/GetMerchantShippingGroup.md,,lingxing-walmart(2).zip,normalized/interfaces.csv,false
LX-7D621DDB5AD5,OFFICIAL_VERIFIED,销售,平台订单,,SC订单-设置订单备注,POST,/basicOpen/platformOrder/scOrder/setRemark,SC订单-设置订单备注,1,否,是,是,无,,否,否,,,全量 / 人工确认,3,"amazonOrderId, remark, sid",6,"code, data, error_details, message, request_id, response_time",销售 / 平台订单 / 更新订单备注,销售,/docs/Sale/ScOrderSetRemark.md,,lingxing-walmart(2).zip,normalized/interfaces.csv,false
LX-EFB08467128D,OFFICIAL_VERIFIED,销售,平台订单,,多渠道订单-交易明细,POST,/basicOpen/openapi/salesOrder/multi-channel/list/transaction,支持查询【销售】>【SC订单】>【多渠道订单】交易明细数据,1,否,否,否,无,,是,否,,,全量 / 人工确认,2,"amazonOrderId, sid",23,"code, data, error_details, message, request_id, response_time, total",销售 / 平台订单 / 查询多渠道订单-交易明细,销售,/docs/Sale/MutilChannelTransactionDetail.md,,lingxing-walmart(2).zip,normalized/interfaces.csv,false
LX-8FB1CC9572F0,OFFICIAL_VERIFIED,销售,自发货管理,,导入面单,POST,/basicOpen/selfShipmentOrder/importLabel,支持自发货订单导入面单,1,否,否,否,无,,否,否,,,全量 / 人工确认,5,"base64File, fileName, trackingNo, waybillNo, woId",6,"code, data, error_details, message, request_id, response_time",销售 / 自发货管理 / 导入面单,销售,/docs/Sale/UploadTracking.md,,lingxing-walmart(2).zip,normalized/interfaces.csv,false
